Vendor Categories,,,,
"Law office of Julie Frances, P.C.",,,,
All Dates,,,,

,Account name,Transaction date,Memo/Description,Full name
Brian Terry,,,,
,Cash-ATC-PC Operating Account,01/01/2022,,Cash-ATC-PC Operating Account
,Cash-ATC-PC Operating Account,01/01/2022,,Due to Client
,Cash-ATC-PC Operating Account,01/01/2022,,Cash-ATC-PC Escrow Account
,Cash-ATC-PC Operating Account,01/01/2022,,Undeposited Funds-1
,Cash-ATC-PC Operating Account,02/02/2022,,Cash-ATC-PC Operating Account
,Cash-ATC-PC Operating Account,02/02/2022,,Undeposited Funds-1
,Cash-ATC-PC Operating Account,03/03/2022,,Cash-ATC-PC Operating Account
,Cash-ATC-PC Operating Account,03/03/2022,,Undeposited Funds-1
,Cash-ATC-PC Operating Account,05/20/2022,,Cash-ATC-PC Operating Account
,Cash-ATC-PC Operating Account,05/20/2022,,Undeposited Funds-1
,Cash-ATC-PC Operating Account,06/19/2022,,Cash-ATC-PC Operating Account
,Cash-ATC-PC Operating Account,06/19/2022,,Undeposited Funds-1
,Cash-ATC-PC Operating Account,09/13/2022,,Cash-ATC-PC Operating Account
,Cash-ATC-PC Operating Account,09/13/2022,,Undeposited Funds-1
,Cash-ATC-PC Operating Account,10/21/2022,,Cash-ATC-PC Operating Account
,Cash-ATC-PC Operating Account,10/21/2022,,Undeposited Funds-1
,Cash-ATC-PC Operating Account,11/27/2022,,Cash-ATC-PC Operating Account
,Cash-ATC-PC Operating Account,11/27/2022,,Undeposited Funds-1
,Cash-ATC-PC Operating Account,03/10/2023,,Cash-ATC-PC Operating Account
,Cash-ATC-PC Operating Account,03/10/2023,,Accounts Receivable
,Cash-ATC-PC Operating Account,04/02/2023,,Cash-ATC-PC Operating Account
,Cash-ATC-PC Operating Account,04/02/2023,,Accounts Receivable
,Cash-ATC-PC Operating Account,04/06/2023,MyCase/WEB PMTS The Law Office of Juli,Cash-ATC-PC Operating Account
,Cash-ATC-PC Operating Account,04/06/2023,MyCase/WEB PMTS The Law Office of Juli,Prepaid Client expenses
,Cash-ATC-PC Operating Account,05/09/2023,,Cash-ATC-PC Operating Account
,Cash-ATC-PC Operating Account,05/09/2023,,Accounts Receivable
,Cash-ATC-PC Operating Account,05/11/2023,MyCase/WEB PMTS The Law Office of Juli,Cash-ATC-PC Operating Account
,Cash-ATC-PC Operating Account,05/11/2023,MyCase/WEB PMTS The Law Office of Juli,Prepaid Client expenses
,Cash-ATC-PC Operating Account,06/12/2023,,Cash-ATC-PC Operating Account
,Cash-ATC-PC Operating Account,06/12/2023,,Accounts Receivable
,Cash-ATC-PC Operating Account,06/14/2023,MyCase/WEB PMTS The Law Office of Juli,Cash-ATC-PC Operating Account
,Cash-ATC-PC Operating Account,06/14/2023,MyCase/WEB PMTS The Law Office of Juli,Prepaid Client expenses
,Cash-ATC-PC Operating Account,01/19/2024,,Cash-ATC-PC Operating Account
,Cash-ATC-PC Operating Account,01/19/2024,,Accounts Receivable
,Cash-ATC-PC Operating Account,02/14/2024,Deposit,Cash-ATC-PC Operating Account
,Cash-ATC-PC Operating Account,02/14/2024,Deposit,Legal Fee Income
,Cash-ATC-PC Operating Account,03/18/2024,Deposit,Cash-ATC-PC Operating Account
,Cash-ATC-PC Operating Account,03/18/2024,Deposit,Legal Fee Income
,Cash-ATC-PC Operating Account,04/11/2024,Deposit,Cash-ATC-PC Operating Account
,Cash-ATC-PC Operating Account,04/11/2024,Deposit,Legal Fee Income
,Cash-ATC-PC Operating Account,06/17/2024,Deposit,Cash-ATC-PC Operating Account
,Cash-ATC-PC Operating Account,06/17/2024,Deposit,Legal Fee Income
,Cash-ATC-PC Operating Account,07/29/2024,,Cash-ATC-PC Operating Account
,Cash-ATC-PC Operating Account,07/29/2024,,Accounts receivable (A/R)
,Cash-ATC-PC Operating Account,09/20/2024,Deposit,Cash-ATC-PC Operating Account
,Cash-ATC-PC Operating Account,09/20/2024,Deposit,Legal Fee Income
,Cash-ATC-PC Operating Account,11/12/2024,Deposit,Cash-ATC-PC Operating Account
,Cash-ATC-PC Operating Account,11/12/2024,Deposit,Legal Fee Income
,Cash-ATC-PC Operating Account,12/02/2024,Deposit,Cash-ATC-PC Operating Account
,Cash-ATC-PC Operating Account,12/02/2024,Deposit,Legal Fee Income
,,,,
,Cash-ATC-PC Operating Account,01/01/2022,,Cash-ATC-PC Operating Account
,Cash-ATC-PC Operating Account,01/01/2022,,Opening Balance Equity
,Cash-ATC-PC Operating Account,01/01/2022,,Opening Balance Equity
,Cash-ATC-PC Operating Account,01/01/2022,,Cash-ATC-PC Operating Account
,Cash-ATC-PC Operating Account,01/01/2022,,Cash-ATC-PC Operating Account
,Cash-ATC-PC Operating Account,01/01/2022,,Due to Client
,Cash-ATC-PC Operating Account,01/01/2022,,Sales
,Cash-ATC-PC Operating Account,01/01/2022,,Due to Client
,Cash-ATC-PC Operating Account,01/05/2022,,Cash-ATC-PC Operating Account
,Cash-ATC-PC Operating Account,01/05/2022,,Shareholder Distribution
,Cash-ATC-PC Operating Account,01/05/2022,MyCase/WEB PMTS The Law Office of Juli,Cash-ATC-PC Operating Account
,Cash-ATC-PC Operating Account,01/05/2022,MyCase/WEB PMTS The Law Office of Juli,Prepaid Client expenses
,Cash-ATC-PC Operating Account,01/10/2022,AUTOPAY PAYMENT - THANK YOU XXXX-XXXXXX-43002 - JULIE M FRANCES,Cash-ATC-PC Operating Account
,Cash-ATC-PC Operating Account,01/10/2022,AUTOPAY PAYMENT - THANK YOU XXXX-XXXXXX-43002 - JULIE M FRANCES,American Express
,Cash-ATC-PC Operating Account,01/12/2022,,Cash-ATC-PC Operating Account
,Cash-ATC-PC Operating Account,01/12/2022,,Shareholder Distribution
,Cash-ATC-PC Operating Account,01/14/2022,,Cash-ATC-PC Operating Account
,Cash-ATC-PC Operating Account,01/14/2022,,Gideon
,Cash-ATC-PC Operating Account,01/18/2022,Transfer To DD 5283165 Nedwick household bills,Cash-ATC-PC Operating Account
,Cash-ATC-PC Operating Account,01/18/2022,Transfer To DD 5283165 Nedwick household bills,Shareholder Distribution
,Cash-ATC-PC Operating Account,01/18/2022,"Transfer To DD 5760727 KJH payroll- I'm sure this is another advance, however there aren't any other 709.89 payments that haven't been accounted for",Cash-ATC-PC Operating Account
,Cash-ATC-PC Operating Account,01/18/2022,"Transfer To DD 5760727 KJH payroll- I'm sure this is another advance, however there aren't any other 709.89 payments that haven't been accounted for",KJH Loan
,Cash-ATC-PC Operating Account,01/24/2022,Transfer To DD 5283165 Nedwick Family bills,Cash-ATC-PC Operating Account
,Cash-ATC-PC Operating Account,01/24/2022,Transfer To DD 5283165 Nedwick Family bills,Shareholder Distribution
,Cash-ATC-PC Operating Account,01/28/2022,WBMASONCOMPANY/OFFICEPROD NOREAL *NAME,Cash-ATC-PC Operating Account
,Cash-ATC-PC Operating Account,01/28/2022,WBMASONCOMPANY/OFFICEPROD NOREAL *NAME,Office Supplies
,Cash-ATC-PC Operating Account,02/01/2022,NYS DTF WT/Tax Paymnt W24926018400,Cash-ATC-PC Operating Account
,Cash-ATC-PC Operating Account,02/01/2022,NYS DTF WT/Tax Paymnt W24926018400,Payroll Liabilities
,Cash-ATC-PC Operating Account,02/01/2022,NYS DOL UI/Tax Paymnt U24926018400,Cash-ATC-PC Operating Account
,Cash-ATC-PC Operating Account,02/01/2022,NYS DOL UI/Tax Paymnt U24926018400,Payroll Liabilities
,Cash-ATC-PC Operating Account,02/03/2022,MOBILE PAYMENT - THANK YOU XXXX-XXXXXX-43002 - JULIE M FRANCES,Cash-ATC-PC Operating Account
,Cash-ATC-PC Operating Account,02/03/2022,MOBILE PAYMENT - THANK YOU XXXX-XXXXXX-43002 - JULIE M FRANCES,American Express
,Cash-ATC-PC Operating Account,02/04/2022,Transfer To DD 100002666,Cash-ATC-PC Operating Account
,Cash-ATC-PC Operating Account,02/04/2022,Transfer To DD 100002666,ADK Retainer Account
,Cash-ATC-PC Operating Account,02/04/2022,,Cash-ATC-PC Operating Account
,Cash-ATC-PC Operating Account,02/04/2022,,Due to Client
,Cash-ATC-PC Operating Account,02/04/2022,,ADK Retainer Account
,Cash-ATC-PC Operating Account,02/04/2022,,Undeposited Funds-1
,Cash-ATC-PC Operating Account,02/07/2022,Transfer To DD 5283165 Nedwick household bills,Cash-ATC-PC Operating Account
,Cash-ATC-PC Operating Account,02/07/2022,Transfer To DD 5283165 Nedwick household bills,Shareholder Distribution
,Cash-ATC-PC Operating Account,02/07/2022,Transfer To DD 5760727 KJH payroll,Cash-ATC-PC Operating Account
,Cash-ATC-PC Operating Account,02/07/2022,Transfer To DD 5760727 KJH payroll,KJH Loan
,Cash-ATC-PC Operating Account,02/10/2022,MyCase/WEB PMTS The Law Office of Juli,Cash-ATC-PC Operating Account
,Cash-ATC-PC Operating Account,02/10/2022,MyCase/WEB PMTS The Law Office of Juli,Prepaid Client expenses
,Cash-ATC-PC Operating Account,02/14/2022,Transfer To DD 5283165 Nedwick household bills,Cash-ATC-PC Operating Account
,Cash-ATC-PC Operating Account,02/14/2022,Transfer To DD 5283165 Nedwick household bills,Shareholder Distribution
,Cash-ATC-PC Operating Account,02/14/2022,MyCase/WEB PMTS The Law Office of Juli,Cash-ATC-PC Operating Account
,Cash-ATC-PC Operating Account,02/14/2022,MyCase/WEB PMTS The Law Office of Juli,Prepaid Client expenses
,Cash-ATC-PC Operating Account,02/17/2022,NEW YORK CENTRAL/EFT DEBIT JULIE M FRANCES,Cash-ATC-PC Operating Account
,Cash-ATC-PC Operating Account,02/17/2022,NEW YORK CENTRAL/EFT DEBIT JULIE M FRANCES,Insurance Expense
,Cash-ATC-PC Operating Account,02/22/2022,Transfer To DD 5283165,Cash-ATC-PC Operating Account
,Cash-ATC-PC Operating Account,02/22/2022,Transfer To DD 5283165,Shareholder Distribution
,Cash-ATC-PC Operating Account,02/24/2022,Transfer To DD 5283165,Cash-ATC-PC Operating Account
,Cash-ATC-PC Operating Account,02/24/2022,Transfer To DD 5283165,Shareholder Distribution
,Cash-ATC-PC Operating Account,02/28/2022,MyCase/WEB PMTS The Law Office of Juli,Cash-ATC-PC Operating Account
,Cash-ATC-PC Operating Account,02/28/2022,MyCase/WEB PMTS The Law Office of Juli,Prepaid Client expenses
,Cash-ATC-PC Operating Account,03/03/2022,POS Purchase Non-PIN MANGINO BUICK GMC BALLSTON SPA NY 032699 *****9214 03/02 13:56,Cash-ATC-PC Operating Account
,Cash-ATC-PC Operating Account,03/03/2022,POS Purchase Non-PIN MANGINO BUICK GMC BALLSTON SPA NY 032699 *****9214 03/02 13:56,Vehicle Expense
,Cash-ATC-PC Operating Account,03/04/2022,POS Purchase Non-PIN HOFFMAN CARWASH H10 SARATOGA SPRI NY 339519 *****9214 03/02 23:55,Cash-ATC-PC Operating Account
,Cash-ATC-PC Operating Account,03/04/2022,POS Purchase Non-PIN HOFFMAN CARWASH H10 SARATOGA SPRI NY 339519 *****9214 03/02 23:55,Vehicle Expense
,Cash-ATC-PC Operating Account,03/08/2022,,Cash-ATC-PC Operating Account
,Cash-ATC-PC Operating Account,03/08/2022,"There is  no ""Deneger"" in my case, is this actually something personal for Julie? Or real estate?",Due to Client
,Cash-ATC-PC Operating Account,03/08/2022,,ADK Retainer Account
,Cash-ATC-PC Operating Account,03/08/2022,,Undeposited Funds-1
,Cash-ATC-PC Operating Account,03/09/2022,MOBILE PAYMENT - THANK YOU XXXX-XXXXXX-43002 - JULIE M FRANCES,Cash-ATC-PC Operating Account
,Cash-ATC-PC Operating Account,03/09/2022,MOBILE PAYMENT - THANK YOU XXXX-XXXXXX-43002 - JULIE M FRANCES,American Express
,Cash-ATC-PC Operating Account,03/14/2022,Transfer To DD 5283165 Nedwick family bills,Cash-ATC-PC Operating Account
,Cash-ATC-PC Operating Account,03/14/2022,Transfer To DD 5283165 Nedwick family bills,Shareholder Distribution
,Cash-ATC-PC Operating Account,03/14/2022,Transfer To DD 5283165 Nedwick bills,Cash-ATC-PC Operating Account
,Cash-ATC-PC Operating Account,03/14/2022,Transfer To DD 5283165 Nedwick bills,Shareholder Distribution
,Cash-ATC-PC Operating Account,03/14/2022,Deposit- Foreclosure???? - ASK KJH,Cash-ATC-PC Operating Account
,Cash-ATC-PC Operating Account,03/14/2022,Deposit- Foreclosure???? - ASK KJH,Sales
,Cash-ATC-PC Operating Account,03/15/2022,NYS DTF CT/Tax Paymnt CL2200423957,Cash-ATC-PC Operating Account
,Cash-ATC-PC Operating Account,03/15/2022,NYS DTF CT/Tax Paymnt CL2200423957,Taxes-Corp
,Cash-ATC-PC Operating Account,03/15/2022,MyCase/WEB PMTS The Law Office of Juli,Cash-ATC-PC Operating Account
,Cash-ATC-PC Operating Account,03/15/2022,MyCase/WEB PMTS The Law Office of Juli,Prepaid Client expenses
,Cash-ATC-PC Operating Account,03/16/2022,,Cash-ATC-PC Operating Account
,Cash-ATC-PC Operating Account,03/16/2022,Cash,Shareholder Distribution
,Cash-ATC-PC Operating Account,03/17/2022,NEW YORK CENTRAL/EFT DEBIT JULIE M FRANCES,Cash-ATC-PC Operating Account
,Cash-ATC-PC Operating Account,03/17/2022,NEW YORK CENTRAL/EFT DEBIT JULIE M FRANCES,Insurance Expense
,Cash-ATC-PC Operating Account,03/21/2022,Transfer To DD 5760727 KJH payroll,Cash-ATC-PC Operating Account
,Cash-ATC-PC Operating Account,03/21/2022,Transfer To DD 5760727 KJH payroll,KJH Loan
,Cash-ATC-PC Operating Account,03/25/2022,Transfer To DD 5283165,Cash-ATC-PC Operating Account
,Cash-ATC-PC Operating Account,03/25/2022,Transfer To DD 5283165,Shareholder Distribution
,Cash-ATC-PC Operating Account,03/25/2022,Transfer To DD 5283165,Cash-ATC-PC Operating Account
,Cash-ATC-PC Operating Account,03/25/2022,Transfer To DD 5283165,Shareholder Distribution
,Cash-ATC-PC Operating Account,03/29/2022,Transfer To DD 5760727 payroll advance,Cash-ATC-PC Operating Account
,Cash-ATC-PC Operating Account,03/29/2022,Transfer To DD 5760727,KJH Loan
,Cash-ATC-PC Operating Account,04/01/2022,MyCase/WEB PMTS The Law Office of Juli,Cash-ATC-PC Operating Account
,Cash-ATC-PC Operating Account,04/01/2022,MyCase/WEB PMTS The Law Office of Juli,Prepaid Client expenses
,Cash-ATC-PC Operating Account,04/01/2022,,Cash-ATC-PC Operating Account
,Cash-ATC-PC Operating Account,04/01/2022,Real estate 22-QUICK-126444 Creten,Sales
,Cash-ATC-PC Operating Account,04/04/2022,,Cash-ATC-PC Operating Account
,Cash-ATC-PC Operating Account,04/04/2022,Cash,Shareholder Distribution
,Cash-ATC-PC Operating Account,04/10/2022,AUTOPAY PAYMENT - THANK YOU XXXX-XXXXXX-43002 - JULIE M FRANCES,Cash-ATC-PC Operating Account
,Cash-ATC-PC Operating Account,04/10/2022,AUTOPAY PAYMENT - THANK YOU XXXX-XXXXXX-43002 - JULIE M FRANCES,American Express
,Cash-ATC-PC Operating Account,04/14/2022,Transfer To DD 5283165,Cash-ATC-PC Operating Account
,Cash-ATC-PC Operating Account,04/14/2022,Transfer To DD 5283165,Shareholder Distribution
,Cash-ATC-PC Operating Account,04/15/2022,Gideon,Cash-ATC-PC Operating Account
,Cash-ATC-PC Operating Account,04/15/2022,Gideon,Gideon
,Cash-ATC-PC Operating Account,04/15/2022,Terry - earned income,Cash-ATC-PC Operating Account
,Cash-ATC-PC Operating Account,04/15/2022,Terry - earned income,Sales
,Cash-ATC-PC Operating Account,04/19/2022,POS Purchase Non-PIN NYS DIV OF LICENSING 518-4744429 NY 274332 *****9214 04/18 04:25,Cash-ATC-PC Operating Account
,Cash-ATC-PC Operating Account,04/19/2022,POS Purchase Non-PIN NYS DIV OF LICENSING 518-4744429 NY 274332 *****9214 04/18 04:25,Fees & Licenses
,Cash-ATC-PC Operating Account,04/19/2022,NEW YORK CENTRAL/EFT DEBIT JULIE M FRANCES,Cash-ATC-PC Operating Account
,Cash-ATC-PC Operating Account,04/19/2022,NEW YORK CENTRAL/EFT DEBIT JULIE M FRANCES,Insurance Expense
,Cash-ATC-PC Operating Account,04/20/2022,MOBILE PAYMENT - THANK YOU XXXX-XXXXXX-43002 - JULIE M FRANCES,Cash-ATC-PC Operating Account
,Cash-ATC-PC Operating Account,04/20/2022,MOBILE PAYMENT - THANK YOU XXXX-XXXXXX-43002 - JULIE M FRANCES,American Express
,Cash-ATC-PC Operating Account,04/26/2022,MyCase/WEB PMTS The Law Office of Juli,Cash-ATC-PC Operating Account
,Cash-ATC-PC Operating Account,04/26/2022,MyCase/WEB PMTS The Law Office of Juli,Prepaid Client expenses
,Cash-ATC-PC Operating Account,05/02/2022,POS Purchase Non-PIN HOFFMAN CARWASH H10 SARATOGA SPRI NY 339519 *****9214 04/29 23:40,Cash-ATC-PC Operating Account
,Cash-ATC-PC Operating Account,05/02/2022,POS Purchase Non-PIN HOFFMAN CARWASH H10 SARATOGA SPRI NY 339519 *****9214 04/29 23:40,Vehicle Expense
,Cash-ATC-PC Operating Account,05/02/2022,POS Purchase Non-PIN MINOGUES BEVERAGE CENTE SARATOGA SPRI NY 227737 *****9214 05/01 12:40,Cash-ATC-PC Operating Account
,Cash-ATC-PC Operating Account,05/02/2022,POS Purchase Non-PIN MINOGUES BEVERAGE CENTE SARATOGA SPRI NY 227737 *****9214 05/01 12:40,Meals and Entertainment
,Cash-ATC-PC Operating Account,05/02/2022,POS Purchase Non-PIN SIMPLEE WINE AND SPIRIT GANSVOORT NY 761983 *****9214 04/30 19:18,Cash-ATC-PC Operating Account
,Cash-ATC-PC Operating Account,05/02/2022,POS Purchase Non-PIN SIMPLEE WINE AND SPIRIT GANSVOORT NY 761983 *****9214 04/30 19:18,Meals and Entertainment
,Cash-ATC-PC Operating Account,05/02/2022,POS Purchase Non-PIN MINOGUES BEVERAGE CENTE SARATOGA SPRI NY 284656 *****9214 04/29 13:03,Cash-ATC-PC Operating Account
,Cash-ATC-PC Operating Account,05/02/2022,POS Purchase Non-PIN MINOGUES BEVERAGE CENTE SARATOGA SPRI NY 284656 *****9214 04/29 13:03,Meals and Entertainment
,Cash-ATC-PC Operating Account,05/02/2022,POS Purchase Non-PIN SIMPLEE WINE AND SPIRIT GANSVOORT NY 761983 *****9214 04/29 10:23,Cash-ATC-PC Operating Account
,Cash-ATC-PC Operating Account,05/02/2022,POS Purchase Non-PIN SIMPLEE WINE AND SPIRIT GANSVOORT NY 761983 *****9214 04/29 10:23,Meals and Entertainment
,Cash-ATC-PC Operating Account,05/02/2022,POS Purchase Non-PIN STEWARTS SHOP 246 GANSEVOORT NY 184501 *****9214 04/30 00:50,Cash-ATC-PC Operating Account
,Cash-ATC-PC Operating Account,05/02/2022,POS Purchase Non-PIN STEWARTS SHOP 246 GANSEVOORT NY 184501 *****9214 04/30 00:50,Travel Expense
,Cash-ATC-PC Operating Account,05/02/2022,POS Purchase Non-PIN STEWARTS SHOP 246 GANSEVOORT NY 184501 *****9214 04/30 00:50,Cash-ATC-PC Operating Account
,Cash-ATC-PC Operating Account,05/02/2022,POS Purchase Non-PIN STEWARTS SHOP 246 GANSEVOORT NY 184501 *****9214 04/30 00:50,Travel Expense
,Cash-ATC-PC Operating Account,05/02/2022,POS Purchase Non-PIN STEWARTS SHOP 208 SARATOGA SPRI NY 164911 *****9214 04/30 07:44,Cash-ATC-PC Operating Account
,Cash-ATC-PC Operating Account,05/02/2022,POS Purchase Non-PIN STEWARTS SHOP 208 SARATOGA SPRI NY 164911 *****9214 04/30 07:44,Travel Expense
,Cash-ATC-PC Operating Account,05/02/2022,MyCase/WEB PMTS The Law Office of Juli,Cash-ATC-PC Operating Account
,Cash-ATC-PC Operating Account,05/02/2022,MyCase/WEB PMTS The Law Office of Juli,Prepaid Client expenses
,Cash-ATC-PC Operating Account,05/03/2022,POS Purchase Non-PIN MOBY RICK'S SEAFOOD INC SARATOGA SPRI NY 000026 *****9214 05/02 06:34,Cash-ATC-PC Operating Account
,Cash-ATC-PC Operating Account,05/03/2022,POS Purchase Non-PIN MOBY RICK'S SEAFOOD INC SARATOGA SPRI NY 000026 *****9214 05/02 06:34,Meals and Entertainment
,Cash-ATC-PC Operating Account,05/03/2022,POS Purchase Non-PIN PURDYS DISCOUNT WINES & SARATOGA SPRI NY 029383 *****9214 05/02 21:40,Cash-ATC-PC Operating Account
,Cash-ATC-PC Operating Account,05/03/2022,POS Purchase Non-PIN PURDYS DISCOUNT WINES & SARATOGA SPRI NY 029383 *****9214 05/02 21:40,Meals and Entertainment
,Cash-ATC-PC Operating Account,05/03/2022,POS Purchase Non-PIN HARRIS BAY YACHT CLUB CLEVERDALE NY 426392 *****9214 05/01 15:30,Cash-ATC-PC Operating Account
,Cash-ATC-PC Operating Account,05/03/2022,POS Purchase Non-PIN HARRIS BAY YACHT CLUB CLEVERDALE NY 426392 *****9214 05/01 15:30,Shareholder Distribution
,Cash-ATC-PC Operating Account,05/03/2022,POS Purchase Non-PIN STEWARTS SHOP 246 GANSEVOORT NY 634093 *****9214 05/02 06:43,Cash-ATC-PC Operating Account
,Cash-ATC-PC Operating Account,05/03/2022,POS Purchase Non-PIN STEWARTS SHOP 246 GANSEVOORT NY 634093 *****9214 05/02 06:43,Travel Expense
,Cash-ATC-PC Operating Account,05/03/2022,NYS DTF WT/Tax Paymnt W24926122949,Cash-ATC-PC Operating Account
,Cash-ATC-PC Operating Account,05/03/2022,NYS DTF WT/Tax Paymnt W24926122949,Payroll Liabilities
,Cash-ATC-PC Operating Account,05/03/2022,NYS DOL UI/Tax Paymnt U24926122949,Cash-ATC-PC Operating Account
,Cash-ATC-PC Operating Account,05/03/2022,NYS DOL UI/Tax Paymnt U24926122949,Payroll Liabilities
,Cash-ATC-PC Operating Account,05/04/2022,POS Purchase Non-PIN MANGINO BUICK GMC BALLSTON SPA NY 032699 *****9214 04/29 14:35,Cash-ATC-PC Operating Account
,Cash-ATC-PC Operating Account,05/04/2022,POS Purchase Non-PIN MANGINO BUICK GMC BALLSTON SPA NY 032699 *****9214 04/29 14:35,Vehicle Expense
,Cash-ATC-PC Operating Account,05/04/2022,POS Purchase Non-PIN STEWARTS SHOP 246 GANSEVOORT NY 636279 *****9214 05/03 01:48,Cash-ATC-PC Operating Account
,Cash-ATC-PC Operating Account,05/04/2022,POS Purchase Non-PIN STEWARTS SHOP 246 GANSEVOORT NY 636279 *****9214 05/03 01:48,Travel Expense
,Cash-ATC-PC Operating Account,05/09/2022,Transfer To DD 5283165,Cash-ATC-PC Operating Account
,Cash-ATC-PC Operating Account,05/09/2022,Transfer To DD 5283165,Shareholder Distribution
,Cash-ATC-PC Operating Account,05/10/2022,subscription,Cash-ATC-PC Operating Account
,Cash-ATC-PC Operating Account,05/10/2022,subscription,Dues and Subscriptions
,Cash-ATC-PC Operating Account,05/10/2022,CPA,Cash-ATC-PC Operating Account
,Cash-ATC-PC Operating Account,05/10/2022,CPA,Professional Fees
,Cash-ATC-PC Operating Account,05/10/2022,MOBILE PAYMENT - THANK YOU XXXX-XXXXXX-43002 - JULIE M FRANCES,Cash-ATC-PC Operating Account
,Cash-ATC-PC Operating Account,05/10/2022,MOBILE PAYMENT - THANK YOU XXXX-XXXXXX-43002 - JULIE M FRANCES,American Express
,Cash-ATC-PC Operating Account,05/18/2022,NEW YORK CENTRAL/EFT DEBIT JULIE M FRANCES,Cash-ATC-PC Operating Account
,Cash-ATC-PC Operating Account,05/18/2022,NEW YORK CENTRAL/EFT DEBIT JULIE M FRANCES,Insurance Expense
,Cash-ATC-PC Operating Account,05/23/2022,Transfer To DD 5283165 Nedwick household bills,Cash-ATC-PC Operating Account
,Cash-ATC-PC Operating Account,05/23/2022,Transfer To DD 5283165 Nedwick household bills,Shareholder Distribution
,Cash-ATC-PC Operating Account,05/23/2022,Thompson Reuters,Cash-ATC-PC Operating Account
,Cash-ATC-PC Operating Account,05/23/2022,Thompson Reuters,Dues and Subscriptions
,Cash-ATC-PC Operating Account,05/23/2022,POS Purchase Non-PIN SARATOGA SURROG FEE EF 216-6895268 OH 436124 *****9214 05/20 03:20,Cash-ATC-PC Operating Account
,Cash-ATC-PC Operating Account,05/23/2022,POS Purchase Non-PIN SARATOGA SURROG FEE EF 216-6895268 OH 436124 *****9214 05/20 03:20,Fees & Licenses
,Cash-ATC-PC Operating Account,05/23/2022,POS Purchase Non-PIN SARATOGA SURROG EF 518-4518830 NY 435472 *****9214 05/20 03:20,Cash-ATC-PC Operating Account
,Cash-ATC-PC Operating Account,05/23/2022,POS Purchase Non-PIN SARATOGA SURROG EF 518-4518830 NY 435472 *****9214 05/20 03:20,Fees & Licenses
,Cash-ATC-PC Operating Account,05/25/2022,MyCase/WEB PMTS The Law Office of Juli,Cash-ATC-PC Operating Account
,Cash-ATC-PC Operating Account,05/25/2022,MyCase/WEB PMTS The Law Office of Juli,Prepaid Client expenses
,Cash-ATC-PC Operating Account,05/26/2022,,Cash-ATC-PC Operating Account
,Cash-ATC-PC Operating Account,05/26/2022,Zuppa,Sales
,Cash-ATC-PC Operating Account,05/31/2022,MyCase/WEB PMTS The Law Office of Juli,Cash-ATC-PC Operating Account
,Cash-ATC-PC Operating Account,05/31/2022,MyCase/WEB PMTS The Law Office of Juli,Prepaid Client expenses
,Cash-ATC-PC Operating Account,06/05/2022,MOBILE PAYMENT - THANK YOU XXXX-XXXXXX-43002 - JULIE M FRANCES,Cash-ATC-PC Operating Account
,Cash-ATC-PC Operating Account,06/05/2022,MOBILE PAYMENT - THANK YOU XXXX-XXXXXX-43002 - JULIE M FRANCES,American Express
,Cash-ATC-PC Operating Account,06/08/2022,Transfer To DD 5283165 household bills,Cash-ATC-PC Operating Account
,Cash-ATC-PC Operating Account,06/08/2022,Transfer To DD 5283165 household bills,Shareholder Distribution
,Cash-ATC-PC Operating Account,06/10/2022,Transfer To DD 5283165 household bills,Cash-ATC-PC Operating Account
,Cash-ATC-PC Operating Account,06/10/2022,Transfer To DD 5283165 household bills,Shareholder Distribution
,Cash-ATC-PC Operating Account,06/10/2022,MyCase/WEB PMTS The Law Office of Juli,Cash-ATC-PC Operating Account
,Cash-ATC-PC Operating Account,06/10/2022,MyCase/WEB PMTS The Law Office of Juli,Prepaid Client expenses
,Cash-ATC-PC Operating Account,06/12/2022,MOBILE PAYMENT - THANK YOU XXXX-XXXXXX-43002 - JULIE M FRANCES,Cash-ATC-PC Operating Account
,Cash-ATC-PC Operating Account,06/12/2022,MOBILE PAYMENT - THANK YOU XXXX-XXXXXX-43002 - JULIE M FRANCES,American Express
,Cash-ATC-PC Operating Account,06/13/2022,Transfer To DD 5283165 Nedwick bills,Cash-ATC-PC Operating Account
,Cash-ATC-PC Operating Account,06/13/2022,Transfer To DD 5283165 Nedwick bills,Shareholder Distribution
,Cash-ATC-PC Operating Account,06/14/2022,MyCase/WEB PMTS The Law Office of Juli,Cash-ATC-PC Operating Account
,Cash-ATC-PC Operating Account,06/14/2022,MyCase/WEB PMTS The Law Office of Juli,Prepaid Client expenses
,Cash-ATC-PC Operating Account,06/17/2022,NEW YORK CENTRAL/EFT DEBIT JULIE M FRANCES,Cash-ATC-PC Operating Account
,Cash-ATC-PC Operating Account,06/17/2022,NEW YORK CENTRAL/EFT DEBIT JULIE M FRANCES,Insurance Expense
,Cash-ATC-PC Operating Account,06/21/2022,,Cash-ATC-PC Operating Account
,Cash-ATC-PC Operating Account,06/21/2022,MyCase Payment,Undeposited Funds-1
,Cash-ATC-PC Operating Account,06/21/2022,,Undeposited Funds-1
,Cash-ATC-PC Operating Account,06/23/2022,MyCase/WEB PMTS The Law Office of Juli,Cash-ATC-PC Operating Account
,Cash-ATC-PC Operating Account,06/23/2022,MyCase/WEB PMTS The Law Office of Juli,Prepaid Client expenses
,Cash-ATC-PC Operating Account,06/27/2022,Transfer To DD 5283165,Cash-ATC-PC Operating Account
,Cash-ATC-PC Operating Account,06/27/2022,Transfer To DD 5283165,Shareholder Distribution
,Cash-ATC-PC Operating Account,06/29/2022,Transfer To DD 5760727 06-28-22 KJH payroll advance,Cash-ATC-PC Operating Account
,Cash-ATC-PC Operating Account,06/29/2022,Transfer To DD 5760727 06-28-22 KJH,KJH Loan
,Cash-ATC-PC Operating Account,07/01/2022,Transfer To DD 5283165 Nedwick family bills,Cash-ATC-PC Operating Account
,Cash-ATC-PC Operating Account,07/01/2022,Transfer To DD 5283165 Nedwick family bills,Shareholder Distribution
,Cash-ATC-PC Operating Account,07/01/2022,MOBILE PAYMENT - THANK YOU XXXX-XXXXXX-43002 - JULIE M FRANCES,Cash-ATC-PC Operating Account
,Cash-ATC-PC Operating Account,07/01/2022,MOBILE PAYMENT - THANK YOU XXXX-XXXXXX-43002 - JULIE M FRANCES,American Express
,Cash-ATC-PC Operating Account,07/05/2022,MyCase/WEB PMTS The Law Office of Juli,Cash-ATC-PC Operating Account
,Cash-ATC-PC Operating Account,07/05/2022,MyCase/WEB PMTS The Law Office of Juli,Prepaid Client expenses
,Cash-ATC-PC Operating Account,07/17/2022,MOBILE PAYMENT - THANK YOU XXXX-XXXXXX-43002 - JULIE M FRANCES,Cash-ATC-PC Operating Account
,Cash-ATC-PC Operating Account,07/17/2022,MOBILE PAYMENT - THANK YOU XXXX-XXXXXX-43002 - JULIE M FRANCES,American Express
,Cash-ATC-PC Operating Account,07/20/2022,,Cash-ATC-PC Operating Account
,Cash-ATC-PC Operating Account,07/20/2022,,Shareholder Distribution
,Cash-ATC-PC Operating Account,07/25/2022,Transfer To DD 5283165 Nedwick Family bills,Cash-ATC-PC Operating Account
,Cash-ATC-PC Operating Account,07/25/2022,Transfer To DD 5283165 Nedwick Family bills,Shareholder Distribution
,Cash-ATC-PC Operating Account,08/02/2022,NYS DTF WT/Tax Paymnt W24926236810,Cash-ATC-PC Operating Account
,Cash-ATC-PC Operating Account,08/02/2022,NYS DTF WT/Tax Paymnt W24926236810,Payroll Liabilities
,Cash-ATC-PC Operating Account,08/02/2022,NYS DOL UI/Tax Paymnt U24926236810,Cash-ATC-PC Operating Account
,Cash-ATC-PC Operating Account,08/02/2022,NYS DOL UI/Tax Paymnt U24926236810,Payroll Liabilities
,Cash-ATC-PC Operating Account,08/08/2022,Transfer To DD 5283165 Nedwick Family Bills,Cash-ATC-PC Operating Account
,Cash-ATC-PC Operating Account,08/08/2022,Transfer To DD 5283165 Nedwick Family Bills,Shareholder Distribution
,Cash-ATC-PC Operating Account,08/10/2022,AUTOPAY PAYMENT - THANK YOU XXXX-XXXXXX-43002 - JULIE M FRANCES,Cash-ATC-PC Operating Account
,Cash-ATC-PC Operating Account,08/10/2022,AUTOPAY PAYMENT - THANK YOU XXXX-XXXXXX-43002 - JULIE M FRANCES,American Express
,Cash-ATC-PC Operating Account,08/11/2022,Transfer To DD 5283165 Nedwick household bills,Cash-ATC-PC Operating Account
,Cash-ATC-PC Operating Account,08/11/2022,Transfer To DD 5283165 Nedwick household bills,Shareholder Distribution
,Cash-ATC-PC Operating Account,08/15/2022,Transfer To DD 5283165 Nedwick Family bills,Cash-ATC-PC Operating Account
,Cash-ATC-PC Operating Account,08/15/2022,Transfer To DD 5283165 Nedwick Family bills,Shareholder Distribution
,Cash-ATC-PC Operating Account,08/15/2022,THE HARTFORD/713BIACHRE LAW OFFICE OF JULIE M,Cash-ATC-PC Operating Account
,Cash-ATC-PC Operating Account,08/15/2022,THE HARTFORD/713BIACHRE LAW OFFICE OF JULIE M,Insurance Expense
,Cash-ATC-PC Operating Account,08/17/2022,,Cash-ATC-PC Operating Account
,Cash-ATC-PC Operating Account,08/17/2022,Cash,Shareholder Distribution
,Cash-ATC-PC Operating Account,08/17/2022,,Cash-ATC-PC Operating Account
,Cash-ATC-PC Operating Account,08/17/2022,24 Pinehurst Ln.,Shareholder Distribution
,Cash-ATC-PC Operating Account,08/18/2022,Transfer To DD 5283165 Nedwick household bills,Cash-ATC-PC Operating Account
,Cash-ATC-PC Operating Account,08/18/2022,Transfer To DD 5283165 Nedwick household bills,Shareholder Distribution
,Cash-ATC-PC Operating Account,08/18/2022,NEW YORK CENTRAL/EFT DEBIT JULIE M FRANCES,Cash-ATC-PC Operating Account
,Cash-ATC-PC Operating Account,08/18/2022,NEW YORK CENTRAL/EFT DEBIT JULIE M FRANCES,Insurance Expense
,Cash-ATC-PC Operating Account,08/18/2022,Withdrawal,Cash-ATC-PC Operating Account
,Cash-ATC-PC Operating Account,08/18/2022,Withdrawal,Shareholder Distribution
,Cash-ATC-PC Operating Account,08/19/2022,Transfer To DD 5283165,Cash-ATC-PC Operating Account
,Cash-ATC-PC Operating Account,08/19/2022,Transfer To DD 5283165,Shareholder Distribution
,Cash-ATC-PC Operating Account,08/25/2022,MOBILE PAYMENT - THANK YOU XXXX-XXXXXX-43002 - JULIE M FRANCES,Cash-ATC-PC Operating Account
,Cash-ATC-PC Operating Account,08/25/2022,MOBILE PAYMENT - THANK YOU XXXX-XXXXXX-43002 - JULIE M FRANCES,American Express
,Cash-ATC-PC Operating Account,08/29/2022,,Cash-ATC-PC Operating Account
,Cash-ATC-PC Operating Account,08/29/2022,Political contribution,Shareholder Distribution
,Cash-ATC-PC Operating Account,09/01/2022,MyCase/WEB PMTS The Law Office of Juli,Cash-ATC-PC Operating Account
,Cash-ATC-PC Operating Account,09/01/2022,MyCase/WEB PMTS The Law Office of Juli,Prepaid Client expenses
,Cash-ATC-PC Operating Account,09/06/2022,Transfer To DD 5283165 JMF payroll,Cash-ATC-PC Operating Account
,Cash-ATC-PC Operating Account,09/06/2022,Transfer To DD 5283165 JMF payroll,Shareholder Distribution
,Cash-ATC-PC Operating Account,09/14/2022,Transfer To DD 5283165 14 Bennington mortgage,Cash-ATC-PC Operating Account
,Cash-ATC-PC Operating Account,09/14/2022,Transfer To DD 5283165 14 Bennington mortgage,Shareholder Distribution
,Cash-ATC-PC Operating Account,09/16/2022,MyCase/WEB PMTS The Law Office of Juli,Cash-ATC-PC Operating Account
,Cash-ATC-PC Operating Account,09/16/2022,MyCase/WEB PMTS The Law Office of Juli,Prepaid Client expenses
,Cash-ATC-PC Operating Account,09/20/2022,NEW YORK CENTRAL/EFT DEBIT JULIE M FRANCES,Cash-ATC-PC Operating Account
,Cash-ATC-PC Operating Account,09/20/2022,NEW YORK CENTRAL/EFT DEBIT JULIE M FRANCES,Insurance Expense
,Cash-ATC-PC Operating Account,09/20/2022,,Cash-ATC-PC Operating Account
,Cash-ATC-PC Operating Account,09/20/2022,,Undeposited Funds-1
,Cash-ATC-PC Operating Account,09/21/2022,Transfer To DD 5283165 43000,Cash-ATC-PC Operating Account
,Cash-ATC-PC Operating Account,09/21/2022,Transfer To DD 5283165 43000,Shareholder Distribution
,Cash-ATC-PC Operating Account,09/23/2022,Transfer To DD 5760727 July-Sept 2022- This is the account Kate's payroll gets transferred to,Cash-ATC-PC Operating Account
,Cash-ATC-PC Operating Account,09/23/2022,Transfer To DD 5760727 July-Sept 2022,KJH Loan
,Cash-ATC-PC Operating Account,09/26/2022,Transfer To DD 5283165,Cash-ATC-PC Operating Account
,Cash-ATC-PC Operating Account,09/26/2022,Transfer To DD 5283165,Shareholder Distribution
,Cash-ATC-PC Operating Account,09/26/2022,Deposit,Cash-ATC-PC Operating Account
,Cash-ATC-PC Operating Account,09/26/2022,Deposit,Sales
,Cash-ATC-PC Operating Account,09/27/2022,MyCase/WEB PMTS The Law Office of Juli,Cash-ATC-PC Operating Account
,Cash-ATC-PC Operating Account,09/27/2022,MyCase/WEB PMTS The Law Office of Juli,Prepaid Client expenses
,Cash-ATC-PC Operating Account,09/29/2022,MyCase/WEB PMTS The Law Office of Juli,Cash-ATC-PC Operating Account
,Cash-ATC-PC Operating Account,09/29/2022,MyCase/WEB PMTS The Law Office of Juli,Prepaid Client expenses
,Cash-ATC-PC Operating Account,10/03/2022,Transfer To DD 5283165 14 vent cleaning,Cash-ATC-PC Operating Account
,Cash-ATC-PC Operating Account,10/03/2022,Transfer To DD 5283165 14 vent cleaning,Shareholder Distribution
,Cash-ATC-PC Operating Account,10/05/2022,NYS DTF WT/Tax Paymnt W24920184740,Cash-ATC-PC Operating Account
,Cash-ATC-PC Operating Account,10/05/2022,NYS DTF WT/Tax Paymnt W24920184740,Payroll Liabilities
,Cash-ATC-PC Operating Account,10/05/2022,"Fidelis Care US/000000000 Julie M Frances, P.C.",Cash-ATC-PC Operating Account
,Cash-ATC-PC Operating Account,10/05/2022,"Fidelis Care US/000000000 Julie M Frances, P.C.",Insurance Expense
,Cash-ATC-PC Operating Account,10/10/2022,AUTOPAY PAYMENT - THANK YOU XXXX-XXXXXX-43002 - JULIE M FRANCES,Cash-ATC-PC Operating Account
,Cash-ATC-PC Operating Account,10/10/2022,AUTOPAY PAYMENT - THANK YOU XXXX-XXXXXX-43002 - JULIE M FRANCES,American Express
,Cash-ATC-PC Operating Account,10/11/2022,Transfer To DD 5283165,Cash-ATC-PC Operating Account
,Cash-ATC-PC Operating Account,10/11/2022,Transfer To DD 5283165,Shareholder Distribution
,Cash-ATC-PC Operating Account,10/12/2022,,Cash-ATC-PC Operating Account
,Cash-ATC-PC Operating Account,10/12/2022,"Written out to ""Pam"" as a thank you",Shareholder Distribution
,Cash-ATC-PC Operating Account,10/13/2022,Transfer To DD 5283165,Cash-ATC-PC Operating Account
,Cash-ATC-PC Operating Account,10/13/2022,Transfer To DD 5283165,Shareholder Distribution
,Cash-ATC-PC Operating Account,10/13/2022,Transfer To DD 6007803 erroneous transfer re Spratt closing,Cash-ATC-PC Operating Account
,Cash-ATC-PC Operating Account,10/13/2022,Transfer To DD 6007803 erroneous transfer re Spratt closing,Cash-ATC-PC Escrow Account
,Cash-ATC-PC Operating Account,10/17/2022,Transfer To DD 5283165,Cash-ATC-PC Operating Account
,Cash-ATC-PC Operating Account,10/17/2022,Transfer To DD 5283165,Shareholder Distribution
,Cash-ATC-PC Operating Account,10/18/2022,Transfer To DD 5760727 10/22- Kate's payroll account,Cash-ATC-PC Operating Account
,Cash-ATC-PC Operating Account,10/18/2022,Transfer To DD 5760727 10/22,KJH Loan
,Cash-ATC-PC Operating Account,10/20/2022,NEW YORK CENTRAL/EFT DEBIT JULIE M FRANCES,Cash-ATC-PC Operating Account
,Cash-ATC-PC Operating Account,10/20/2022,NEW YORK CENTRAL/EFT DEBIT JULIE M FRANCES,Insurance Expense
,Cash-ATC-PC Operating Account,10/20/2022,Transfer To DD 5283165 boys clothes,Cash-ATC-PC Operating Account
,Cash-ATC-PC Operating Account,10/20/2022,Transfer To DD 5283165 boys clothes,Shareholder Distribution
,Cash-ATC-PC Operating Account,10/24/2022,Transfer To DD 5283165,Cash-ATC-PC Operating Account
,Cash-ATC-PC Operating Account,10/24/2022,Transfer To DD 5283165,Shareholder Distribution
,Cash-ATC-PC Operating Account,10/27/2022,MyCase/WEB PMTS The Law Office of Juli,Cash-ATC-PC Operating Account
,Cash-ATC-PC Operating Account,10/27/2022,MyCase/WEB PMTS The Law Office of Juli,Prepaid Client expenses
,Cash-ATC-PC Operating Account,11/02/2022,Transfer To DD 5283165 Nedwick Family bills,Cash-ATC-PC Operating Account
,Cash-ATC-PC Operating Account,11/02/2022,Transfer To DD 5283165 Nedwick Family bills,Shareholder Distribution
,Cash-ATC-PC Operating Account,11/02/2022,New York Quality/Fidelis Ca ce of Julie M. Frances,Cash-ATC-PC Operating Account
,Cash-ATC-PC Operating Account,11/02/2022,New York Quality/Fidelis Ca ce of Julie M. Frances,Insurance Expense
,Cash-ATC-PC Operating Account,11/06/2022,MOBILE PAYMENT - THANK YOU XXXX-XXXXXX-43002 - JULIE M FRANCES,Cash-ATC-PC Operating Account
,Cash-ATC-PC Operating Account,11/06/2022,MOBILE PAYMENT - THANK YOU XXXX-XXXXXX-43002 - JULIE M FRANCES,American Express
,Cash-ATC-PC Operating Account,11/16/2022,MyCase/WEB PMTS The Law Office of Juli,Cash-ATC-PC Operating Account
,Cash-ATC-PC Operating Account,11/16/2022,MyCase/WEB PMTS The Law Office of Juli,Prepaid Client expenses
,Cash-ATC-PC Operating Account,11/18/2022,NEW YORK CENTRAL/EFT DEBIT JULIE M FRANCES,Cash-ATC-PC Operating Account
,Cash-ATC-PC Operating Account,11/18/2022,NEW YORK CENTRAL/EFT DEBIT JULIE M FRANCES,Insurance Expense
,Cash-ATC-PC Operating Account,11/21/2022,"POS Purchase Non-PIN THE ALPINE SPORT SHOP, SARATOGA SPRI NY 447537 *****9214 11/18 15:39",Cash-ATC-PC Operating Account
,Cash-ATC-PC Operating Account,11/21/2022,"POS Purchase Non-PIN THE ALPINE SPORT SHOP, SARATOGA SPRI NY 447537 *****9214 11/18 15:39",Shareholder Distribution
,Cash-ATC-PC Operating Account,11/21/2022,Transfer To DD 5760727- this is the account Kate's payroll gets transferred into I believe,Cash-ATC-PC Operating Account
,Cash-ATC-PC Operating Account,11/21/2022,Transfer To DD 5760727,KJH Loan
,Cash-ATC-PC Operating Account,11/23/2022,Transfer To DD 5283165 JMF,Cash-ATC-PC Operating Account
,Cash-ATC-PC Operating Account,11/23/2022,Transfer To DD 5283165 JMF,Shareholder Distribution
,Cash-ATC-PC Operating Account,11/29/2022,Deposit,Cash-ATC-PC Operating Account
,Cash-ATC-PC Operating Account,11/29/2022,Deposit,Sales
,Cash-ATC-PC Operating Account,12/02/2022,Returned/Reprocessed Item Handling Fee,Cash-ATC-PC Operating Account
,Cash-ATC-PC Operating Account,12/02/2022,Returned/Reprocessed Item Handling Fee,Bank Service Charges
,Cash-ATC-PC Operating Account,12/02/2022,Chargeback,Cash-ATC-PC Operating Account
,Cash-ATC-PC Operating Account,12/02/2022,Chargeback,Sales
,Cash-ATC-PC Operating Account,12/05/2022,New York Quality/Fidelis Ca of Julie M Frances PC,Cash-ATC-PC Operating Account
,Cash-ATC-PC Operating Account,12/05/2022,New York Quality/Fidelis Ca of Julie M Frances PC,Insurance Expense
,Cash-ATC-PC Operating Account,12/07/2022,Transfer To DD 5283165 Nedwick Family bills,Cash-ATC-PC Operating Account
,Cash-ATC-PC Operating Account,12/07/2022,Transfer To DD 5283165 Nedwick Family bills,Shareholder Distribution
,Cash-ATC-PC Operating Account,12/07/2022,Transfer To DD 5760727 November and December- this is the account Kate's payroll gets transferred to I believe,Cash-ATC-PC Operating Account
,Cash-ATC-PC Operating Account,12/07/2022,Transfer To DD 5760727 November and December,KJH Loan
,Cash-ATC-PC Operating Account,12/08/2022,Transfer To DD 6034452 Beth,Cash-ATC-PC Operating Account
,Cash-ATC-PC Operating Account,12/08/2022,,Shareholder Distribution
,Cash-ATC-PC Operating Account,12/09/2022,AUTOPAY PAYMENT - THANK YOU XXXX-XXXXXX-43002 - JULIE M FRANCES,Cash-ATC-PC Operating Account
,Cash-ATC-PC Operating Account,12/09/2022,AUTOPAY PAYMENT - THANK YOU XXXX-XXXXXX-43002 - JULIE M FRANCES,American Express
,Cash-ATC-PC Operating Account,12/19/2022,Transfer To DD 5283165 Nedwick Family Bills,Cash-ATC-PC Operating Account
,Cash-ATC-PC Operating Account,12/19/2022,Transfer To DD 5283165 Nedwick Family Bills,Shareholder Distribution
,Cash-ATC-PC Operating Account,12/20/2022,NEW YORK CENTRAL/EFT DEBIT JULIE M FRANCES,Cash-ATC-PC Operating Account
,Cash-ATC-PC Operating Account,12/20/2022,NEW YORK CENTRAL/EFT DEBIT JULIE M FRANCES,Insurance Expense
,Cash-ATC-PC Operating Account,12/20/2022,MOBILE PAYMENT - THANK YOU XXXX-XXXXXX-43002 - JULIE M FRANCES,Cash-ATC-PC Operating Account
,Cash-ATC-PC Operating Account,12/20/2022,MOBILE PAYMENT - THANK YOU XXXX-XXXXXX-43002 - JULIE M FRANCES,American Express
,Cash-ATC-PC Operating Account,12/27/2022,MyCase/WEB PMTS The Law Office of Juli,Cash-ATC-PC Operating Account
,Cash-ATC-PC Operating Account,12/27/2022,MyCase/WEB PMTS The Law Office of Juli,Prepaid Client expenses
,Cash-ATC-PC Operating Account,12/28/2022,"POS Purchase Non-PIN THE ALPINE SPORT SHOP, SARATOGA SPRI NY 447537 *****9214 12/26 15:21",Cash-ATC-PC Operating Account
,Cash-ATC-PC Operating Account,12/28/2022,"POS Purchase Non-PIN THE ALPINE SPORT SHOP, SARATOGA SPRI NY 447537 *****9214 12/26 15:21",Shareholder Distribution
,Cash-ATC-PC Operating Account,12/30/2022,Withdrawal,Cash-ATC-PC Operating Account
,Cash-ATC-PC Operating Account,12/30/2022,Withdrawal,Shareholder Distribution
,Cash-ATC-PC Operating Account,12/30/2022,Deposit,Cash-ATC-PC Operating Account
,Cash-ATC-PC Operating Account,12/30/2022,Deposit,Gideon
,Cash-ATC-PC Operating Account,01/01/2023,,Cash-ATC-PC Operating Account
,Cash-ATC-PC Operating Account,01/01/2023,JMF kept cash,Shareholder Distribution
,Cash-ATC-PC Operating Account,01/01/2023,,Undeposited Funds-1
,Cash-ATC-PC Operating Account,01/01/2023,,Cash-ATC-PC Operating Account
,Cash-ATC-PC Operating Account,01/01/2023,,Shareholder Distribution
,Cash-ATC-PC Operating Account,01/01/2023,,Undeposited Funds-1
,Cash-ATC-PC Operating Account,01/03/2023,Transfer To DD 5760727 KJH payroll,Cash-ATC-PC Operating Account
,Cash-ATC-PC Operating Account,01/03/2023,Transfer To DD 5760727 KJH payroll,KJH Loan
,Cash-ATC-PC Operating Account,01/05/2023,"New York Quality/Fidelis Ca Julie M Frances, P.C.",Cash-ATC-PC Operating Account
,Cash-ATC-PC Operating Account,01/05/2023,"New York Quality/Fidelis Ca Julie M Frances, P.C.",Health Insurance
,Cash-ATC-PC Operating Account,01/09/2023,Transfer To DD 5283165 Nedwick Family Bills,Cash-ATC-PC Operating Account
,Cash-ATC-PC Operating Account,01/09/2023,Transfer To DD 5283165 Nedwick Family Bills,Shareholder Distribution
,Cash-ATC-PC Operating Account,01/10/2023,AUTOPAY PAYMENT - THANK YOU XXXX-XXXXXX-43002 - JULIE M FRANCES,Cash-ATC-PC Operating Account
,Cash-ATC-PC Operating Account,01/10/2023,AUTOPAY PAYMENT - THANK YOU XXXX-XXXXXX-43002 - JULIE M FRANCES,American Express
,Cash-ATC-PC Operating Account,01/10/2023,Transfer From DD 6007793 Turner Invoice #19839,Cash-ATC-PC Operating Account
,Cash-ATC-PC Operating Account,01/10/2023,Transfer From DD 6007793 Turner Invoice #19839,ADK Retainer Account
,Cash-ATC-PC Operating Account,01/11/2023,Transfer To DD 5283165 14 Bennington Mortgage,Cash-ATC-PC Operating Account
,Cash-ATC-PC Operating Account,01/11/2023,Transfer To DD 5283165 14 Bennington Mortgage,Shareholder Distribution
,Cash-ATC-PC Operating Account,01/16/2023,,Cash-ATC-PC Operating Account
,Cash-ATC-PC Operating Account,01/16/2023,Cash,Shareholder Distribution
,Cash-ATC-PC Operating Account,01/18/2023,Check,Cash-ATC-PC Operating Account
,Cash-ATC-PC Operating Account,01/18/2023,Check,Office Supplies
,Cash-ATC-PC Operating Account,01/20/2023,ACH Debit WBMASONCOMPANY/OFFICEPROD LAW            *OFFICEOF,Cash-ATC-PC Operating Account
,Cash-ATC-PC Operating Account,01/20/2023,ACH Debit WBMASONCOMPANY/OFFICEPROD LAW            *OFFICEOF,Office Supplies
,Cash-ATC-PC Operating Account,01/20/2023,ACH Debit NEW YORK CENTRAL/EFT DEBIT JULIE M       FRANCES,Cash-ATC-PC Operating Account
,Cash-ATC-PC Operating Account,01/20/2023,ACH Debit NEW YORK CENTRAL/EFT DEBIT JULIE M       FRANCES,Insurance Expense
,Cash-ATC-PC Operating Account,01/20/2023,ACH Debit NYS DTF WT/Tax Paymnt WTWF2301194792846,Cash-ATC-PC Operating Account
,Cash-ATC-PC Operating Account,01/20/2023,ACH Debit NYS DTF WT/Tax Paymnt WTWF2301194792846,Ask My Accountant
,Cash-ATC-PC Operating Account,01/23/2023,Webwi$e Transfer Debit Transfer To DD 5760727 KJH payroll,Cash-ATC-PC Operating Account
,Cash-ATC-PC Operating Account,01/23/2023,Webwi$e Transfer Debit Transfer To DD 5760727 KJH payroll,KJH Loan
,Cash-ATC-PC Operating Account,01/23/2023,Webwi$e Transfer Debit Transfer To DD 5760727 KJH phone,Cash-ATC-PC Operating Account
,Cash-ATC-PC Operating Account,01/23/2023,Webwi$e Transfer Debit Transfer To DD 5760727 KJH phone,KJH Loan
,Cash-ATC-PC Operating Account,01/23/2023,Webwi$e Transfer Credit Transfer From DD 6034452 Ski reimbursement,Cash-ATC-PC Operating Account
,Cash-ATC-PC Operating Account,01/23/2023,Webwi$e Transfer Credit Transfer From DD 6034452 Ski reimbursement,Shareholder Distribution
,Cash-ATC-PC Operating Account,01/27/2023,ACH Credit MYCASE/Funds Disb MyCase,Cash-ATC-PC Operating Account
,Cash-ATC-PC Operating Account,01/27/2023,ACH Credit MYCASE/Funds Disb MyCase,Ask My Accountant
,Cash-ATC-PC Operating Account,01/30/2023,ACH Debit MyCase/WEB PMTS The Law Office of Juli,Cash-ATC-PC Operating Account
,Cash-ATC-PC Operating Account,01/30/2023,ACH Debit MyCase/WEB PMTS The Law Office of Juli,Prepaid Client expenses
,Cash-ATC-PC Operating Account,01/31/2023,ACH Debit NYS DOL UI/Tax Paymnt U34926042622,Cash-ATC-PC Operating Account
,Cash-ATC-PC Operating Account,01/31/2023,ACH Debit NYS DOL UI/Tax Paymnt U34926042622,Payroll Liabilities
,Cash-ATC-PC Operating Account,01/31/2023,ACH Credit MYCASE/Funds Disb MyCase,Cash-ATC-PC Operating Account
,Cash-ATC-PC Operating Account,01/31/2023,ACH Credit MYCASE/Funds Disb MyCase,Ask My Accountant
,Cash-ATC-PC Operating Account,01/31/2023,ACH Debit MyCase/WEB PMTS The Law Office of Juli,Cash-ATC-PC Operating Account
,Cash-ATC-PC Operating Account,01/31/2023,ACH Debit MyCase/WEB PMTS The Law Office of Juli,Prepaid Client expenses
,Cash-ATC-PC Operating Account,02/01/2023,ACH Debit MyCase/WEB PMTS The Law Office of Juli,Cash-ATC-PC Operating Account
,Cash-ATC-PC Operating Account,02/01/2023,ACH Debit MyCase/WEB PMTS The Law Office of Juli,Prepaid Client expenses
,Cash-ATC-PC Operating Account,02/02/2023,"ACH Debit EVOLVE IT, LLC/SALE LAW OFFICE OF JULIE  M",Cash-ATC-PC Operating Account
,Cash-ATC-PC Operating Account,02/02/2023,"ACH Debit EVOLVE IT, LLC/SALE LAW OFFICE OF JULIE  M",Outside Services
,Cash-ATC-PC Operating Account,02/02/2023,ACH Debit MyCase/WEB PMTS The Law Office of Juli,Cash-ATC-PC Operating Account
,Cash-ATC-PC Operating Account,02/02/2023,ACH Debit MyCase/WEB PMTS The Law Office of Juli,Prepaid Client expenses
,Cash-ATC-PC Operating Account,02/07/2023,ACH Credit MYCASE/Funds Disb MyCase,Cash-ATC-PC Operating Account
,Cash-ATC-PC Operating Account,02/07/2023,ACH Credit MYCASE/Funds Disb MyCase,Ask My Accountant
,Cash-ATC-PC Operating Account,02/09/2023,ACH Debit MyCase/WEB PMTS The Law Office of Juli,Cash-ATC-PC Operating Account
,Cash-ATC-PC Operating Account,02/09/2023,ACH Debit MyCase/WEB PMTS The Law Office of Juli,Prepaid Client expenses
,Cash-ATC-PC Operating Account,02/09/2023,ACH Debit AMEX EPAYMENT/ACH PMT JMF LAW PC         Operating,Cash-ATC-PC Operating Account
,Cash-ATC-PC Operating Account,02/09/2023,ACH Debit AMEX EPAYMENT/ACH PMT JMF LAW PC         Operating,Shareholder Distribution
,Cash-ATC-PC Operating Account,02/10/2023,AUTOPAY PAYMENT - THANK YOU XXXX-XXXXXX-43002 - JULIE M FRANCES,Cash-ATC-PC Operating Account
,Cash-ATC-PC Operating Account,02/10/2023,AUTOPAY PAYMENT - THANK YOU XXXX-XXXXXX-43002 - JULIE M FRANCES,American Express
,Cash-ATC-PC Operating Account,02/13/2023,Webwi$e Transfer Debit Harris Bay paynent TO: DDXXXX3165,Cash-ATC-PC Operating Account
,Cash-ATC-PC Operating Account,02/13/2023,Webwi$e Transfer Debit Harris Bay paynent TO: DDXXXX3165,Shareholder Distribution
,Cash-ATC-PC Operating Account,02/16/2023,ACH Debit NYS DTF WT/Tax Paymnt WTWF2302154888120,Cash-ATC-PC Operating Account
,Cash-ATC-PC Operating Account,02/16/2023,ACH Debit NYS DTF WT/Tax Paymnt WTWF2302154888120,Ask My Accountant
,Cash-ATC-PC Operating Account,02/22/2023,ACH Credit MYCASE/Funds Disb MyCase,Cash-ATC-PC Operating Account
,Cash-ATC-PC Operating Account,02/22/2023,ACH Credit MYCASE/Funds Disb MyCase,Ask My Accountant
,Cash-ATC-PC Operating Account,02/23/2023,Incoming Wire Fee,Cash-ATC-PC Operating Account
,Cash-ATC-PC Operating Account,02/23/2023,Incoming Wire Fee,Bank Service Charges
,Cash-ATC-PC Operating Account,02/23/2023,ACH Debit MyCase/WEB PMTS The Law Office of Juli,Cash-ATC-PC Operating Account
,Cash-ATC-PC Operating Account,02/23/2023,ACH Debit MyCase/WEB PMTS The Law Office of Juli,Prepaid Client expenses
,Cash-ATC-PC Operating Account,03/01/2023,Webwi$e Transfer Debit Beagle and McGregor Summer Camp TO: DDXX XX3165,Cash-ATC-PC Operating Account
,Cash-ATC-PC Operating Account,03/01/2023,Webwi$e Transfer Debit Beagle and McGregor Summer Camp TO: DDXX XX3165,Shareholder Distribution
,Cash-ATC-PC Operating Account,03/01/2023,Webwi$e Transfer Debit Summer camps TO: DDXXXX3165,Cash-ATC-PC Operating Account
,Cash-ATC-PC Operating Account,03/01/2023,Webwi$e Transfer Debit Summer camps TO: DDXXXX3165,Shareholder Distribution
,Cash-ATC-PC Operating Account,03/02/2023,"ACH Debit New York Quality/Fidelis Ca Julie M.     Frances,",Cash-ATC-PC Operating Account
,Cash-ATC-PC Operating Account,03/02/2023,"ACH Debit New York Quality/Fidelis Ca Julie M.     Frances,",Health Insurance
,Cash-ATC-PC Operating Account,03/07/2023,MOBILE PAYMENT - THANK YOU XXXX-XXXXXX-43002 - JULIE M FRANCES,Cash-ATC-PC Operating Account
,Cash-ATC-PC Operating Account,03/07/2023,MOBILE PAYMENT - THANK YOU XXXX-XXXXXX-43002 - JULIE M FRANCES,American Express
,Cash-ATC-PC Operating Account,03/10/2023,,Cash-ATC-PC Operating Account
,Cash-ATC-PC Operating Account,03/10/2023,,Office Supplies
,Cash-ATC-PC Operating Account,03/14/2023,ACH Debit MyCase/WEB PMTS The Law Office of Juli,Cash-ATC-PC Operating Account
,Cash-ATC-PC Operating Account,03/14/2023,ACH Debit MyCase/WEB PMTS The Law Office of Juli,Prepaid Client expenses
,Cash-ATC-PC Operating Account,03/15/2023,ACH Debit NYS DTF CT/Tax Paymnt CL2300310630,Cash-ATC-PC Operating Account
,Cash-ATC-PC Operating Account,03/15/2023,ACH Debit NYS DTF CT/Tax Paymnt CL2300310630,Taxes-Corp
,Cash-ATC-PC Operating Account,03/15/2023,ACH Debit MyCase/WEB PMTS The Law Office of Juli,Cash-ATC-PC Operating Account
,Cash-ATC-PC Operating Account,03/15/2023,ACH Debit MyCase/WEB PMTS The Law Office of Juli,Prepaid Client expenses
,Cash-ATC-PC Operating Account,03/16/2023,ACH Debit NYS DTF WT/Tax Paymnt WTWF2303154979535,Cash-ATC-PC Operating Account
,Cash-ATC-PC Operating Account,03/16/2023,ACH Debit NYS DTF WT/Tax Paymnt WTWF2303154979535,Payroll Liabilities
,Cash-ATC-PC Operating Account,03/24/2023,ACH Debit MyCase/WEB PMTS The Law Office of Juli,Cash-ATC-PC Operating Account
,Cash-ATC-PC Operating Account,03/24/2023,ACH Debit MyCase/WEB PMTS The Law Office of Juli,Prepaid Client expenses
,Cash-ATC-PC Operating Account,03/24/2023,Telephone Transfer Withdrawal TO 5760727 K HAYNES C PHONE,Cash-ATC-PC Operating Account
,Cash-ATC-PC Operating Account,03/24/2023,Telephone Transfer Withdrawal TO 5760727 K HAYNES C PHONE,KJH Loan
,Cash-ATC-PC Operating Account,03/24/2023,Webwi$e Transfer Credit 14 taxes penalties FROM: SVXXXX0573,Cash-ATC-PC Operating Account
,Cash-ATC-PC Operating Account,03/24/2023,Webwi$e Transfer Credit 14 taxes penalties FROM: SVXXXX0573,Ask My Accountant
,Cash-ATC-PC Operating Account,03/24/2023,Webwi$e Transfer Credit Partial 14 Bennnington taxes FROM: DDXXX X3165,Cash-ATC-PC Operating Account
,Cash-ATC-PC Operating Account,03/24/2023,Webwi$e Transfer Credit Partial 14 Bennnington taxes FROM: DDXXX X3165,Shareholder Distribution
,Cash-ATC-PC Operating Account,03/27/2023,ACH Debit MyCase/WEB PMTS The Law Office of Juli,Cash-ATC-PC Operating Account
,Cash-ATC-PC Operating Account,03/27/2023,ACH Debit MyCase/WEB PMTS The Law Office of Juli,Prepaid Client expenses
,Cash-ATC-PC Operating Account,03/31/2023,MOBILE PAYMENT - THANK YOU XXXX-XXXXXX-43002 - JULIE M FRANCES,Cash-ATC-PC Operating Account
,Cash-ATC-PC Operating Account,03/31/2023,MOBILE PAYMENT - THANK YOU XXXX-XXXXXX-43002 - JULIE M FRANCES,American Express
,Cash-ATC-PC Operating Account,04/03/2023,AMEX EPAYMENT/ACH PMT JMF LAW PC Operating A,Cash-ATC-PC Operating Account
,Cash-ATC-PC Operating Account,04/03/2023,AMEX EPAYMENT/ACH PMT JMF LAW PC Operating A,American Express
,Cash-ATC-PC Operating Account,04/07/2023,TELEPHONE TRANSFER SERVICE FEE,Cash-ATC-PC Operating Account
,Cash-ATC-PC Operating Account,04/07/2023,TELEPHONE TRANSFER SERVICE FEE,Bank Service Charges
,Cash-ATC-PC Operating Account,04/10/2023,AMEX EPAYMENT/ACH PMT JMF LAW PC Operating A,Cash-ATC-PC Operating Account
,Cash-ATC-PC Operating Account,04/10/2023,AMEX EPAYMENT/ACH PMT JMF LAW PC Operating A,American Express
,Cash-ATC-PC Operating Account,04/12/2023,Amex payment TO: DDXXXX3165,Cash-ATC-PC Operating Account
,Cash-ATC-PC Operating Account,04/12/2023,Amex payment TO: DDXXXX3165,American Express
,Cash-ATC-PC Operating Account,04/12/2023,14 Bennington mortgage TO: DDXXXX3165,Cash-ATC-PC Operating Account
,Cash-ATC-PC Operating Account,04/12/2023,14 Bennington mortgage TO: DDXXXX3165,Shareholder Distribution
,Cash-ATC-PC Operating Account,04/12/2023,Loan FROM: DDXXXX4452,Cash-ATC-PC Operating Account
,Cash-ATC-PC Operating Account,04/12/2023,Loan FROM: DDXXXX4452,Shareholder Distribution
,Cash-ATC-PC Operating Account,04/13/2023,Nedwick Family bills TO: DDXXXX3165,Cash-ATC-PC Operating Account
,Cash-ATC-PC Operating Account,04/13/2023,Nedwick Family bills TO: DDXXXX3165,Shareholder Distribution
,Cash-ATC-PC Operating Account,04/17/2023,Loan FROM: DDXXXX4452,Cash-ATC-PC Operating Account
,Cash-ATC-PC Operating Account,04/17/2023,Loan FROM: DDXXXX4452,Shareholder Distribution
,Cash-ATC-PC Operating Account,04/18/2023,NYS DTF WT/Tax Paymnt WTWF2304175079984,Cash-ATC-PC Operating Account
,Cash-ATC-PC Operating Account,04/18/2023,NYS DTF WT/Tax Paymnt WTWF2304175079984,Payroll Liabilities
,Cash-ATC-PC Operating Account,04/24/2023,AMEX EPAYMENT/ACH PMT JMF LAW PC Operating A,Cash-ATC-PC Operating Account
,Cash-ATC-PC Operating Account,04/24/2023,AMEX EPAYMENT/ACH PMT JMF LAW PC Operating A,American Express
,Cash-ATC-PC Operating Account,04/27/2023,Nedwick Family bills TO: DDXXXX3165,Cash-ATC-PC Operating Account
,Cash-ATC-PC Operating Account,04/27/2023,Nedwick Family bills TO: DDXXXX3165,Shareholder Distribution
,Cash-ATC-PC Operating Account,05/01/2023,Whole foods Amex payment TO: DDXXXX3165,Cash-ATC-PC Operating Account
,Cash-ATC-PC Operating Account,05/01/2023,Whole foods Amex payment TO: DDXXXX3165,Shareholder Distribution
,Cash-ATC-PC Operating Account,05/02/2023,NYS DOL UI/Tax Paymnt U34926125360,Cash-ATC-PC Operating Account
,Cash-ATC-PC Operating Account,05/02/2023,NYS DOL UI/Tax Paymnt U34926125360,Payroll Liabilities
,Cash-ATC-PC Operating Account,05/08/2023,National Grid TO: DDXXXX3165,Cash-ATC-PC Operating Account
,Cash-ATC-PC Operating Account,05/08/2023,National Grid TO: DDXXXX3165,Ask My Accountant
,Cash-ATC-PC Operating Account,05/10/2023,Loan FROM: DDXXXX4452,Cash-ATC-PC Operating Account
,Cash-ATC-PC Operating Account,05/10/2023,Loan FROM: DDXXXX4452,Shareholder Distribution
,Cash-ATC-PC Operating Account,05/11/2023,AMEX EPAYMENT/ACH PMT JMF LAW PC Operating A,Cash-ATC-PC Operating Account
,Cash-ATC-PC Operating Account,05/11/2023,AMEX EPAYMENT/ACH PMT JMF LAW PC Operating A,American Express
,Cash-ATC-PC Operating Account,05/12/2023,Nedwick family bills TO: DDXXXX3165,Cash-ATC-PC Operating Account
,Cash-ATC-PC Operating Account,05/12/2023,Nedwick family bills TO: DDXXXX3165,Shareholder Distribution
,Cash-ATC-PC Operating Account,05/12/2023,14 Mortgage TO: DDXXXX3165,Cash-ATC-PC Operating Account
,Cash-ATC-PC Operating Account,05/12/2023,14 Mortgage TO: DDXXXX3165,Shareholder Distribution
,Cash-ATC-PC Operating Account,05/16/2023,NYS DTF WT/Tax Paymnt WTWF2305155188499,Cash-ATC-PC Operating Account
,Cash-ATC-PC Operating Account,05/16/2023,NYS DTF WT/Tax Paymnt WTWF2305155188499,Payroll Liabilities
,Cash-ATC-PC Operating Account,05/30/2023,Nedwick Family bills TO: DDXXXX3165,Cash-ATC-PC Operating Account
,Cash-ATC-PC Operating Account,05/30/2023,Nedwick Family bills TO: DDXXXX3165,Shareholder Distribution
,Cash-ATC-PC Operating Account,05/30/2023,Nedwick Bills TO: DDXXXX3165,Cash-ATC-PC Operating Account
,Cash-ATC-PC Operating Account,05/30/2023,Nedwick Bills TO: DDXXXX3165,Shareholder Distribution
,Cash-ATC-PC Operating Account,06/05/2023,Kids clothes xoxo TO: DDXXXX3165,Cash-ATC-PC Operating Account
,Cash-ATC-PC Operating Account,06/05/2023,Kids clothes xoxo TO: DDXXXX3165,Shareholder Distribution
,Cash-ATC-PC Operating Account,06/08/2023,AMEX EPAYMENT/ACH PMT JMF LAW PC Operating A,Cash-ATC-PC Operating Account
,Cash-ATC-PC Operating Account,06/08/2023,AMEX EPAYMENT/ACH PMT JMF LAW PC Operating A,American Express
,Cash-ATC-PC Operating Account,06/08/2023,Nedwick Family bills TO: DDXXXX3165,Cash-ATC-PC Operating Account
,Cash-ATC-PC Operating Account,06/08/2023,Nedwick Family bills TO: DDXXXX3165,Shareholder Distribution
,Cash-ATC-PC Operating Account,06/14/2023,14 Bennington mortgage TO: DDXXXX3165,Cash-ATC-PC Operating Account
,Cash-ATC-PC Operating Account,06/14/2023,14 Bennington mortgage TO: DDXXXX3165,Shareholder Distribution
,Cash-ATC-PC Operating Account,06/16/2023,NYS DTF WT/Tax Paymnt WTWF2306155288399,Cash-ATC-PC Operating Account
,Cash-ATC-PC Operating Account,06/16/2023,NYS DTF WT/Tax Paymnt WTWF2306155288399,Payroll Liabilities
,Cash-ATC-PC Operating Account,06/26/2023,Nedwick Family bills TO: DDXXXX3165,Cash-ATC-PC Operating Account
,Cash-ATC-PC Operating Account,06/26/2023,Nedwick Family bills TO: DDXXXX3165,Shareholder Distribution
,Cash-ATC-PC Operating Account,06/29/2023,,Cash-ATC-PC Operating Account
,Cash-ATC-PC Operating Account,06/29/2023,,Undeposited Funds-1
,Cash-ATC-PC Operating Account,06/29/2023,,Undeposited Funds-1
,Cash-ATC-PC Operating Account,07/03/2023,AMEX EPAYMENT/ACH PMT JMF LAW PC Operating A,Cash-ATC-PC Operating Account
,Cash-ATC-PC Operating Account,07/03/2023,AMEX EPAYMENT/ACH PMT JMF LAW PC Operating A,American Express
,Cash-ATC-PC Operating Account,07/06/2023,Nedwick Family bills TO: DDXXXX3165,Cash-ATC-PC Operating Account
,Cash-ATC-PC Operating Account,07/06/2023,Nedwick Family bills TO: DDXXXX3165,Shareholder Distribution
,Cash-ATC-PC Operating Account,07/06/2023,Nedwick household bills TO: DDXXXX3165,Cash-ATC-PC Operating Account
,Cash-ATC-PC Operating Account,07/06/2023,Nedwick household bills TO: DDXXXX3165,Shareholder Distribution
,Cash-ATC-PC Operating Account,07/11/2023,Nedwick Famiky bills TO: DDXXXX3165,Cash-ATC-PC Operating Account
,Cash-ATC-PC Operating Account,07/11/2023,Nedwick Famiky bills TO: DDXXXX3165,Dues and Subscriptions
,Cash-ATC-PC Operating Account,07/11/2023,14 mortgage TO: DDXXXX3165,Cash-ATC-PC Operating Account
,Cash-ATC-PC Operating Account,07/11/2023,14 mortgage TO: DDXXXX3165,Shareholder Distribution
,Cash-ATC-PC Operating Account,07/18/2023,AMEX EPAYMENT/ACH PMT JMF LAW PC Operating A,Cash-ATC-PC Operating Account
,Cash-ATC-PC Operating Account,07/18/2023,AMEX EPAYMENT/ACH PMT JMF LAW PC Operating A,American Express
,Cash-ATC-PC Operating Account,07/18/2023,NYS DTF WT/Tax Paymnt WTWF2307175395110,Cash-ATC-PC Operating Account
,Cash-ATC-PC Operating Account,07/18/2023,NYS DTF WT/Tax Paymnt WTWF2307175395110,Payroll Liabilities
,Cash-ATC-PC Operating Account,07/28/2023,Deposit,Cash-ATC-PC Operating Account
,Cash-ATC-PC Operating Account,07/28/2023,Deposit,Ask My Accountant
,Cash-ATC-PC Operating Account,08/01/2023,Nedwick bills TO: DDXXXX3165,Cash-ATC-PC Operating Account
,Cash-ATC-PC Operating Account,08/01/2023,Nedwick bills TO: DDXXXX3165,Shareholder Distribution
,Cash-ATC-PC Operating Account,08/01/2023,NYS DOL UI/Tax Paymnt U34926226969,Cash-ATC-PC Operating Account
,Cash-ATC-PC Operating Account,08/01/2023,NYS DOL UI/Tax Paymnt U34926226969,Payroll Liabilities
,Cash-ATC-PC Operating Account,08/04/2023,AMEX EPAYMENT/ACH PMT JMF LAW PC Operating A,Cash-ATC-PC Operating Account
,Cash-ATC-PC Operating Account,08/04/2023,AMEX EPAYMENT/ACH PMT JMF LAW PC Operating A,American Express
,Cash-ATC-PC Operating Account,08/08/2023,POS Purchase Non-PIN CVS/PHARMACY #00441 SCOTIA NY 300441 *****9214 08/07 18:09,Cash-ATC-PC Operating Account
,Cash-ATC-PC Operating Account,08/08/2023,POS Purchase Non-PIN CVS/PHARMACY #00441 SCOTIA NY 300441 *****9214 08/07 18:09,Shareholder Distribution
,Cash-ATC-PC Operating Account,08/08/2023,POS Purchase Non-PIN CVS/PHARMACY #00441 SCOTIA NY 300441 *****9214 08/07 18:07,Cash-ATC-PC Operating Account
,Cash-ATC-PC Operating Account,08/08/2023,POS Purchase Non-PIN CVS/PHARMACY #00441 SCOTIA NY 300441 *****9214 08/07 18:07,Shareholder Distribution
,Cash-ATC-PC Operating Account,08/10/2023,14 mortgage TO: DDXXXX3165,Cash-ATC-PC Operating Account
,Cash-ATC-PC Operating Account,08/10/2023,14 mortgage TO: DDXXXX3165,Shareholder Distribution
,Cash-ATC-PC Operating Account,08/10/2023,complete mortgage payment for 14 TO: DDX XXX3165,Cash-ATC-PC Operating Account
,Cash-ATC-PC Operating Account,08/10/2023,complete mortgage payment for 14 TO: DDX XXX3165,Shareholder Distribution
,Cash-ATC-PC Operating Account,08/11/2023,AMEX EPAYMENT/ACH PMT JMF LAW PC Operating A,Cash-ATC-PC Operating Account
,Cash-ATC-PC Operating Account,08/11/2023,AMEX EPAYMENT/ACH PMT JMF LAW PC Operating A,American Express
,Cash-ATC-PC Operating Account,08/14/2023,VISA/PAYMENT JULIE M FRANCES,Cash-ATC-PC Operating Account
,Cash-ATC-PC Operating Account,08/14/2023,VISA/PAYMENT JULIE M FRANCES,Shareholder Distribution
,Cash-ATC-PC Operating Account,08/15/2023,Nedwick bills TO: DDXXXX3165,Cash-ATC-PC Operating Account
,Cash-ATC-PC Operating Account,08/15/2023,Nedwick bills TO: DDXXXX3165,Shareholder Distribution
,Cash-ATC-PC Operating Account,08/16/2023,NYS DTF WT/Tax Paymnt WTWF2308155502614,Cash-ATC-PC Operating Account
,Cash-ATC-PC Operating Account,08/16/2023,NYS DTF WT/Tax Paymnt WTWF2308155502614,Payroll Liabilities
,Cash-ATC-PC Operating Account,08/22/2023,AMEX EPAYMENT/ACH PMT JMF LAW PC Operating A,Cash-ATC-PC Operating Account
,Cash-ATC-PC Operating Account,08/22/2023,AMEX EPAYMENT/ACH PMT JMF LAW PC Operating A,American Express
,Cash-ATC-PC Operating Account,08/28/2023,Nedwick Family bills TO: DDXXXX3165,Cash-ATC-PC Operating Account
,Cash-ATC-PC Operating Account,08/28/2023,Nedwick Family bills TO: DDXXXX3165,Shareholder Distribution
,Cash-ATC-PC Operating Account,09/01/2023,"New York Quality/Fidelis Ca Julie M Frances, P.C.",Cash-ATC-PC Operating Account
,Cash-ATC-PC Operating Account,09/01/2023,"New York Quality/Fidelis Ca Julie M Frances, P.C.",Health Insurance
,Cash-ATC-PC Operating Account,09/06/2023,14 mortgage TO: DDXXXX3165,Cash-ATC-PC Operating Account
,Cash-ATC-PC Operating Account,09/06/2023,14 mortgage TO: DDXXXX3165,Shareholder Distribution
,Cash-ATC-PC Operating Account,09/12/2023,Nedwick Family bills TO: DDXXXX3165,Cash-ATC-PC Operating Account
,Cash-ATC-PC Operating Account,09/12/2023,Nedwick Family bills TO: DDXXXX3165,Shareholder Distribution
,Cash-ATC-PC Operating Account,09/15/2023,AMEX EPAYMENT/ACH PMT JMF LAW PC Operating A,Cash-ATC-PC Operating Account
,Cash-ATC-PC Operating Account,09/15/2023,AMEX EPAYMENT/ACH PMT JMF LAW PC Operating A,American Express
,Cash-ATC-PC Operating Account,09/18/2023,NYS DTF WT/Tax Paymnt WTWF2309155601088,Cash-ATC-PC Operating Account
,Cash-ATC-PC Operating Account,09/18/2023,NYS DTF WT/Tax Paymnt WTWF2309155601088,Payroll Liabilities
,Cash-ATC-PC Operating Account,09/19/2023,Nedwick Family bills TO: DDXXXX3165,Cash-ATC-PC Operating Account
,Cash-ATC-PC Operating Account,09/19/2023,Nedwick Family bills TO: DDXXXX3165,Shareholder Distribution
,Cash-ATC-PC Operating Account,09/20/2023,AMEX EPAYMENT/ACH PMT JMF LAW PC Operating A,Cash-ATC-PC Operating Account
,Cash-ATC-PC Operating Account,09/20/2023,AMEX EPAYMENT/ACH PMT JMF LAW PC Operating A,American Express
,Cash-ATC-PC Operating Account,09/20/2023,POS Purchase Non-PIN HOMEGOODS # 0734 SARATOGA SPRI NY INA000 *****9214 09/19 03:41,Cash-ATC-PC Operating Account
,Cash-ATC-PC Operating Account,09/20/2023,POS Purchase Non-PIN HOMEGOODS # 0734 SARATOGA SPRI NY INA000 *****9214 09/19 03:41,Office Supplies
,Cash-ATC-PC Operating Account,10/06/2023,AMEX EPAYMENT/ACH PMT JMF LAW PC Operating A,Cash-ATC-PC Operating Account
,Cash-ATC-PC Operating Account,10/06/2023,AMEX EPAYMENT/ACH PMT JMF LAW PC Operating A,American Express
,Cash-ATC-PC Operating Account,10/10/2023,AMEX EPAYMENT/ACH PMT JMF LAW PC Operating A,Cash-ATC-PC Operating Account
,Cash-ATC-PC Operating Account,10/10/2023,AMEX EPAYMENT/ACH PMT JMF LAW PC Operating A,American Express
,Cash-ATC-PC Operating Account,10/10/2023,whole foods delivery amex TO: DDXXXX3165,Cash-ATC-PC Operating Account
,Cash-ATC-PC Operating Account,10/10/2023,whole foods delivery amex TO: DDXXXX3165,Shareholder Distribution
,Cash-ATC-PC Operating Account,10/10/2023,DELUXE BUS SYS./BUS PRODS KAREN S,Cash-ATC-PC Operating Account
,Cash-ATC-PC Operating Account,10/10/2023,DELUXE BUS SYS./BUS PRODS KAREN S,Office Supplies
,Cash-ATC-PC Operating Account,10/11/2023,14 mortgage TO: DDXXXX3165,Cash-ATC-PC Operating Account
,Cash-ATC-PC Operating Account,10/11/2023,14 mortgage TO: DDXXXX3165,Shareholder Distribution
,Cash-ATC-PC Operating Account,10/12/2023,14 Mortgage TO: DDXXXX3165,Cash-ATC-PC Operating Account
,Cash-ATC-PC Operating Account,10/12/2023,14 Mortgage TO: DDXXXX3165,Shareholder Distribution
,Cash-ATC-PC Operating Account,10/12/2023,loan FROM: DDXXXX4452,Cash-ATC-PC Operating Account
,Cash-ATC-PC Operating Account,10/12/2023,loan FROM: DDXXXX4452,Shareholder Distribution
,Cash-ATC-PC Operating Account,10/17/2023,NYS DTF WT/Tax Paymnt WTWF2310165701869,Cash-ATC-PC Operating Account
,Cash-ATC-PC Operating Account,10/17/2023,NYS DTF WT/Tax Paymnt WTWF2310165701869,Payroll Liabilities
,Cash-ATC-PC Operating Account,10/25/2023,Check 3011,Cash-ATC-PC Operating Account
,Cash-ATC-PC Operating Account,10/25/2023,Check 3011,Office Supplies:Telephone & Internet Expense
,Cash-ATC-PC Operating Account,10/30/2023,VENMO/ACCTVERIFY JULIE FRANCES,Cash-ATC-PC Operating Account
,Cash-ATC-PC Operating Account,10/30/2023,VENMO/ACCTVERIFY JULIE FRANCES,Bank Service Charges
,Cash-ATC-PC Operating Account,10/30/2023,VENMO/ACCTVERIFY JULIE FRANCES,Cash-ATC-PC Operating Account
,Cash-ATC-PC Operating Account,10/30/2023,VENMO/ACCTVERIFY JULIE FRANCES,Bank Service Charges
,Cash-ATC-PC Operating Account,10/30/2023,VENMO/ACCTVERIFY JULIE FRANCES,Cash-ATC-PC Operating Account
,Cash-ATC-PC Operating Account,10/30/2023,VENMO/ACCTVERIFY JULIE FRANCES,Bank Service Charges
,Cash-ATC-PC Operating Account,10/30/2023,VENMO/ACCTVERIFY JULIE FRANCES,Cash-ATC-PC Operating Account
,Cash-ATC-PC Operating Account,10/30/2023,VENMO/ACCTVERIFY JULIE FRANCES,Bank Service Charges
,Cash-ATC-PC Operating Account,11/02/2023,"New York Quality/Fidelis Ca Julie M Frances, P.C.",Cash-ATC-PC Operating Account
,Cash-ATC-PC Operating Account,11/02/2023,"New York Quality/Fidelis Ca Julie M Frances, P.C.",Health Insurance
,Cash-ATC-PC Operating Account,11/03/2023,AMEX EPAYMENT/ACH PMT JMF LAW PC Operating A,Cash-ATC-PC Operating Account
,Cash-ATC-PC Operating Account,11/03/2023,AMEX EPAYMENT/ACH PMT JMF LAW PC Operating A,American Express
,Cash-ATC-PC Operating Account,11/08/2023,Nedwick Family bills TO: DDXXXX3165,Cash-ATC-PC Operating Account
,Cash-ATC-PC Operating Account,11/08/2023,Nedwick Family bills TO: DDXXXX3165,Shareholder Distribution
,Cash-ATC-PC Operating Account,11/10/2023,Nedwick Family bills TO: DDXXXX3165,Cash-ATC-PC Operating Account
,Cash-ATC-PC Operating Account,11/10/2023,Nedwick Family bills TO: DDXXXX3165,Shareholder Distribution
,Cash-ATC-PC Operating Account,11/13/2023,Nedwick bills TO: DDXXXX3165,Cash-ATC-PC Operating Account
,Cash-ATC-PC Operating Account,11/13/2023,Nedwick bills TO: DDXXXX3165,Shareholder Distribution
,Cash-ATC-PC Operating Account,11/16/2023,NYS DTF WT/Tax Paymnt WTWF2311155815077,Cash-ATC-PC Operating Account
,Cash-ATC-PC Operating Account,11/16/2023,NYS DTF WT/Tax Paymnt WTWF2311155815077,Payroll Liabilities
,Cash-ATC-PC Operating Account,11/21/2023,AMEX EPAYMENT/ACH PMT JMF LAW PC Operating A,Cash-ATC-PC Operating Account
,Cash-ATC-PC Operating Account,11/21/2023,AMEX EPAYMENT/ACH PMT JMF LAW PC Operating A,American Express
,Cash-ATC-PC Operating Account,11/30/2023,"New York Quality/Fidelis Ca Julie M Frances, P.C.",Cash-ATC-PC Operating Account
,Cash-ATC-PC Operating Account,11/30/2023,"New York Quality/Fidelis Ca Julie M Frances, P.C.",Insurance Expense
,Cash-ATC-PC Operating Account,12/07/2023,KJH November phone bill TO: DDXXXX0727,Cash-ATC-PC Operating Account
,Cash-ATC-PC Operating Account,12/07/2023,KJH November phone bill TO: DDXXXX0727,Utilities
,Cash-ATC-PC Operating Account,12/11/2023,AMEX EPAYMENT/ACH PMT JMF LAW PC Operating A,Cash-ATC-PC Operating Account
,Cash-ATC-PC Operating Account,12/11/2023,AMEX EPAYMENT/ACH PMT JMF LAW PC Operating A,American Express
,Cash-ATC-PC Operating Account,12/12/2023,Nedwick bills TO: DDXXXX3165,Cash-ATC-PC Operating Account
,Cash-ATC-PC Operating Account,12/12/2023,Nedwick bills TO: DDXXXX3165,Shareholder Distribution
,Cash-ATC-PC Operating Account,12/18/2023,Boys clothes and Christmas TO: DDXXXX316 5,Cash-ATC-PC Operating Account
,Cash-ATC-PC Operating Account,12/18/2023,Boys clothes and Christmas TO: DDXXXX316 5,Shareholder Distribution
,Cash-ATC-PC Operating Account,12/18/2023,POS Purchase Non-PIN LS G. WILLIKERS 151-85872143 NY J5O5DU *****9214 12/15 17:52,Cash-ATC-PC Operating Account
,Cash-ATC-PC Operating Account,12/18/2023,POS Purchase Non-PIN LS G. WILLIKERS 151-85872143 NY J5O5DU *****9214 12/15 17:52,Shareholder Distribution
,Cash-ATC-PC Operating Account,12/21/2023,boat initial dock deposit TO: DDXXXX3165,Cash-ATC-PC Operating Account
,Cash-ATC-PC Operating Account,12/21/2023,boat initial dock deposit TO: DDXXXX3165,Shareholder Distribution
,Cash-ATC-PC Operating Account,12/27/2023,Check 3037 Check,Cash-ATC-PC Operating Account
,Cash-ATC-PC Operating Account,12/27/2023,Check 3037 Check,Office Supplies:Telephone & Internet Expense
,Cash-ATC-PC Operating Account,01/02/2024,Nedwick Family Expernses TO: DDXXXX3165,Cash-ATC-PC Operating Account
,Cash-ATC-PC Operating Account,01/02/2024,Nedwick Family Expernses TO: DDXXXX3165,Shareholder Distribution
,Cash-ATC-PC Operating Account,01/10/2024,AMEX EPAYMENT/ACH PMT JMF LAW PC Operating A,Cash-ATC-PC Operating Account
,Cash-ATC-PC Operating Account,01/10/2024,AMEX EPAYMENT/ACH PMT JMF LAW PC Operating A,American Express
,Cash-ATC-PC Operating Account,01/12/2024,Varas initial consul Invoice 20000 FROM: DDXXXX2666,Cash-ATC-PC Operating Account
,Cash-ATC-PC Operating Account,01/12/2024,Varas,Legal Fee Income
,Cash-ATC-PC Operating Account,01/12/2024,Varas initial consul Invoice 20000 FROM: DDXXXX2666,Due to Client
,Cash-ATC-PC Operating Account,01/12/2024,Varas initial consul Invoice 20000 FROM: DDXXXX2666,ADK Retainer Account
,Cash-ATC-PC Operating Account,01/23/2024,AMEX EPAYMENT/ACH PMT JMF LAW PC Operating A,Cash-ATC-PC Operating Account
,Cash-ATC-PC Operating Account,01/23/2024,AMEX EPAYMENT/ACH PMT JMF LAW PC Operating A,American Express
,Cash-ATC-PC Operating Account,01/29/2024,AMEX EPAYMENT/ACH PMT JMF LAW PC Operating A,Cash-ATC-PC Operating Account
,Cash-ATC-PC Operating Account,01/29/2024,AMEX EPAYMENT/ACH PMT JMF LAW PC Operating A,American Express
,Cash-ATC-PC Operating Account,01/29/2024,AMEX EPAYMENT/ACH PMT JMF LAW PC Operating A,Cash-ATC-PC Operating Account
,Cash-ATC-PC Operating Account,01/29/2024,AMEX EPAYMENT/ACH PMT JMF LAW PC Operating A,American Express
,Cash-ATC-PC Operating Account,02/16/2024,KJH February phone TO: DDXXXX0727,Cash-ATC-PC Operating Account
,Cash-ATC-PC Operating Account,02/16/2024,KJH February phone TO: DDXXXX0727,Office Supplies:Telephone & Internet Expense
,Cash-ATC-PC Operating Account,02/22/2024,TRAVELERS/BUS INSUR Law Office of Julie M.,Cash-ATC-PC Operating Account
,Cash-ATC-PC Operating Account,02/22/2024,TRAVELERS/BUS INSUR Law Office of Julie M.,Insurance Expense
,Cash-ATC-PC Operating Account,02/23/2024,AMEX EPAYMENT/ACH PMT JMF LAW PC Operating A,Cash-ATC-PC Operating Account
,Cash-ATC-PC Operating Account,02/23/2024,AMEX EPAYMENT/ACH PMT JMF LAW PC Operating A,American Express
,Cash-ATC-PC Operating Account,03/14/2024,Nedwick bills TO: DDXXXX3165,Cash-ATC-PC Operating Account
,Cash-ATC-PC Operating Account,03/14/2024,Nedwick bills TO: DDXXXX3165,Shareholder Distribution
,Cash-ATC-PC Operating Account,03/29/2024,Nedwick household expenses TO: DDXXXX316 5,Cash-ATC-PC Operating Account
,Cash-ATC-PC Operating Account,03/29/2024,Nedwick household expenses TO: DDXXXX316 5,Shareholder Distribution
,Cash-ATC-PC Operating Account,04/05/2024,KJH cell phone March and April TO: DDXXX X0727,Cash-ATC-PC Operating Account
,Cash-ATC-PC Operating Account,04/05/2024,KJH cell phone March and April TO: DDXXX X0727,Office Supplies:Telephone & Internet Expense
,Cash-ATC-PC Operating Account,04/08/2024,POS Purchase Non-PIN THE WINE BAR SARATOGA SPRI NY 036474 *****9214 04/07 13:55,Cash-ATC-PC Operating Account
,Cash-ATC-PC Operating Account,04/08/2024,POS Purchase Non-PIN THE WINE BAR SARATOGA SPRI NY 036474 *****9214 04/07 13:55,Meals and Entertainment
,Cash-ATC-PC Operating Account,04/15/2024,14 mortgage TO: DDXXXX3165,Cash-ATC-PC Operating Account
,Cash-ATC-PC Operating Account,04/15/2024,14 mortgage TO: DDXXXX3165,Shareholder Distribution
,Cash-ATC-PC Operating Account,04/16/2024,Joseph Beagle TO: DDXXXX3165,Cash-ATC-PC Operating Account
,Cash-ATC-PC Operating Account,04/16/2024,Joseph Beagle TO: DDXXXX3165,Shareholder Distribution
,Cash-ATC-PC Operating Account,04/18/2024,Nedwick Family bills TO: DDXXXX3165,Cash-ATC-PC Operating Account
,Cash-ATC-PC Operating Account,04/18/2024,Nedwick Family bills TO: DDXXXX3165,Shareholder Distribution
,Cash-ATC-PC Operating Account,04/25/2024,Nedwick Family bills TO: DDXXXX3165,Cash-ATC-PC Operating Account
,Cash-ATC-PC Operating Account,04/25/2024,Nedwick Family bills TO: DDXXXX3165,Shareholder Distribution
,Cash-ATC-PC Operating Account,04/30/2024,MYCASE/Funds Disb MyCase,Cash-ATC-PC Operating Account
,Cash-ATC-PC Operating Account,04/30/2024,MYCASE/Funds Disb MyCase,Legal Fee Income
,Cash-ATC-PC Operating Account,04/30/2024,MYCASE/Funds Disb MyCase,Legal Fee Income
,Cash-ATC-PC Operating Account,05/01/2024,Nedwick Family bills TO: DDXXXX3165,Cash-ATC-PC Operating Account
,Cash-ATC-PC Operating Account,05/01/2024,Nedwick Family bills TO: DDXXXX3165,Shareholder Distribution
,Cash-ATC-PC Operating Account,05/02/2024,MyCase/WEB PMTS The Law Office of Juli,Cash-ATC-PC Operating Account
,Cash-ATC-PC Operating Account,05/02/2024,MyCase/WEB PMTS The Law Office of Juli,Prepaid expenses
,Cash-ATC-PC Operating Account,05/02/2024,MyCase/WEB PMTS The Law Office of Juli,Prepaid expenses
,Cash-ATC-PC Operating Account,05/02/2024,MYCASE/Funds Disb MyCase,Cash-ATC-PC Operating Account
,Cash-ATC-PC Operating Account,05/02/2024,MYCASE/Funds Disb MyCase,Legal Fee Income
,Cash-ATC-PC Operating Account,05/02/2024,MYCASE/Funds Disb MyCase,Legal Fee Income
,Cash-ATC-PC Operating Account,05/06/2024,MyCase/WEB PMTS The Law Office of Juli,Cash-ATC-PC Operating Account
,Cash-ATC-PC Operating Account,05/06/2024,MyCase/WEB PMTS The Law Office of Juli,Prepaid expenses
,Cash-ATC-PC Operating Account,05/06/2024,MyCase/WEB PMTS The Law Office of Juli,Prepaid expenses
,Cash-ATC-PC Operating Account,05/06/2024,Boat TO: DDXXXX3165,Cash-ATC-PC Operating Account
,Cash-ATC-PC Operating Account,05/06/2024,Boat TO: DDXXXX3165,Shareholder Distribution
,Cash-ATC-PC Operating Account,05/13/2024,14 mortgage payment TO: DDXXXX3165,Cash-ATC-PC Operating Account
,Cash-ATC-PC Operating Account,05/13/2024,14 mortgage payment TO: DDXXXX3165,Shareholder Distribution
,Cash-ATC-PC Operating Account,05/13/2024,POS Purchase Non-PIN FIVE BELOW 468 SARATOGA SPRI NY 040384 *****9214 05/11 09:03,Cash-ATC-PC Operating Account
,Cash-ATC-PC Operating Account,05/13/2024,POS Purchase Non-PIN FIVE BELOW 468 SARATOGA SPRI NY 040384 *****9214 05/11 09:03,Shareholder Distribution
,Cash-ATC-PC Operating Account,05/13/2024,POS Purchase Non-PIN SARATOGA STRIKE ZONE SARATOGA SPRI NY 299596 *****9214 05/11 10:11,Cash-ATC-PC Operating Account
,Cash-ATC-PC Operating Account,05/13/2024,POS Purchase Non-PIN SARATOGA STRIKE ZONE SARATOGA SPRI NY 299596 *****9214 05/11 10:11,Shareholder Distribution
,Cash-ATC-PC Operating Account,05/13/2024,POS Purchase Non-PIN LS G. WILLIKERS 151-85872143 NY J5O5DU *****9214 05/10 19:07,Cash-ATC-PC Operating Account
,Cash-ATC-PC Operating Account,05/13/2024,POS Purchase Non-PIN LS G. WILLIKERS 151-85872143 NY J5O5DU *****9214 05/10 19:07,Shareholder Distribution
,Cash-ATC-PC Operating Account,05/20/2024,POS Purchase Non-PIN THE BRICK AT 2 WEST SARATOGA SPRI NY IN0700 *****9214 05/17 21:35,Cash-ATC-PC Operating Account
,Cash-ATC-PC Operating Account,05/20/2024,POS Purchase Non-PIN THE BRICK AT 2 WEST SARATOGA SPRI NY IN0700 *****9214 05/17 21:35,Meals and Entertainment
,Cash-ATC-PC Operating Account,05/22/2024,Nedwick Family bills TO: DDXXXX3165,Cash-ATC-PC Operating Account
,Cash-ATC-PC Operating Account,05/22/2024,Nedwick Family bills TO: DDXXXX3165,Shareholder Distribution
,Cash-ATC-PC Operating Account,05/28/2024,Nedwick Family bills TO: DDXXXX3165,Cash-ATC-PC Operating Account
,Cash-ATC-PC Operating Account,05/28/2024,Nedwick Family bills TO: DDXXXX3165,Shareholder Distribution
,Cash-ATC-PC Operating Account,05/28/2024,Check 3095 Check,Cash-ATC-PC Operating Account
,Cash-ATC-PC Operating Account,05/28/2024,Check 3095 Check,Shareholder Distribution
,Cash-ATC-PC Operating Account,05/29/2024,POS Purchase Non-PIN ULTA #**** SARATOGA SPRI NY 000017 *****9214 05/28 12:28,Cash-ATC-PC Operating Account
,Cash-ATC-PC Operating Account,05/29/2024,POS Purchase Non-PIN ULTA #**** SARATOGA SPRI NY 000017 *****9214 05/28 12:28,Shareholder Distribution
,Cash-ATC-PC Operating Account,06/03/2024,Nedwick Family bills TO: DDXXXX3165,Cash-ATC-PC Operating Account
,Cash-ATC-PC Operating Account,06/03/2024,Nedwick Family bills TO: DDXXXX3165,Shareholder Distribution
,Cash-ATC-PC Operating Account,06/07/2024,KJH June phone TO: DDXXXX0727,Cash-ATC-PC Operating Account
,Cash-ATC-PC Operating Account,06/07/2024,KJH June phone TO: DDXXXX0727,Office Supplies:Telephone & Internet Expense
,Cash-ATC-PC Operating Account,06/10/2024,POS Purchase Non-PIN ENCOUNTER SARATOGA SPRI NY 258779 *****9214 06/07 19:25,Cash-ATC-PC Operating Account
,Cash-ATC-PC Operating Account,06/10/2024,POS Purchase Non-PIN ENCOUNTER SARATOGA SPRI NY 258779 *****9214 06/07 19:25,Shareholder Distribution
,Cash-ATC-PC Operating Account,06/14/2024,POS Purchase Non-PIN SQ *BREAD BASKET SARATOGA SPRI NY 778273 *****9214 06/13 16:27,Cash-ATC-PC Operating Account
,Cash-ATC-PC Operating Account,06/14/2024,POS Purchase Non-PIN SQ *BREAD BASKET SARATOGA SPRI NY 778273 *****9214 06/13 16:27,Meals and Entertainment
,Cash-ATC-PC Operating Account,06/14/2024,14 Bennington TO: DDXXXX3165,Cash-ATC-PC Operating Account
,Cash-ATC-PC Operating Account,06/14/2024,14 Bennington TO: DDXXXX3165,Shareholder Distribution
,Cash-ATC-PC Operating Account,06/17/2024,POS Purchase Non-PIN ALGONQUIN CORP BOLTON LANDIN NY 023671 *****9214 06/15 13:40,Cash-ATC-PC Operating Account
,Cash-ATC-PC Operating Account,06/17/2024,POS Purchase Non-PIN ALGONQUIN CORP BOLTON LANDIN NY 023671 *****9214 06/15 13:40,Meals and Entertainment
,Cash-ATC-PC Operating Account,06/24/2024,POS Purchase Non-PIN LS PARKWAY MUSIC 518-3830300 NY QAXT6O *****9214 06/21 17:02,Cash-ATC-PC Operating Account
,Cash-ATC-PC Operating Account,06/24/2024,POS Purchase Non-PIN LS PARKWAY MUSIC 518-3830300 NY QAXT6O *****9214 06/21 17:02,Shareholder Distribution
,Cash-ATC-PC Operating Account,06/26/2024,Nedwick family bills TO: DDXXXX3165,Cash-ATC-PC Operating Account
,Cash-ATC-PC Operating Account,06/26/2024,Nedwick family bills TO: DDXXXX3165,Shareholder Distribution
,Cash-ATC-PC Operating Account,06/28/2024,Deposit,Cash-ATC-PC Operating Account
,Cash-ATC-PC Operating Account,06/28/2024,Deposit,Legal Fee Income
,Cash-ATC-PC Operating Account,06/28/2024,Deposit,Office expenses
,Cash-ATC-PC Operating Account,07/05/2024,POS Purchase Non-PIN BALLARD WINE SPIRITS GANSEVOORT NY 761380 *****9214 07/03 23:32,Cash-ATC-PC Operating Account
,Cash-ATC-PC Operating Account,07/05/2024,POS Purchase Non-PIN BALLARD WINE SPIRITS GANSEVOORT NY 761380 *****9214 07/03 23:32,Meals and Entertainment
,Cash-ATC-PC Operating Account,07/08/2024,POS Purchase Non-PIN SQ *HATTIES WILTON Saratoga Spri NY IN0002 *****9214 07/05 18:24,Cash-ATC-PC Operating Account
,Cash-ATC-PC Operating Account,07/08/2024,POS Purchase Non-PIN SQ *HATTIES WILTON Saratoga Spri NY IN0002 *****9214 07/05 18:24,Meals and Entertainment
,Cash-ATC-PC Operating Account,07/10/2024,Nedwick Family bills TO: DDXXXX3165,Cash-ATC-PC Operating Account
,Cash-ATC-PC Operating Account,07/10/2024,Nedwick Family bills TO: DDXXXX3165,Shareholder Distribution
,Cash-ATC-PC Operating Account,07/12/2024,KJH cell phone TO: DDXXXX0727,Cash-ATC-PC Operating Account
,Cash-ATC-PC Operating Account,07/12/2024,KJH cell phone TO: DDXXXX0727,Office Supplies:Telephone & Internet Expense
,Cash-ATC-PC Operating Account,07/15/2024,POS Purchase Non-PIN ATLAS - NEW WORLD BISTR ROSLYN NY 360901 *****9214 07/13 10:21,Cash-ATC-PC Operating Account
,Cash-ATC-PC Operating Account,07/15/2024,POS Purchase Non-PIN ATLAS - NEW WORLD BISTR ROSLYN NY 360901 *****9214 07/13 10:21,Meals and Entertainment
,Cash-ATC-PC Operating Account,07/17/2024,14 mortgage TO: DDXXXX3165,Cash-ATC-PC Operating Account
,Cash-ATC-PC Operating Account,07/17/2024,14 mortgage TO: DDXXXX3165,Shareholder Distribution
,Cash-ATC-PC Operating Account,07/26/2024,POS Purchase Non-PIN AMBROSIA DINER - QUEEN 518-6365486 NY 763738 *****9214 07/24 14:49,Cash-ATC-PC Operating Account
,Cash-ATC-PC Operating Account,07/26/2024,POS Purchase Non-PIN AMBROSIA DINER - QUEEN 518-6365486 NY 763738 *****9214 07/24 14:49,Meals and Entertainment
,Cash-ATC-PC Operating Account,07/29/2024,POS Purchase Non-PIN THE LAKE GEORGE BEACH C LAKE GEORGE NY 026798 *****9214 07/28 12:41,Cash-ATC-PC Operating Account
,Cash-ATC-PC Operating Account,07/29/2024,POS Purchase Non-PIN THE LAKE GEORGE BEACH C LAKE GEORGE NY 026798 *****9214 07/28 12:41,Meals and Entertainment
,Cash-ATC-PC Operating Account,07/29/2024,POS Purchase Non-PIN MRS. LONDON`S SARATOGA SARATOGA SPRI NY IN4400 *****9214 07/26 21:13,Cash-ATC-PC Operating Account
,Cash-ATC-PC Operating Account,07/29/2024,POS Purchase Non-PIN MRS. LONDON`S SARATOGA SARATOGA SPRI NY IN4400 *****9214 07/26 21:13,Meals and Entertainment
,Cash-ATC-PC Operating Account,07/31/2024,POS Purchase Non-PIN THE BRICK AT 2 WEST SARATOGA SPRI NY IN1200 *****9214 07/30 21:04,Cash-ATC-PC Operating Account
,Cash-ATC-PC Operating Account,07/31/2024,POS Purchase Non-PIN THE BRICK AT 2 WEST SARATOGA SPRI NY IN1200 *****9214 07/30 21:04,Meals and Entertainment
,Cash-ATC-PC Operating Account,08/05/2024,POS Purchase Non-PIN TST*THORN AND ROOTS Saratoga Spri NY INC800 *****9214 08/02 11:41,Cash-ATC-PC Operating Account
,Cash-ATC-PC Operating Account,08/05/2024,POS Purchase Non-PIN TST*THORN AND ROOTS Saratoga Spri NY INC800 *****9214 08/02 11:41,Meals and Entertainment
,Cash-ATC-PC Operating Account,08/05/2024,boat TO: DDXXXX3165,Cash-ATC-PC Operating Account
,Cash-ATC-PC Operating Account,08/05/2024,boat TO: DDXXXX3165,Shareholder Distribution
,Cash-ATC-PC Operating Account,08/06/2024,England PAY Invoice 20071 FROM: DDXXXX26 66,Cash-ATC-PC Operating Account
,Cash-ATC-PC Operating Account,08/06/2024,inv 20071,Due to Client
,Cash-ATC-PC Operating Account,08/06/2024,England PAY Invoice 20071 FROM: DDXXXX26 66,ADK Retainer Account
,Cash-ATC-PC Operating Account,08/06/2024,England PAY Invoice 20071 FROM: DDXXXX26 66,Legal Fee Income
,Cash-ATC-PC Operating Account,08/06/2024,England PAY Invoice 20071 FROM: DDXXXX26 66,Prepaid Client expenses
,Cash-ATC-PC Operating Account,08/08/2024,POS Purchase Non-PIN MRS. LONDON`S SARATOGA SARATOGA SPRI NY IN0700 *****9214 08/07 21:05,Cash-ATC-PC Operating Account
,Cash-ATC-PC Operating Account,08/08/2024,POS Purchase Non-PIN MRS. LONDON`S SARATOGA SARATOGA SPRI NY IN0700 *****9214 08/07 21:05,Meals and Entertainment
,Cash-ATC-PC Operating Account,08/09/2024,POS Purchase Non-PIN MRS. LONDON`S SARATOGA SARATOGA SPRI NY IN7400 *****9214 08/08 21:00,Cash-ATC-PC Operating Account
,Cash-ATC-PC Operating Account,08/09/2024,POS Purchase Non-PIN MRS. LONDON`S SARATOGA SARATOGA SPRI NY IN7400 *****9214 08/08 21:00,Meals and Entertainment
,Cash-ATC-PC Operating Account,08/12/2024,POS Purchase Non-PIN THE BRICK AT 2 WEST SARATOGA SPRI NY IN9200 *****9214 08/10 23:16,Cash-ATC-PC Operating Account
,Cash-ATC-PC Operating Account,08/12/2024,POS Purchase Non-PIN THE BRICK AT 2 WEST SARATOGA SPRI NY IN9200 *****9214 08/10 23:16,Meals and Entertainment
,Cash-ATC-PC Operating Account,08/12/2024,POS Purchase Non-PIN MRS. LONDON`S SARATOGA SARATOGA SPRI NY IN7200 *****9214 08/10 23:16,Cash-ATC-PC Operating Account
,Cash-ATC-PC Operating Account,08/12/2024,POS Purchase Non-PIN MRS. LONDON`S SARATOGA SARATOGA SPRI NY IN7200 *****9214 08/10 23:16,Meals and Entertainment
,Cash-ATC-PC Operating Account,08/13/2024,14 Mortgage TO: DDXXXX3165,Cash-ATC-PC Operating Account
,Cash-ATC-PC Operating Account,08/13/2024,14 Mortgage TO: DDXXXX3165,Shareholder Distribution
,Cash-ATC-PC Operating Account,08/16/2024,Nedwick Family bills TO: DDXXXX3165,Cash-ATC-PC Operating Account
,Cash-ATC-PC Operating Account,08/16/2024,Nedwick Family bills TO: DDXXXX3165,Shareholder Distribution
,Cash-ATC-PC Operating Account,08/16/2024,POS Purchase Non-PIN THE LAKE GEORGE BEACH C LAKE GEORGE NY 026798 *****9214 08/14 15:09,Cash-ATC-PC Operating Account
,Cash-ATC-PC Operating Account,08/16/2024,POS Purchase Non-PIN THE LAKE GEORGE BEACH C LAKE GEORGE NY 026798 *****9214 08/14 15:09,Meals and Entertainment
,Cash-ATC-PC Operating Account,08/19/2024,POS Purchase Non-PIN MRS. LONDON`S SARATOGA SARATOGA SPRI NY IN8700 *****9214 08/17 23:25,Cash-ATC-PC Operating Account
,Cash-ATC-PC Operating Account,08/19/2024,POS Purchase Non-PIN MRS. LONDON`S SARATOGA SARATOGA SPRI NY IN8700 *****9214 08/17 23:25,Meals and Entertainment
,Cash-ATC-PC Operating Account,08/21/2024,POS Purchase Non-PIN MONTE CRISTOS COCKTAIL LAKE GEORGE NY 680537 *****9214 08/20 00:37,Cash-ATC-PC Operating Account
,Cash-ATC-PC Operating Account,08/21/2024,POS Purchase Non-PIN MONTE CRISTOS COCKTAIL LAKE GEORGE NY 680537 *****9214 08/20 00:37,Meals and Entertainment
,Cash-ATC-PC Operating Account,08/30/2024,POS Purchase Non-PIN COMPADRES DINER GANSEVOORT NY 042360 *****9214 08/29 21:38,Cash-ATC-PC Operating Account
,Cash-ATC-PC Operating Account,08/30/2024,POS Purchase Non-PIN COMPADRES DINER GANSEVOORT NY 042360 *****9214 08/29 21:38,Meals and Entertainment
,Cash-ATC-PC Operating Account,09/03/2024,POS Purchase Non-PIN TST* GIUSEPPE'S PIZZERI LAKE GEORGE NY 721508 *****9214 09/03 09:58,Cash-ATC-PC Operating Account
,Cash-ATC-PC Operating Account,09/03/2024,POS Purchase Non-PIN TST* GIUSEPPE'S PIZZERI LAKE GEORGE NY 721508 *****9214 09/03 09:58,Meals and Entertainment
,Cash-ATC-PC Operating Account,09/04/2024,"New York Quality/Fidelis Ca Julie M Frances, P.C.",Cash-ATC-PC Operating Account
,Cash-ATC-PC Operating Account,09/04/2024,"New York Quality/Fidelis Ca Julie M Frances, P.C.",Insurance
,Cash-ATC-PC Operating Account,09/05/2024,Nedwick Family bills TO: DDXXXX3165,Cash-ATC-PC Operating Account
,Cash-ATC-PC Operating Account,09/05/2024,Nedwick Family bills TO: DDXXXX3165,Shareholder Distribution
,Cash-ATC-PC Operating Account,09/06/2024,KJH phone TO: DDXXXX0727,Cash-ATC-PC Operating Account
,Cash-ATC-PC Operating Account,09/06/2024,KJH phone TO: DDXXXX0727,Utilities
,Cash-ATC-PC Operating Account,09/10/2024,Deposit,Cash-ATC-PC Operating Account
,Cash-ATC-PC Operating Account,09/10/2024,Deposit,Legal Fee Income
,Cash-ATC-PC Operating Account,09/13/2024,14 mortgage TO: DDXXXX3165,Cash-ATC-PC Operating Account
,Cash-ATC-PC Operating Account,09/13/2024,14 mortgage TO: DDXXXX3165,Shareholder Distribution
,Cash-ATC-PC Operating Account,09/18/2024,Nedwick Family bills TO: DDXXXX3165,Cash-ATC-PC Operating Account
,Cash-ATC-PC Operating Account,09/18/2024,Nedwick Family bills TO: DDXXXX3165,Shareholder Distribution
,Cash-ATC-PC Operating Account,10/01/2024,POS Purchase Non-PIN KINJO JAPANESE 518-5878888 NY 763509 *****9214 09/29 14:48,Cash-ATC-PC Operating Account
,Cash-ATC-PC Operating Account,10/01/2024,POS Purchase Non-PIN KINJO JAPANESE 518-5878888 NY 763509 *****9214 09/29 14:48,Meals and Entertainment
,Cash-ATC-PC Operating Account,10/02/2024,Nedwick Famiy bills TO: DDXXXX3165,Cash-ATC-PC Operating Account
,Cash-ATC-PC Operating Account,10/02/2024,Nedwick Famiy bills TO: DDXXXX3165,Shareholder Distribution
,Cash-ATC-PC Operating Account,10/07/2024,POS Purchase Non-PIN ADIRONDACK PUB AND BREW LAKE GEORGE NY 026302 *****9214 10/06 06:47,Cash-ATC-PC Operating Account
,Cash-ATC-PC Operating Account,10/07/2024,POS Purchase Non-PIN ADIRONDACK PUB AND BREW LAKE GEORGE NY 026302 *****9214 10/06 06:47,Meals and Entertainment
,Cash-ATC-PC Operating Account,10/07/2024,POS Purchase Non-PIN SUTLER SHOP LAKE GEORGE NY 030837 *****9214 10/06 18:43,Cash-ATC-PC Operating Account
,Cash-ATC-PC Operating Account,10/07/2024,POS Purchase Non-PIN SUTLER SHOP LAKE GEORGE NY 030837 *****9214 10/06 18:43,Meals and Entertainment
,Cash-ATC-PC Operating Account,10/09/2024,"New York Quality/Fidelis Ca Julie M Frances, P.C.",Cash-ATC-PC Operating Account
,Cash-ATC-PC Operating Account,10/09/2024,"New York Quality/Fidelis Ca Julie M Frances, P.C.",Insurance
,Cash-ATC-PC Operating Account,10/10/2024,POS Purchase Non-PIN THE BRICK AT 2 WEST SARATOGA SPRI NY IN7900 *****9214 10/09 20:49,Cash-ATC-PC Operating Account
,Cash-ATC-PC Operating Account,10/10/2024,POS Purchase Non-PIN THE BRICK AT 2 WEST SARATOGA SPRI NY IN7900 *****9214 10/09 20:49,Meals and Entertainment
,Cash-ATC-PC Operating Account,10/17/2024,POS Purchase Non-PIN HENRYS TAVERN BALLSTON SPA NY 788716 *****9214 10/15 14:57,Cash-ATC-PC Operating Account
,Cash-ATC-PC Operating Account,10/17/2024,POS Purchase Non-PIN HENRYS TAVERN BALLSTON SPA NY 788716 *****9214 10/15 14:57,Meals and Entertainment
,Cash-ATC-PC Operating Account,10/21/2024,POS Purchase Non-PIN SQ *YELLOW BOUTIQUE SARATOGA SPRI NY 778273 *****9214 10/18 19:10,Cash-ATC-PC Operating Account
,Cash-ATC-PC Operating Account,10/21/2024,POS Purchase Non-PIN SQ *YELLOW BOUTIQUE SARATOGA SPRI NY 778273 *****9214 10/18 19:10,Shareholder Distribution
,Cash-ATC-PC Operating Account,10/22/2024,Deposit,Cash-ATC-PC Operating Account
,Cash-ATC-PC Operating Account,10/22/2024,Deposit,Ask My Accountant
,Cash-ATC-PC Operating Account,10/22/2024,INTERNET TRANSFER FROM: DDXXXX3165,Cash-ATC-PC Operating Account
,Cash-ATC-PC Operating Account,10/22/2024,INTERNET TRANSFER FROM: DDXXXX3165,Ask My Accountant
,Cash-ATC-PC Operating Account,10/22/2024,KJH phone TO: DDXXXX0727,Cash-ATC-PC Operating Account
,Cash-ATC-PC Operating Account,10/22/2024,KJH phone TO: DDXXXX0727,Utilities
,Cash-ATC-PC Operating Account,11/13/2024,Nedwick Family bills TO: DDXXXX3165,Cash-ATC-PC Operating Account
,Cash-ATC-PC Operating Account,11/13/2024,Nedwick Family bills TO: DDXXXX3165,Shareholder Distribution
,Cash-ATC-PC Operating Account,11/18/2024,POS Purchase Non-PIN SARATOGA GAMING AND RAC SARATOGA SPGS NY 118858 *****9214 11/16 22:12,Cash-ATC-PC Operating Account
,Cash-ATC-PC Operating Account,11/18/2024,POS Purchase Non-PIN SARATOGA GAMING AND RAC SARATOGA SPGS NY 118858 *****9214 11/16 22:12,Shareholder Distribution
,Cash-ATC-PC Operating Account,11/19/2024,"New York Quality/Fidelis Ca Julie M Frances, P.C.",Cash-ATC-PC Operating Account
,Cash-ATC-PC Operating Account,11/19/2024,"New York Quality/Fidelis Ca Julie M Frances, P.C.",Insurance
,Cash-ATC-PC Operating Account,11/20/2024,POS Purchase Non-PIN EAST SIDE WINE AND SPIR SARATOGA SPGS NY 767065 *****9214 11/19 22:34,Cash-ATC-PC Operating Account
,Cash-ATC-PC Operating Account,11/20/2024,POS Purchase Non-PIN EAST SIDE WINE AND SPIR SARATOGA SPGS NY 767065 *****9214 11/19 22:34,Meals and Entertainment
,Cash-ATC-PC Operating Account,11/21/2024,POS Purchase Non-PIN FORNO TOSCANO BISTRO SARATOGA SPRI NY 025962 *****9214 11/19 14:30,Cash-ATC-PC Operating Account
,Cash-ATC-PC Operating Account,11/21/2024,POS Purchase Non-PIN FORNO TOSCANO BISTRO SARATOGA SPRI NY 025962 *****9214 11/19 14:30,Meals and Entertainment
,Cash-ATC-PC Operating Account,11/21/2024,POS Purchase Non-PIN UEP*LEGEND SUSHI BISTRO SPA NY 339631 *****9214 11/20 23:58,Cash-ATC-PC Operating Account
,Cash-ATC-PC Operating Account,11/21/2024,POS Purchase Non-PIN UEP*LEGEND SUSHI BISTRO SPA NY 339631 *****9214 11/20 23:58,Meals and Entertainment
,Cash-ATC-PC Operating Account,11/21/2024,boat loan TO: DDXXXX3165,Cash-ATC-PC Operating Account
,Cash-ATC-PC Operating Account,11/21/2024,boat loan TO: DDXXXX3165,Shareholder Distribution
,Cash-ATC-PC Operating Account,11/22/2024,KJH November cell phone TO: DDXXXX0727,Cash-ATC-PC Operating Account
,Cash-ATC-PC Operating Account,11/22/2024,KJH November cell phone TO: DDXXXX0727,Office Supplies:Telephone & Internet Expense
,Cash-ATC-PC Operating Account,12/02/2024,AMEX EPAYMENT/ACH PMT JMF LAW PC Operating A,Cash-ATC-PC Operating Account
,Cash-ATC-PC Operating Account,12/02/2024,AMEX EPAYMENT/ACH PMT JMF LAW PC Operating A,American Express
,Cash-ATC-PC Operating Account,12/02/2024,AMEX EPAYMENT/ACH PMT JMF LAW PC Operating A,Cash-ATC-PC Operating Account
,Cash-ATC-PC Operating Account,12/02/2024,AMEX EPAYMENT/ACH PMT JMF LAW PC Operating A,American Express
,Cash-ATC-PC Operating Account,12/05/2024,Nedwick Family bills TO: DDXXXX3165,Cash-ATC-PC Operating Account
,Cash-ATC-PC Operating Account,12/05/2024,Nedwick Family bills TO: DDXXXX3165,Shareholder Distribution
,Cash-ATC-PC Operating Account,12/06/2024,POS Purchase Non-PIN THE BRICK AT 2 WEST SARATOGA SPRI NY 046300 *****9214 12/05 04:15,Cash-ATC-PC Operating Account
,Cash-ATC-PC Operating Account,12/06/2024,POS Purchase Non-PIN THE BRICK AT 2 WEST SARATOGA SPRI NY 046300 *****9214 12/05 04:15,Meals and Entertainment
,Cash-ATC-PC Operating Account,12/13/2024,Deposit,Cash-ATC-PC Operating Account
,Cash-ATC-PC Operating Account,12/13/2024,Deposit,Ask My Accountant
,Cash-ATC-PC Operating Account,12/16/2024,AMEX EPAYMENT/ACH PMT JMF LAW PC Operating A,Cash-ATC-PC Operating Account
,Cash-ATC-PC Operating Account,12/16/2024,AMEX EPAYMENT/ACH PMT JMF LAW PC Operating A,American Express
,Cash-ATC-PC Operating Account,12/18/2024,boat loan TO: DDXXXX3165,Cash-ATC-PC Operating Account
,Cash-ATC-PC Operating Account,12/18/2024,boat loan TO: DDXXXX3165,Shareholder Distribution
,Cash-ATC-PC Operating Account,12/23/2024,POS Purchase Non-PIN LS SARATOGA SADDLERY 151-85804522 NY IML4JF *****9214 12/22 11:58,Cash-ATC-PC Operating Account
,Cash-ATC-PC Operating Account,12/23/2024,POS Purchase Non-PIN LS SARATOGA SADDLERY 151-85804522 NY IML4JF *****9214 12/22 11:58,Shareholder Distribution
,Cash-ATC-PC Operating Account,12/23/2024,KJH phone TO: DDXXXX0727,Cash-ATC-PC Operating Account
,Cash-ATC-PC Operating Account,12/23/2024,KJH phone TO: DDXXXX0727,Utilities
,Cash-ATC-PC Operating Account,12/24/2024,POS Purchase Non-PIN PURDY'S DISCOUNT WINE & SARATOGA SPRI NY 076435 *****9214 12/23 00:13,Cash-ATC-PC Operating Account
,Cash-ATC-PC Operating Account,12/24/2024,POS Purchase Non-PIN PURDY'S DISCOUNT WINE & SARATOGA SPRI NY 076435 *****9214 12/23 00:13,Shareholder Distribution
,Cash-ATC-PC Operating Account,01/08/2025,POS Purchase Non-PIN MARKET32 PCHOPPER #039 SARATOGA SPRI NY 39 00 *****9214 01/07 02:50,Cash-ATC-PC Operating Account
,Cash-ATC-PC Operating Account,01/08/2025,POS Purchase Non-PIN MARKET32 PCHOPPER #039 SARATOGA SPRI NY 39 00 *****9214 01/07 02:50,Meals and Entertainment
,Cash-ATC-PC Operating Account,01/21/2025,boat loan TO: DDXXXX3165,Cash-ATC-PC Operating Account
,Cash-ATC-PC Operating Account,01/21/2025,boat loan TO: DDXXXX3165,Shareholder Distribution
,Cash-ATC-PC Operating Account,01/27/2025,POS Purchase Non-PIN KINDRED SARATOGA SPRI NY IND100 *****9214 01/26 22:34,Cash-ATC-PC Operating Account
,Cash-ATC-PC Operating Account,01/27/2025,POS Purchase Non-PIN KINDRED SARATOGA SPRI NY IND100 *****9214 01/26 22:34,Meals and Entertainment
,Cash-ATC-PC Operating Account,01/29/2025,POS Purchase Non-PIN MRS. LONDON`S SARATOGA SARATOGA SPRI NY IN1090 *****9214 01/28 21:02,Cash-ATC-PC Operating Account
,Cash-ATC-PC Operating Account,01/29/2025,POS Purchase Non-PIN MRS. LONDON`S SARATOGA SARATOGA SPRI NY IN1090 *****9214 01/28 21:02,Meals and Entertainment
,Cash-ATC-PC Operating Account,02/04/2025,POS Purchase Non-PIN HARU JAPANESE SARATOGA SPRI NY 000117 *****9214 02/03 22:27,Cash-ATC-PC Operating Account
,Cash-ATC-PC Operating Account,02/04/2025,POS Purchase Non-PIN HARU JAPANESE SARATOGA SPRI NY 000117 *****9214 02/03 22:27,Meals and Entertainment
,Cash-ATC-PC Operating Account,02/10/2025,AMEX EPAYMENT/ACH PMT JMF LAW PC Operating A,Cash-ATC-PC Operating Account
,Cash-ATC-PC Operating Account,02/10/2025,AMEX EPAYMENT/ACH PMT JMF LAW PC Operating A,American Express
,Cash-ATC-PC Operating Account,02/10/2025,Nedwick bills TO: DDXXXX3165,Cash-ATC-PC Operating Account
,Cash-ATC-PC Operating Account,02/10/2025,Nedwick bills TO: DDXXXX3165,Shareholder Distribution
,Cash-ATC-PC Operating Account,02/12/2025,POS Purchase Non-PIN BR FACTORY US 7927 LAKE GEORGE NY IN1630 *****9214 02/11 03:35,Cash-ATC-PC Operating Account
,Cash-ATC-PC Operating Account,02/12/2025,POS Purchase Non-PIN BR FACTORY US 7927 LAKE GEORGE NY IN1630 *****9214 02/11 03:35,Shareholder Distribution
,Cash-ATC-PC Operating Account,02/12/2025,POS Purchase Non-PIN LOX OF BAGELS & MOOR QUEENSBURY NY 028944 *****9214 02/11 18:01,Cash-ATC-PC Operating Account
,Cash-ATC-PC Operating Account,02/12/2025,POS Purchase Non-PIN LOX OF BAGELS & MOOR QUEENSBURY NY 028944 *****9214 02/11 18:01,Meals and Entertainment
,Cash-ATC-PC Operating Account,02/13/2025,Nedwick Family Bills TO: DDXXXX3165,Cash-ATC-PC Operating Account
,Cash-ATC-PC Operating Account,02/13/2025,Nedwick Family Bills TO: DDXXXX3165,Shareholder Distribution
,Cash-ATC-PC Operating Account,02/13/2025,Nedwick Famly bills TO: DDXXXX3165,Cash-ATC-PC Operating Account
,Cash-ATC-PC Operating Account,02/13/2025,Nedwick Famly bills TO: DDXXXX3165,Shareholder Distribution
,Cash-ATC-PC Operating Account,02/18/2025,boat loan TO: DDXXXX3165,Cash-ATC-PC Operating Account
,Cash-ATC-PC Operating Account,02/18/2025,boat loan TO: DDXXXX3165,Shareholder Distribution
,Cash-ATC-PC Operating Account,02/21/2025,POS Purchase Non-PIN MRS. LONDON`S SARATOGA SARATOGA SPRI NY IN8800 *****9214 02/20 21:27,Cash-ATC-PC Operating Account
,Cash-ATC-PC Operating Account,02/21/2025,POS Purchase Non-PIN MRS. LONDON`S SARATOGA SARATOGA SPRI NY IN8800 *****9214 02/20 21:27,Meals and Entertainment
,Cash-ATC-PC Operating Account,03/07/2025,Nedwick Famiy Bills TO: DDXXXX3165,Cash-ATC-PC Operating Account
,Cash-ATC-PC Operating Account,03/07/2025,Nedwick Famiy Bills TO: DDXXXX3165,Shareholder Distribution
,Cash-ATC-PC Operating Account,03/14/2025,Nedwick Famiy TO: DDXXXX3165,Cash-ATC-PC Operating Account
,Cash-ATC-PC Operating Account,03/14/2025,Nedwick Famiy TO: DDXXXX3165,Shareholder Distribution
,Cash-ATC-PC Operating Account,03/18/2025,boat loan TO: DDXXXX3165,Cash-ATC-PC Operating Account
,Cash-ATC-PC Operating Account,03/18/2025,boat loan TO: DDXXXX3165,Shareholder Distribution
,Cash-ATC-PC Operating Account,03/19/2025,POS Purchase Non-PIN MRS. LONDON`S SARATOGA SARATOGA SPRI NY INA000 *****9214 03/18 20:46,Cash-ATC-PC Operating Account
,Cash-ATC-PC Operating Account,03/19/2025,POS Purchase Non-PIN MRS. LONDON`S SARATOGA SARATOGA SPRI NY INA000 *****9214 03/18 20:46,Meals and Entertainment
,Cash-ATC-PC Operating Account,03/28/2025,POS Purchase Non-PIN LOX OF BAGELS & MOOR QUEENSBURY NY 028944 *****9214 03/27 17:47,Cash-ATC-PC Operating Account
,Cash-ATC-PC Operating Account,03/28/2025,POS Purchase Non-PIN LOX OF BAGELS & MOOR QUEENSBURY NY 028944 *****9214 03/27 17:47,Meals and Entertainment
,Cash-ATC-PC Operating Account,04/10/2025,Nedwick Family Bills TO: DDXXXX3165,Cash-ATC-PC Operating Account
,Cash-ATC-PC Operating Account,04/10/2025,Nedwick Family Bills TO: DDXXXX3165,Shareholder Distribution
,Cash-ATC-PC Operating Account,04/18/2025,boat loan TO: DDXXXX3165,Cash-ATC-PC Operating Account
,Cash-ATC-PC Operating Account,04/18/2025,boat loan TO: DDXXXX3165,Shareholder Distribution
,Cash-ATC-PC Operating Account,04/28/2025,POS Purchase Non-PIN HENRY STREET TAPROOM SARATOGA SPGS NY IN8200 *****9214 04/27 21:57,Cash-ATC-PC Operating Account
,Cash-ATC-PC Operating Account,04/28/2025,POS Purchase Non-PIN HENRY STREET TAPROOM SARATOGA SPGS NY IN8200 *****9214 04/27 21:57,Meals and Entertainment
,Cash-ATC-PC Operating Account,04/28/2025,POS Purchase Non-PIN SQ *PDT MAISON Saratoga Spri NY IN0300 *****9214 04/27 19:20,Cash-ATC-PC Operating Account
,Cash-ATC-PC Operating Account,04/28/2025,POS Purchase Non-PIN SQ *PDT MAISON Saratoga Spri NY IN0300 *****9214 04/27 19:20,Meals and Entertainment
,Cash-ATC-PC Operating Account,04/29/2025,POS Purchase Non-PIN SQ *PDT MAISON Saratoga Spri NY IN8000 *****9214 04/28 16:53,Cash-ATC-PC Operating Account
,Cash-ATC-PC Operating Account,04/29/2025,POS Purchase Non-PIN SQ *PDT MAISON Saratoga Spri NY IN8000 *****9214 04/28 16:53,Meals and Entertainment
,Cash-ATC-PC Operating Account,04/30/2025,AMEX EPAYMENT/ACH PMT JMF LAW PC Operating A,Cash-ATC-PC Operating Account
,Cash-ATC-PC Operating Account,04/30/2025,AMEX EPAYMENT/ACH PMT JMF LAW PC Operating A,American Express
,Cash-ATC-PC Operating Account,05/08/2025,POS Purchase Non-PIN OSAKA SUSHI HOUSE SARATOGA SPRI NY 000108 *****9214 05/07 22:33,Cash-ATC-PC Operating Account
,Cash-ATC-PC Operating Account,05/08/2025,POS Purchase Non-PIN OSAKA SUSHI HOUSE SARATOGA SPRI NY 000108 *****9214 05/07 22:33,Meals and Entertainment
,Cash-ATC-PC Operating Account,05/14/2025,POS Purchase Non-PIN MRS. LONDON`S SARATOGA SARATOGA SPRI NY IN0800 *****9214 05/13 21:29,Cash-ATC-PC Operating Account
,Cash-ATC-PC Operating Account,05/14/2025,POS Purchase Non-PIN MRS. LONDON`S SARATOGA SARATOGA SPRI NY IN0800 *****9214 05/13 21:29,Meals and Entertainment
,Cash-ATC-PC Operating Account,05/19/2025,boat loan TO: DDXXXX3165,Cash-ATC-PC Operating Account
,Cash-ATC-PC Operating Account,05/19/2025,boat loan TO: DDXXXX3165,Shareholder Distribution
,Cash-ATC-PC Operating Account,05/21/2025,POS Purchase Non-PIN OSAKA SUSHI HOUSE SARATOGA SPRI NY 000108 *****9214 05/20 22:29,Cash-ATC-PC Operating Account
,Cash-ATC-PC Operating Account,05/21/2025,POS Purchase Non-PIN OSAKA SUSHI HOUSE SARATOGA SPRI NY 000108 *****9214 05/20 22:29,Meals and Entertainment
,Cash-ATC-PC Operating Account,05/27/2025,Nedwick family bills TO: DDXXXX3165,Cash-ATC-PC Operating Account
,Cash-ATC-PC Operating Account,05/27/2025,Nedwick family bills TO: DDXXXX3165,Shareholder Distribution
,Cash-ATC-PC Operating Account,05/27/2025,POS Purchase Non-PIN EL MEXICANO DOS INC. SARATOGA SPGS NY 753211 *****9214 05/23 00:08,Cash-ATC-PC Operating Account
,Cash-ATC-PC Operating Account,05/27/2025,POS Purchase Non-PIN EL MEXICANO DOS INC. SARATOGA SPGS NY 753211 *****9214 05/23 00:08,Meals and Entertainment
,Cash-ATC-PC Operating Account,06/11/2025,AMEX EPAYMENT/ACH PMT JMF LAW PC Operating A,Cash-ATC-PC Operating Account
,Cash-ATC-PC Operating Account,06/11/2025,AMEX EPAYMENT/ACH PMT JMF LAW PC Operating A,American Express
,Cash-ATC-PC Operating Account,06/18/2025,boat loan TO: DDXXXX3165,Cash-ATC-PC Operating Account
,Cash-ATC-PC Operating Account,06/18/2025,boat loan TO: DDXXXX3165,Shareholder Distribution
,Cash-ATC-PC Operating Account,06/26/2025,Nedwick Family bills TO: DDXXXX3165,Cash-ATC-PC Operating Account
,Cash-ATC-PC Operating Account,06/26/2025,Nedwick Family bills TO: DDXXXX3165,Shareholder Distribution
,Cash-ATC-PC Operating Account,07/03/2025,HARTFORD LIFE AN/PREMRMB349 RMR*IK*XXXXXXXX9940\ THE LAW OFFICE OF JULI,Cash-ATC-PC Operating Account
,Cash-ATC-PC Operating Account,07/03/2025,HARTFORD LIFE AN/PREMRMB349 RMR*IK*XXXXXXXX9940\ THE LAW OFFICE OF JULI,Insurance Expense
,Cash-ATC-PC Operating Account,07/07/2025,POS Purchase Non-PIN ALDO SPERRY 3842 LAKE GEORGE NY 388511 *****9214 07/06 23:12,Cash-ATC-PC Operating Account
,Cash-ATC-PC Operating Account,07/07/2025,POS Purchase Non-PIN ALDO SPERRY 3842 LAKE GEORGE NY 388511 *****9214 07/06 23:12,Shareholder Distribution
,Cash-ATC-PC Operating Account,07/07/2025,POS Purchase Non-PIN ALDO SPERRY 3842 LAKE GEORGE NY 388511 *****9214 07/06 23:12,Cash-ATC-PC Operating Account
,Cash-ATC-PC Operating Account,07/07/2025,POS Purchase Non-PIN ALDO SPERRY 3842 LAKE GEORGE NY 388511 *****9214 07/06 23:12,Shareholder Distribution
,Cash-ATC-PC Operating Account,07/09/2025,POS Purchase Non-PIN THE BRICK AT 2 WEST SARATOGA SPRI NY 046300 *****9214 07/08 02:06,Cash-ATC-PC Operating Account
,Cash-ATC-PC Operating Account,07/09/2025,POS Purchase Non-PIN THE BRICK AT 2 WEST SARATOGA SPRI NY 046300 *****9214 07/08 02:06,Meals and Entertainment
,Cash-ATC-PC Operating Account,07/10/2025,AMEX EPAYMENT/ACH PMT JMF LAW PC Operating A,Cash-ATC-PC Operating Account
,Cash-ATC-PC Operating Account,07/10/2025,AMEX EPAYMENT/ACH PMT JMF LAW PC Operating A,American Express
,Cash-ATC-PC Operating Account,07/11/2025,AMEX EPAYMENT/ACH PMT JMF LAW PC Operating A,Cash-ATC-PC Operating Account
,Cash-ATC-PC Operating Account,07/11/2025,AMEX EPAYMENT/ACH PMT JMF LAW PC Operating A,American Express
,Cash-ATC-PC Operating Account,07/15/2025,POS Purchase Non-PIN MARKET32 PCHOPPER #039 SARATOGA SPRI NY 39 00 *****9214 07/14 02:56,Cash-ATC-PC Operating Account
,Cash-ATC-PC Operating Account,07/15/2025,POS Purchase Non-PIN MARKET32 PCHOPPER #039 SARATOGA SPRI NY 39 00 *****9214 07/14 02:56,Meals and Entertainment
,Cash-ATC-PC Operating Account,07/15/2025,POS Purchase Non-PIN MARKET32 PCHOPPER #039 SARATOGA SPRI NY 39 00 *****9214 07/14 02:56,Cash-ATC-PC Operating Account
,Cash-ATC-PC Operating Account,07/15/2025,POS Purchase Non-PIN MARKET32 PCHOPPER #039 SARATOGA SPRI NY 39 00 *****9214 07/14 02:56,Meals and Entertainment
,Cash-ATC-PC Operating Account,07/16/2025,POS Purchase Non-PIN THE BRICK AT 2 WEST SARATOGA SPRI NY 046300 *****9214 07/15 02:09,Cash-ATC-PC Operating Account
,Cash-ATC-PC Operating Account,07/16/2025,POS Purchase Non-PIN THE BRICK AT 2 WEST SARATOGA SPRI NY 046300 *****9214 07/15 02:09,Meals and Entertainment
,Cash-ATC-PC Operating Account,07/18/2025,boat loan TO: DDXXXX3165,Cash-ATC-PC Operating Account
,Cash-ATC-PC Operating Account,07/18/2025,boat loan TO: DDXXXX3165,Shareholder Distribution
,Cash-ATC-PC Operating Account,07/22/2025,AMEX EPAYMENT/ACH PMT JMF LAW PC Operating A,Cash-ATC-PC Operating Account
,Cash-ATC-PC Operating Account,07/22/2025,AMEX EPAYMENT/ACH PMT JMF LAW PC Operating A,American Express
,Cash-ATC-PC Operating Account,08/07/2025,POS Purchase Non-PIN SQ *PDT MAISON SARATOGA SPRI NY 77827301 *****9214 08/06 16:36,Cash-ATC-PC Operating Account
,Cash-ATC-PC Operating Account,08/07/2025,POS Purchase Non-PIN SQ *PDT MAISON SARATOGA SPRI NY 77827301 *****9214 08/06 16:36,Meals and Entertainment
,Cash-ATC-PC Operating Account,08/12/2025,Nedwick bills inc 1671.92 nat grid TO: D DXXXX3165,Cash-ATC-PC Operating Account
,Cash-ATC-PC Operating Account,08/12/2025,Nedwick bills inc 1671.92 nat grid TO: D DXXXX3165,Shareholder Distribution
,Cash-ATC-PC Operating Account,08/18/2025,boat loan TO: DDXXXX3165,Cash-ATC-PC Operating Account
,Cash-ATC-PC Operating Account,08/18/2025,boat loan TO: DDXXXX3165,Shareholder Distribution
,Cash-ATC-PC Operating Account,08/22/2025,POS Purchase Non-PIN SQ *PDT MAISON Saratoga Spri NY INB600 *****9214 08/21 18:28,Cash-ATC-PC Operating Account
,Cash-ATC-PC Operating Account,08/22/2025,POS Purchase Non-PIN SQ *PDT MAISON Saratoga Spri NY INB600 *****9214 08/21 18:28,Meals and Entertainment
,Cash-ATC-PC Operating Account,09/02/2025,POS Purchase With PIN FRANKLIN SQUARE 55 RAIL SARATOGA SPRI NY 99999999 *****9214 08/29 19:22,Cash-ATC-PC Operating Account
,Cash-ATC-PC Operating Account,09/02/2025,POS Purchase With PIN FRANKLIN SQUARE 55 RAIL SARATOGA SPRI NY 99999999 *****9214 08/29 19:22,Meals and Entertainment
,Cash-ATC-PC Operating Account,09/03/2025,POS Purchase Non-PIN THE CHILDRENS PLACE 421 LAKE GEORGE NY 42161 *****9214 09/02 10:53,Cash-ATC-PC Operating Account
,Cash-ATC-PC Operating Account,09/03/2025,POS Purchase Non-PIN THE CHILDRENS PLACE 421 LAKE GEORGE NY 42161 *****9214 09/02 10:53,Shareholder Distribution
,Cash-ATC-PC Operating Account,09/11/2025,AMEX EPAYMENT/ACH PMT JMF LAW PC Operating A,Cash-ATC-PC Operating Account
,Cash-ATC-PC Operating Account,09/11/2025,AMEX EPAYMENT/ACH PMT JMF LAW PC Operating A,American Express
,Cash-ATC-PC Operating Account,09/16/2025,AMEX EPAYMENT/ACH PMT JMF LAW PC Operating A,Cash-ATC-PC Operating Account
,Cash-ATC-PC Operating Account,09/16/2025,AMEX EPAYMENT/ACH PMT JMF LAW PC Operating A,American Express
,Cash-ATC-PC Operating Account,09/19/2025,POS Purchase Non-PIN SQ *PDT MAISON Saratoga Spri NY IN1410 *****9214 09/18 21:27,Cash-ATC-PC Operating Account
,Cash-ATC-PC Operating Account,09/19/2025,POS Purchase Non-PIN SQ *PDT MAISON Saratoga Spri NY IN1410 *****9214 09/18 21:27,Meals and Entertainment
,Cash-ATC-PC Operating Account,09/19/2025,POS Purchase Non-PIN SQ *PDT MAISON SARATOGA SPRI NY 77827301 *****9214 09/18 17:12,Cash-ATC-PC Operating Account
,Cash-ATC-PC Operating Account,09/19/2025,POS Purchase Non-PIN SQ *PDT MAISON SARATOGA SPRI NY 77827301 *****9214 09/18 17:12,Meals and Entertainment
,Cash-ATC-PC Operating Account,09/23/2025,POS Purchase Non-PIN EL MEXICANO DOS INC. SARATOGA SPGS NY 76893499 *****9214 09/22 00:12,Cash-ATC-PC Operating Account
,Cash-ATC-PC Operating Account,09/23/2025,POS Purchase Non-PIN EL MEXICANO DOS INC. SARATOGA SPGS NY 76893499 *****9214 09/22 00:12,Meals and Entertainment
,Cash-ATC-PC Operating Account,09/29/2025,AMEX EPAYMENT/ACH PMT JMF LAW PC Operating A,Cash-ATC-PC Operating Account
,Cash-ATC-PC Operating Account,09/29/2025,AMEX EPAYMENT/ACH PMT JMF LAW PC Operating A,American Express
,Cash-ATC-PC Operating Account,10/07/2025,POS Purchase Non-PIN EAST SIDE WINE AND SPIR SARATOGA SPGS NY 76706561 *****9214 10/06 03:41,Cash-ATC-PC Operating Account
,Cash-ATC-PC Operating Account,10/07/2025,POS Purchase Non-PIN EAST SIDE WINE AND SPIR SARATOGA SPGS NY 76706561 *****9214 10/06 03:41,Meals
,Cash-ATC-PC Operating Account,10/10/2025,AMEX EPAYMENT/ACH PMT JMF LAW PC Operating A,Cash-ATC-PC Operating Account
,Cash-ATC-PC Operating Account,10/10/2025,AMEX EPAYMENT/ACH PMT JMF LAW PC Operating A,American Express
,Cash-ATC-PC Operating Account,10/27/2025,Nedwick family expenses TO: DDXXXX3165,Cash-ATC-PC Operating Account
,Cash-ATC-PC Operating Account,10/27/2025,Nedwick family expenses TO: DDXXXX3165,Shareholder Distribution
,Cash-ATC-PC Operating Account,10/27/2025,POS Purchase Non-PIN OSAKA SUSHI HOUSE SARATOGA SPRI NY 00010803 *****9214 10/26 22:21,Cash-ATC-PC Operating Account
,Cash-ATC-PC Operating Account,10/27/2025,POS Purchase Non-PIN OSAKA SUSHI HOUSE SARATOGA SPRI NY 00010803 *****9214 10/26 22:21,Meals and Entertainment
,Cash-ATC-PC Operating Account,11/07/2025,POS Purchase Non-PIN SQ *PDT MAISON Saratoga Spri NY IN1410 *****9214 11/06 18:35,Cash-ATC-PC Operating Account
,Cash-ATC-PC Operating Account,11/07/2025,POS Purchase Non-PIN SQ *PDT MAISON Saratoga Spri NY IN1410 *****9214 11/06 18:35,Meals and Entertainment
,Cash-ATC-PC Operating Account,11/10/2025,POS Purchase With PIN FRANKLIN SQUARE 55 RAIL SARATOGA SPRI NY 99999999 *****9214 11/07 16:13,Cash-ATC-PC Operating Account
,Cash-ATC-PC Operating Account,11/10/2025,POS Purchase With PIN FRANKLIN SQUARE 55 RAIL SARATOGA SPRI NY 99999999 *****9214 11/07 16:13,Meals and Entertainment
,Cash-ATC-PC Operating Account,11/12/2025,AMEX EPAYMENT/ACH PMT JMF LAW PC Operating A,Cash-ATC-PC Operating Account
,Cash-ATC-PC Operating Account,11/12/2025,AMEX EPAYMENT/ACH PMT JMF LAW PC Operating A,American Express
,Cash-ATC-PC Operating Account,11/14/2025,POS Purchase Non-PIN HENRYS TAVERN BALLSTON SPA NY 77927922 *****9214 11/12 14:59,Cash-ATC-PC Operating Account
,Cash-ATC-PC Operating Account,11/14/2025,POS Purchase Non-PIN HENRYS TAVERN BALLSTON SPA NY 77927922 *****9214 11/12 14:59,Meals and Entertainment
,Cash-ATC-PC Operating Account,11/14/2025,POS Purchase Non-PIN SQ *PDT MAISON Saratoga Spri NY IN7600 *****9214 11/13 19:16,Cash-ATC-PC Operating Account
,Cash-ATC-PC Operating Account,11/14/2025,POS Purchase Non-PIN SQ *PDT MAISON Saratoga Spri NY IN7600 *****9214 11/13 19:16,Meals and Entertainment
,Cash-ATC-PC Operating Account,11/17/2025,POS Purchase Non-PIN TST* FRANKLIN SQUARE MA SARATOGA SPRI NY 14167211 *****9214 11/15 16:28,Cash-ATC-PC Operating Account
,Cash-ATC-PC Operating Account,11/17/2025,POS Purchase Non-PIN TST* FRANKLIN SQUARE MA SARATOGA SPRI NY 14167211 *****9214 11/15 16:28,Meals and Entertainment
,Cash-ATC-PC Operating Account,11/20/2025,POS Purchase Non-PIN SQ *PDT MAISON Saratoga Spri NY IN7300 *****9214 11/19 18:58,Cash-ATC-PC Operating Account
,Cash-ATC-PC Operating Account,11/20/2025,POS Purchase Non-PIN SQ *PDT MAISON Saratoga Spri NY IN7300 *****9214 11/19 18:58,Meals and Entertainment
,Cash-ATC-PC Operating Account,11/20/2025,POS Purchase Non-PIN OSAKA SUSHI HOUSE SARATOGA SPRI NY 00010803 *****9214 11/19 23:14,Cash-ATC-PC Operating Account
,Cash-ATC-PC Operating Account,11/20/2025,POS Purchase Non-PIN OSAKA SUSHI HOUSE SARATOGA SPRI NY 00010803 *****9214 11/19 23:14,Meals and Entertainment
,Cash-ATC-PC Operating Account,11/26/2025,POS Purchase Non-PIN OSAKA SUSHI HOUSE SARATOGA SPRI NY 00010803 *****9214 11/25 23:23,Cash-ATC-PC Operating Account
,Cash-ATC-PC Operating Account,11/26/2025,POS Purchase Non-PIN OSAKA SUSHI HOUSE SARATOGA SPRI NY 00010803 *****9214 11/25 23:23,Meals and Entertainment
,Cash-ATC-PC Operating Account,12/03/2025,Nedwick Family bills TO: DDXXXX3165,Cash-ATC-PC Operating Account
,Cash-ATC-PC Operating Account,12/03/2025,Nedwick Family bills TO: DDXXXX3165,Shareholder Distribution
,Cash-ATC-PC Operating Account,12/11/2025,AMEX EPAYMENT/ACH PMT JMF LAW PC Operating A,Cash-ATC-PC Operating Account
,Cash-ATC-PC Operating Account,12/11/2025,AMEX EPAYMENT/ACH PMT JMF LAW PC Operating A,American Express
,Cash-ATC-PC Operating Account,12/11/2025,POS Purchase With PIN FRANKLIN SQUARE 55 RAIL SARATOGA SPRI NY 99999999 *****9214 12/10 16:02,Cash-ATC-PC Operating Account
,Cash-ATC-PC Operating Account,12/11/2025,POS Purchase With PIN FRANKLIN SQUARE 55 RAIL SARATOGA SPRI NY 99999999 *****9214 12/10 16:02,Meals and Entertainment
,Cash-ATC-PC Operating Account,12/12/2025,AMEX EPAYMENT/ACH PMT JMF LAW PC Operating A,Cash-ATC-PC Operating Account
,Cash-ATC-PC Operating Account,12/12/2025,AMEX EPAYMENT/ACH PMT JMF LAW PC Operating A,American Express
,Cash-ATC-PC Operating Account,12/17/2025,POS Purchase Non-PIN OSAKA SUSHI HOUSE SARATOGA SPRI NY 00010803 *****9214 12/16 23:30,Cash-ATC-PC Operating Account
,Cash-ATC-PC Operating Account,12/17/2025,POS Purchase Non-PIN OSAKA SUSHI HOUSE SARATOGA SPRI NY 00010803 *****9214 12/16 23:30,Meals and Entertainment
,Cash-ATC-PC Operating Account,12/19/2025,POS Purchase Non-PIN SQ *PDT MAISON SARATOGA SPRI NY 77827301 *****9214 12/18 18:30,Cash-ATC-PC Operating Account
,Cash-ATC-PC Operating Account,12/19/2025,POS Purchase Non-PIN SQ *PDT MAISON SARATOGA SPRI NY 77827301 *****9214 12/18 18:30,Meals and Entertainment
,Cash-ATC-PC Operating Account,12/22/2025,POS Purchase Non-PIN THE CANDY COMPANY SARATOGA SPGS NY 68534154 *****9214 12/19 05:33,Cash-ATC-PC Operating Account
,Cash-ATC-PC Operating Account,12/22/2025,POS Purchase Non-PIN THE CANDY COMPANY SARATOGA SPGS NY 68534154 *****9214 12/19 05:33,Meals and Entertainment
,Cash-ATC-PC Operating Account,12/23/2025,POS Purchase With PIN FRANKLIN SQUARE 55 RAIL SARATOGA SPRI NY 99999999 *****9214 12/22 16:09,Cash-ATC-PC Operating Account
,Cash-ATC-PC Operating Account,12/23/2025,POS Purchase With PIN FRANKLIN SQUARE 55 RAIL SARATOGA SPRI NY 99999999 *****9214 12/22 16:09,Meals and Entertainment
,Cash-ATC-PC Operating Account,12/23/2025,POS Purchase Non-PIN PRIMO PIZZA SARATOGA SPRI NY 03529273 *****9214 12/21 18:58,Cash-ATC-PC Operating Account
,Cash-ATC-PC Operating Account,12/23/2025,POS Purchase Non-PIN PRIMO PIZZA SARATOGA SPRI NY 03529273 *****9214 12/21 18:58,Meals and Entertainment
,Cash-ATC-PC Operating Account,12/26/2025,POS Purchase With PIN FRANKLIN SQUARE 55 RAIL SARATOGA SPRI NY 99999999 *****9214 12/24 14:39,Cash-ATC-PC Operating Account
,Cash-ATC-PC Operating Account,12/26/2025,POS Purchase With PIN FRANKLIN SQUARE 55 RAIL SARATOGA SPRI NY 99999999 *****9214 12/24 14:39,Meals and Entertainment
,Cash-ATC-PC Operating Account,12/29/2025,JMF life insurace TO: DDXXXX3165 XXXXXXXX000000[-5:EST]*-1685.00*12**JMF life insurace TO: DDXXXX3165,Cash-ATC-PC Operating Account
,Cash-ATC-PC Operating Account,12/29/2025,JMF life insurace TO: DDXXXX3165 XXXXXXXX000000[-5:EST]*-1685.00*12**JMF life insurace TO: DDXXXX3165,Employee benefits:Officers' life insurance
,Cash-ATC-PC Operating Account,01/02/2026,POS Purchase With PIN FRANKLIN SQUARE 55 RAIL SARATOGA SPRI NY 99999999 *****9214 12/31 17:17,Cash-ATC-PC Operating Account
,Cash-ATC-PC Operating Account,01/02/2026,POS Purchase With PIN FRANKLIN SQUARE 55 RAIL SARATOGA SPRI NY 99999999 *****9214 12/31 17:17,Meals and Entertainment
,Cash-ATC-PC Operating Account,01/12/2026,AMEX EPAYMENT/ACH PMT JMF LAW PC Operating A,Cash-ATC-PC Operating Account
,Cash-ATC-PC Operating Account,01/12/2026,AMEX EPAYMENT/ACH PMT JMF LAW PC Operating A,American Express
Joanne Hahn,,,,
,Cash-ATC-PC Operating Account,01/03/2022,,Cash-ATC-PC Operating Account
,Cash-ATC-PC Operating Account,01/03/2022,,Accounts Receivable
,Cash-ATC-PC Operating Account,02/08/2022,,Cash-ATC-PC Operating Account
,Cash-ATC-PC Operating Account,02/08/2022,,Accounts Receivable
,Cash-ATC-PC Operating Account,03/11/2022,,Cash-ATC-PC Operating Account
,Cash-ATC-PC Operating Account,03/11/2022,,Accounts Receivable
,Cash-ATC-PC Operating Account,04/22/2022,,Cash-ATC-PC Operating Account
,Cash-ATC-PC Operating Account,04/22/2022,,Accounts Receivable
,Cash-ATC-PC Operating Account,05/26/2022,,Cash-ATC-PC Operating Account
,Cash-ATC-PC Operating Account,05/26/2022,,Accounts Receivable
June & Arnie Lavine,,,,
,Cash-ATC-PC Operating Account,01/13/2022,,Cash-ATC-PC Operating Account
,Cash-ATC-PC Operating Account,01/13/2022,,Accounts Receivable
,Cash-ATC-PC Operating Account,02/07/2022,,Cash-ATC-PC Operating Account
,Cash-ATC-PC Operating Account,02/07/2022,,Accounts Receivable
,Cash-ATC-PC Operating Account,03/07/2022,,Cash-ATC-PC Operating Account
,Cash-ATC-PC Operating Account,03/07/2022,,Undeposited Funds-1
,Cash-ATC-PC Operating Account,03/30/2022,,Cash-ATC-PC Operating Account
,Cash-ATC-PC Operating Account,03/30/2022,,Undeposited Funds-1
,Cash-ATC-PC Operating Account,05/02/2022,LaVine,Cash-ATC-PC Operating Account
,Cash-ATC-PC Operating Account,05/02/2022,LaVine,Sales
,Cash-ATC-PC Operating Account,06/03/2022,,Cash-ATC-PC Operating Account
,Cash-ATC-PC Operating Account,06/03/2022,,Undeposited Funds-1
,Cash-ATC-PC Operating Account,08/11/2022,,Cash-ATC-PC Operating Account
,Cash-ATC-PC Operating Account,08/11/2022,,Due to Client
,Cash-ATC-PC Operating Account,08/11/2022,,ADK Retainer Account
,Cash-ATC-PC Operating Account,08/11/2022,,Undeposited Funds-1
,Cash-ATC-PC Operating Account,08/11/2022,,Undeposited Funds-1
,Cash-ATC-PC Operating Account,01/27/2023,,Cash-ATC-PC Operating Account
,Cash-ATC-PC Operating Account,01/27/2023,,Due to Client
,Cash-ATC-PC Operating Account,01/27/2023,,ADK Retainer Account
,Cash-ATC-PC Operating Account,01/27/2023,,Undeposited Funds-1
,Cash-ATC-PC Operating Account,09/12/2023,,Cash-ATC-PC Operating Account
,Cash-ATC-PC Operating Account,09/12/2023,,Due to Client
,Cash-ATC-PC Operating Account,09/12/2023,,ADK Retainer Account
,Cash-ATC-PC Operating Account,09/12/2023,,Undeposited Funds-1
Internal Revenue Service,,,,
,Cash-ATC-PC Operating Account,01/18/2022,IRS/USATAXPYMT LAW OFFICE OF JULIE M,Cash-ATC-PC Operating Account
,Cash-ATC-PC Operating Account,01/18/2022,IRS/USATAXPYMT LAW OFFICE OF JULIE M,Payroll Liabilities
,Cash-ATC-PC Operating Account,01/31/2022,IRS/USATAXPYMT LAW OFFICE OF JULIE M,Cash-ATC-PC Operating Account
,Cash-ATC-PC Operating Account,01/31/2022,IRS/USATAXPYMT LAW OFFICE OF JULIE M,Payroll Liabilities:FUTA Payable
,Cash-ATC-PC Operating Account,02/15/2022,IRS/USATAXPYMT LAW OFFICE OF JULIE M,Cash-ATC-PC Operating Account
,Cash-ATC-PC Operating Account,02/15/2022,IRS/USATAXPYMT LAW OFFICE OF JULIE M,Payroll Liabilities
,Cash-ATC-PC Operating Account,03/15/2022,IRS/USATAXPYMT LAW OFFICE OF JULIE M,Cash-ATC-PC Operating Account
,Cash-ATC-PC Operating Account,03/15/2022,IRS/USATAXPYMT LAW OFFICE OF JULIE M,Payroll Liabilities
,Cash-ATC-PC Operating Account,04/18/2022,IRS/USATAXPYMT LAW OFFICE OF JULIE M,Cash-ATC-PC Operating Account
,Cash-ATC-PC Operating Account,04/18/2022,IRS/USATAXPYMT LAW OFFICE OF JULIE M,Payroll Liabilities
,Cash-ATC-PC Operating Account,05/16/2022,IRS/USATAXPYMT LAW OFFICE OF JULIE M,Cash-ATC-PC Operating Account
,Cash-ATC-PC Operating Account,05/16/2022,IRS/USATAXPYMT LAW OFFICE OF JULIE M,Payroll Liabilities
,Cash-ATC-PC Operating Account,06/15/2022,IRS/USATAXPYMT LAW OFFICE OF JULIE M,Cash-ATC-PC Operating Account
,Cash-ATC-PC Operating Account,06/15/2022,IRS/USATAXPYMT LAW OFFICE OF JULIE M,Payroll Liabilities
,Cash-ATC-PC Operating Account,07/20/2022,IRS/USATAXPYMT LAW OFFICE OF JULIE M,Cash-ATC-PC Operating Account
,Cash-ATC-PC Operating Account,07/20/2022,IRS/USATAXPYMT LAW OFFICE OF JULIE M,Payroll Liabilities
,Cash-ATC-PC Operating Account,08/15/2022,IRS/USATAXPYMT LAW OFFICE OF JULIE M,Cash-ATC-PC Operating Account
,Cash-ATC-PC Operating Account,08/15/2022,IRS/USATAXPYMT LAW OFFICE OF JULIE M,Payroll Liabilities
,Cash-ATC-PC Operating Account,09/15/2022,IRS/USATAXPYMT LAW OFFICE OF JULIE M,Cash-ATC-PC Operating Account
,Cash-ATC-PC Operating Account,09/15/2022,IRS/USATAXPYMT LAW OFFICE OF JULIE M,Payroll Liabilities
,Cash-ATC-PC Operating Account,10/17/2022,IRS/USATAXPYMT LAW OFFICE OF JULIE M,Cash-ATC-PC Operating Account
,Cash-ATC-PC Operating Account,10/17/2022,IRS/USATAXPYMT LAW OFFICE OF JULIE M,Payroll Liabilities
,Cash-ATC-PC Operating Account,11/15/2022,IRS/USATAXPYMT LAW OFFICE OF JULIE M,Cash-ATC-PC Operating Account
,Cash-ATC-PC Operating Account,11/15/2022,IRS/USATAXPYMT LAW OFFICE OF JULIE M,Payroll Liabilities
,Cash-ATC-PC Operating Account,12/15/2022,IRS/USATAXPYMT LAW OFFICE OF JULIE M,Cash-ATC-PC Operating Account
,Cash-ATC-PC Operating Account,12/15/2022,IRS/USATAXPYMT LAW OFFICE OF JULIE M,Payroll Liabilities
,Cash-ATC-PC Operating Account,01/20/2023,ACH Debit IRS/USATAXPYMT LAW OFFICE OF JULIE M,Cash-ATC-PC Operating Account
,Cash-ATC-PC Operating Account,01/20/2023,ACH Debit IRS/USATAXPYMT LAW OFFICE OF JULIE M,Payroll Liabilities
,Cash-ATC-PC Operating Account,01/31/2023,ACH Debit IRS/USATAXPYMT LAW OFFICE OF JULIE M,Cash-ATC-PC Operating Account
,Cash-ATC-PC Operating Account,01/31/2023,ACH Debit IRS/USATAXPYMT LAW OFFICE OF JULIE M,Payroll Liabilities
,Cash-ATC-PC Operating Account,02/15/2023,ACH Debit IRS/USATAXPYMT LAW OFFICE OF JULIE M,Cash-ATC-PC Operating Account
,Cash-ATC-PC Operating Account,02/15/2023,ACH Debit IRS/USATAXPYMT LAW OFFICE OF JULIE M,Payroll Liabilities
,Cash-ATC-PC Operating Account,03/15/2023,ACH Debit IRS/USATAXPYMT LAW OFFICE OF JULIE M,Cash-ATC-PC Operating Account
,Cash-ATC-PC Operating Account,03/15/2023,ACH Debit IRS/USATAXPYMT LAW OFFICE OF JULIE M,Payroll Liabilities
,Cash-ATC-PC Operating Account,04/17/2023,IRS/USATAXPYMT LAW OFFICE OF JULIE M,Cash-ATC-PC Operating Account
,Cash-ATC-PC Operating Account,04/17/2023,IRS/USATAXPYMT LAW OFFICE OF JULIE M,Payroll Liabilities
,Cash-ATC-PC Operating Account,05/15/2023,IRS/USATAXPYMT LAW OFFICE OF JULIE M,Cash-ATC-PC Operating Account
,Cash-ATC-PC Operating Account,05/15/2023,IRS/USATAXPYMT LAW OFFICE OF JULIE M,Payroll Liabilities
,Cash-ATC-PC Operating Account,06/15/2023,IRS/USATAXPYMT LAW OFFICE OF JULIE M,Cash-ATC-PC Operating Account
,Cash-ATC-PC Operating Account,06/15/2023,IRS/USATAXPYMT LAW OFFICE OF JULIE M,Payroll Liabilities
,Cash-ATC-PC Operating Account,07/17/2023,IRS/USATAXPYMT LAW OFFICE OF JULIE M,Cash-ATC-PC Operating Account
,Cash-ATC-PC Operating Account,07/17/2023,IRS/USATAXPYMT LAW OFFICE OF JULIE M,Payroll Liabilities
,Cash-ATC-PC Operating Account,08/15/2023,IRS/USATAXPYMT LAW OFFICE OF JULIE M,Cash-ATC-PC Operating Account
,Cash-ATC-PC Operating Account,08/15/2023,IRS/USATAXPYMT LAW OFFICE OF JULIE M,Payroll Liabilities
,Cash-ATC-PC Operating Account,09/15/2023,IRS/USATAXPYMT LAW OFFICE OF JULIE M,Cash-ATC-PC Operating Account
,Cash-ATC-PC Operating Account,09/15/2023,IRS/USATAXPYMT LAW OFFICE OF JULIE M,Payroll Liabilities
,Cash-ATC-PC Operating Account,10/16/2023,IRS/USATAXPYMT LAW OFFICE OF JULIE M,Cash-ATC-PC Operating Account
,Cash-ATC-PC Operating Account,10/16/2023,IRS/USATAXPYMT LAW OFFICE OF JULIE M,Payroll Liabilities
,Cash-ATC-PC Operating Account,11/15/2023,IRS/USATAXPYMT LAW OFFICE OF JULIE M,Cash-ATC-PC Operating Account
,Cash-ATC-PC Operating Account,11/15/2023,IRS/USATAXPYMT LAW OFFICE OF JULIE M,Payroll Liabilities
,Cash-ATC-PC Operating Account,12/15/2023,IRS/USATAXPYMT LAW OFFICE OF JULIE M,Cash-ATC-PC Operating Account
,Cash-ATC-PC Operating Account,12/15/2023,IRS/USATAXPYMT LAW OFFICE OF JULIE M,Payroll Liabilities
,Cash-ATC-PC Operating Account,01/16/2024,IRS/USATAXPYMT LAW OFFICE OF JULIE M,Cash-ATC-PC Operating Account
,Cash-ATC-PC Operating Account,01/16/2024,IRS/USATAXPYMT LAW OFFICE OF JULIE M,Payroll Liabilities
,Cash-ATC-PC Operating Account,01/31/2024,IRS/USATAXPYMT LAW OFFICE OF JULIE M,Cash-ATC-PC Operating Account
,Cash-ATC-PC Operating Account,01/31/2024,IRS/USATAXPYMT LAW OFFICE OF JULIE M,Payroll Liabilities
,Cash-ATC-PC Operating Account,02/15/2024,IRS/USATAXPYMT LAW OFFICE OF JULIE M,Cash-ATC-PC Operating Account
,Cash-ATC-PC Operating Account,02/15/2024,IRS/USATAXPYMT LAW OFFICE OF JULIE M,Payroll Liabilities
,Cash-ATC-PC Operating Account,03/15/2024,IRS/USATAXPYMT LAW OFFICE OF JULIE M,Cash-ATC-PC Operating Account
,Cash-ATC-PC Operating Account,03/15/2024,IRS/USATAXPYMT LAW OFFICE OF JULIE M,Payroll Liabilities
,Cash-ATC-PC Operating Account,04/15/2024,IRS/USATAXPYMT LAW OFFICE OF JULIE M,Cash-ATC-PC Operating Account
,Cash-ATC-PC Operating Account,04/15/2024,IRS/USATAXPYMT LAW OFFICE OF JULIE M,Payroll Liabilities
,Cash-ATC-PC Operating Account,05/15/2024,IRS/USATAXPYMT LAW OFFICE OF JULIE M,Cash-ATC-PC Operating Account
,Cash-ATC-PC Operating Account,05/15/2024,IRS/USATAXPYMT LAW OFFICE OF JULIE M,Payroll Liabilities
,Cash-ATC-PC Operating Account,06/17/2024,IRS/USATAXPYMT LAW OFFICE OF JULIE M,Cash-ATC-PC Operating Account
,Cash-ATC-PC Operating Account,06/17/2024,IRS/USATAXPYMT LAW OFFICE OF JULIE M,Payroll Liabilities
,Cash-ATC-PC Operating Account,07/15/2024,IRS/USATAXPYMT LAW OFFICE OF JULIE M,Cash-ATC-PC Operating Account
,Cash-ATC-PC Operating Account,07/15/2024,IRS/USATAXPYMT LAW OFFICE OF JULIE M,Payroll Liabilities
,Cash-ATC-PC Operating Account,08/15/2024,IRS/USATAXPYMT LAW OFFICE OF JULIE M,Cash-ATC-PC Operating Account
,Cash-ATC-PC Operating Account,08/15/2024,IRS/USATAXPYMT LAW OFFICE OF JULIE M,Payroll Liabilities
,Cash-ATC-PC Operating Account,09/16/2024,IRS/USATAXPYMT LAW OFFICE OF JULIE M,Cash-ATC-PC Operating Account
,Cash-ATC-PC Operating Account,09/16/2024,IRS/USATAXPYMT LAW OFFICE OF JULIE M,Payroll Liabilities
,Cash-ATC-PC Operating Account,10/15/2024,IRS/USATAXPYMT LAW OFFICE OF JULIE M,Cash-ATC-PC Operating Account
,Cash-ATC-PC Operating Account,10/15/2024,IRS/USATAXPYMT LAW OFFICE OF JULIE M,Payroll Liabilities
,Cash-ATC-PC Operating Account,11/15/2024,IRS/USATAXPYMT LAW OFFICE OF JULIE M,Cash-ATC-PC Operating Account
,Cash-ATC-PC Operating Account,11/15/2024,IRS/USATAXPYMT LAW OFFICE OF JULIE M,Payroll Liabilities
,Cash-ATC-PC Operating Account,12/16/2024,IRS/USATAXPYMT LAW OFFICE OF JULIE M,Cash-ATC-PC Operating Account
,Cash-ATC-PC Operating Account,12/16/2024,IRS/USATAXPYMT LAW OFFICE OF JULIE M,Payroll Liabilities
Brent Coye,,,,
,Cash-ATC-PC Operating Account,01/18/2022,,Cash-ATC-PC Operating Account
,Cash-ATC-PC Operating Account,01/18/2022,,Accounts Receivable
,Cash-ATC-PC Operating Account,01/18/2022,,Cash-ATC-PC Operating Account
,Cash-ATC-PC Operating Account,01/18/2022,,Due to Client
,Cash-ATC-PC Operating Account,01/18/2022,,Cash-ATC-PC Escrow Account
,Cash-ATC-PC Operating Account,01/18/2022,,Undeposited Funds-1
,Cash-ATC-PC Operating Account,01/18/2022,,Cash-ATC-PC Operating Account
,Cash-ATC-PC Operating Account,01/18/2022,,Due to Client
,Cash-ATC-PC Operating Account,01/18/2022,,Cash-ATC-PC Escrow Account
,Cash-ATC-PC Operating Account,01/18/2022,,Undeposited Funds-1
,Cash-ATC-PC Operating Account,05/26/2022,,Cash-ATC-PC Operating Account
,Cash-ATC-PC Operating Account,05/26/2022,,Accounts Receivable
,Cash-ATC-PC Operating Account,08/15/2022,,Cash-ATC-PC Operating Account
,Cash-ATC-PC Operating Account,08/15/2022,,Undeposited Funds-1
,Cash-ATC-PC Operating Account,01/10/2023,,Cash-ATC-PC Operating Account
,Cash-ATC-PC Operating Account,01/10/2023,,Undeposited Funds-1
,Cash-ATC-PC Operating Account,06/01/2023,,Cash-ATC-PC Operating Account
,Cash-ATC-PC Operating Account,06/01/2023,,Accounts Receivable
,Cash-ATC-PC Operating Account,11/20/2023,,Cash-ATC-PC Operating Account
,Cash-ATC-PC Operating Account,11/20/2023,,Accounts Receivable
,Cash-ATC-PC Operating Account,06/03/2024,,Cash-ATC-PC Operating Account
,Cash-ATC-PC Operating Account,06/03/2024,,Legal Fee Income
,Cash-ATC-PC Operating Account,06/03/2024,,Cash-ATC-PC Operating Account
,Cash-ATC-PC Operating Account,06/03/2024,,Accounts Receivable
,Cash-ATC-PC Operating Account,11/18/2024,,Cash-ATC-PC Operating Account
,Cash-ATC-PC Operating Account,11/18/2024,,Accounts Receivable
,Cash-ATC-PC Operating Account,11/18/2024,,Cash-ATC-PC Operating Account
,Cash-ATC-PC Operating Account,11/18/2024,,Accounts Receivable
"Bidwell, Myrtle",,,,
,Cash-ATC-PC Operating Account,01/18/2022,,Cash-ATC-PC Operating Account
,Cash-ATC-PC Operating Account,01/18/2022,,Due to Client
,Cash-ATC-PC Operating Account,01/18/2022,,ADK Retainer Account
,Cash-ATC-PC Operating Account,01/18/2022,,Undeposited Funds-1
,Cash-ATC-PC Operating Account,01/18/2022,,Cash-ATC-PC Operating Account
,Cash-ATC-PC Operating Account,01/18/2022,,Due to Client
,Cash-ATC-PC Operating Account,01/18/2022,,ADK Retainer Account
,Cash-ATC-PC Operating Account,01/18/2022,,Undeposited Funds-1
,Cash-ATC-PC Operating Account,02/04/2022,,Cash-ATC-PC Operating Account
,Cash-ATC-PC Operating Account,02/04/2022,,Due to Client
,Cash-ATC-PC Operating Account,02/04/2022,,ADK Retainer Account
,Cash-ATC-PC Operating Account,02/04/2022,,Undeposited Funds-1
,Cash-ATC-PC Operating Account,08/18/2022,MyCase Payment,Cash-ATC-PC Operating Account
,Cash-ATC-PC Operating Account,08/18/2022,,Accounts Receivable
,Cash-ATC-PC Operating Account,11/08/2023,,Cash-ATC-PC Operating Account
,Cash-ATC-PC Operating Account,11/08/2023,,Due to Client
,Cash-ATC-PC Operating Account,11/08/2023,,ADK Retainer Account
,Cash-ATC-PC Operating Account,11/08/2023,,Undeposited Funds-1
Saratoga Historic Properties,,,,
,Cash-ATC-PC Operating Account,01/19/2022,,Cash-ATC-PC Operating Account
,Cash-ATC-PC Operating Account,01/19/2022,,Rent Expense
,Cash-ATC-PC Operating Account,01/19/2022,,Cash-ATC-PC Operating Account
,Cash-ATC-PC Operating Account,01/19/2022,,Rent Expense
,Cash-ATC-PC Operating Account,01/19/2022,,Cash-ATC-PC Operating Account
,Cash-ATC-PC Operating Account,01/19/2022,,Rent Expense
,Cash-ATC-PC Operating Account,03/04/2022,,Cash-ATC-PC Operating Account
,Cash-ATC-PC Operating Account,03/04/2022,,Rent Expense
,Cash-ATC-PC Operating Account,04/08/2022,,Cash-ATC-PC Operating Account
,Cash-ATC-PC Operating Account,04/08/2022,,Rent Expense
,Cash-ATC-PC Operating Account,04/08/2022,,Cash-ATC-PC Operating Account
,Cash-ATC-PC Operating Account,04/08/2022,2nd Quarter Parking,Rent Expense
,Cash-ATC-PC Operating Account,05/09/2022,,Cash-ATC-PC Operating Account
,Cash-ATC-PC Operating Account,05/09/2022,,Rent Expense
,Cash-ATC-PC Operating Account,06/10/2022,,Cash-ATC-PC Operating Account
,Cash-ATC-PC Operating Account,06/10/2022,,Rent Expense
,Cash-ATC-PC Operating Account,07/14/2022,,Cash-ATC-PC Operating Account
,Cash-ATC-PC Operating Account,07/14/2022,,Rent Expense
,Cash-ATC-PC Operating Account,08/10/2022,,Cash-ATC-PC Operating Account
,Cash-ATC-PC Operating Account,08/10/2022,,Rent Expense
,Cash-ATC-PC Operating Account,08/10/2022,,Cash-ATC-PC Operating Account
,Cash-ATC-PC Operating Account,08/10/2022,3rd Quarter Parking,Rent Expense
,Cash-ATC-PC Operating Account,09/15/2022,,Cash-ATC-PC Operating Account
,Cash-ATC-PC Operating Account,09/15/2022,,Rent Expense
,Cash-ATC-PC Operating Account,10/19/2022,,Cash-ATC-PC Operating Account
,Cash-ATC-PC Operating Account,10/19/2022,,Rent Expense
,Cash-ATC-PC Operating Account,10/19/2022,,Cash-ATC-PC Operating Account
,Cash-ATC-PC Operating Account,10/19/2022,4th Quarter Parking,Rent Expense
,Cash-ATC-PC Operating Account,11/09/2022,,Cash-ATC-PC Operating Account
,Cash-ATC-PC Operating Account,11/09/2022,,Rent Expense
,Cash-ATC-PC Operating Account,12/01/2022,,Cash-ATC-PC Operating Account
,Cash-ATC-PC Operating Account,12/01/2022,,Rent Expense
,Cash-ATC-PC Operating Account,12/14/2022,,Cash-ATC-PC Operating Account
,Cash-ATC-PC Operating Account,12/14/2022,rent increase,Rent Expense
,Cash-ATC-PC Operating Account,01/01/2023,,Cash-ATC-PC Operating Account
,Cash-ATC-PC Operating Account,01/01/2023,,Rent Expense
,Cash-ATC-PC Operating Account,01/01/2023,,Cash-ATC-PC Operating Account
,Cash-ATC-PC Operating Account,01/01/2023,1st quarter parking,Rent Expense
,Cash-ATC-PC Operating Account,02/01/2023,,Cash-ATC-PC Operating Account
,Cash-ATC-PC Operating Account,02/01/2023,,Rent Expense
,Cash-ATC-PC Operating Account,03/10/2023,,Cash-ATC-PC Operating Account
,Cash-ATC-PC Operating Account,03/10/2023,,Rent Expense
,Cash-ATC-PC Operating Account,04/13/2023,Teller Check,Cash-ATC-PC Operating Account
,Cash-ATC-PC Operating Account,04/13/2023,Teller Check,Rent Expense
,Cash-ATC-PC Operating Account,04/13/2023,Teller Check,Cash-ATC-PC Operating Account
,Cash-ATC-PC Operating Account,04/13/2023,Teller Check,Rent Expense
,Cash-ATC-PC Operating Account,05/11/2023,Teller Check,Cash-ATC-PC Operating Account
,Cash-ATC-PC Operating Account,05/11/2023,Teller Check,Rent Expense
,Cash-ATC-PC Operating Account,06/08/2023,Teller Check,Cash-ATC-PC Operating Account
,Cash-ATC-PC Operating Account,06/08/2023,Teller Check,Rent Expense
,Cash-ATC-PC Operating Account,07/07/2023,Teller Check,Cash-ATC-PC Operating Account
,Cash-ATC-PC Operating Account,07/07/2023,Teller Check,Rent Expense
,Cash-ATC-PC Operating Account,07/07/2023,Teller Check,Cash-ATC-PC Operating Account
,Cash-ATC-PC Operating Account,07/07/2023,Teller Check,Rent Expense
,Cash-ATC-PC Operating Account,08/11/2023,Teller Check,Cash-ATC-PC Operating Account
,Cash-ATC-PC Operating Account,08/11/2023,Teller Check,Rent Expense
,Cash-ATC-PC Operating Account,09/15/2023,Teller Check,Cash-ATC-PC Operating Account
,Cash-ATC-PC Operating Account,09/15/2023,Teller Check,Rent Expense
,Cash-ATC-PC Operating Account,10/11/2023,Teller Check,Cash-ATC-PC Operating Account
,Cash-ATC-PC Operating Account,10/11/2023,Teller Check,Rent Expense
,Cash-ATC-PC Operating Account,10/11/2023,Teller Check,Cash-ATC-PC Operating Account
,Cash-ATC-PC Operating Account,10/11/2023,Teller Check,Rent Expense
,Cash-ATC-PC Operating Account,11/03/2023,Teller Check,Cash-ATC-PC Operating Account
,Cash-ATC-PC Operating Account,11/03/2023,Teller Check,Rent Expense
,Cash-ATC-PC Operating Account,12/15/2023,Teller Check 3043,Cash-ATC-PC Operating Account
,Cash-ATC-PC Operating Account,12/15/2023,Teller Check 3043,Rent Expense
,Cash-ATC-PC Operating Account,02/01/2024,Teller Check,Cash-ATC-PC Operating Account
,Cash-ATC-PC Operating Account,02/01/2024,Teller Check,Rent Expense
,Cash-ATC-PC Operating Account,02/01/2024,Teller Check,Cash-ATC-PC Operating Account
,Cash-ATC-PC Operating Account,02/01/2024,Teller Check,Rent
,Cash-ATC-PC Operating Account,02/29/2024,Teller Check,Cash-ATC-PC Operating Account
,Cash-ATC-PC Operating Account,02/29/2024,Teller Check,Rent Expense
,Cash-ATC-PC Operating Account,03/14/2024,Teller Check,Cash-ATC-PC Operating Account
,Cash-ATC-PC Operating Account,03/14/2024,Teller Check,Rent Expense
,Cash-ATC-PC Operating Account,04/02/2024,Teller Check,Cash-ATC-PC Operating Account
,Cash-ATC-PC Operating Account,04/02/2024,Teller Check,Rent Expense
,Cash-ATC-PC Operating Account,05/08/2024,Teller Check,Cash-ATC-PC Operating Account
,Cash-ATC-PC Operating Account,05/08/2024,Teller Check,Rent Expense
,Cash-ATC-PC Operating Account,06/13/2024,Teller Check,Cash-ATC-PC Operating Account
,Cash-ATC-PC Operating Account,06/13/2024,Teller Check,Rent Expense
,Cash-ATC-PC Operating Account,07/12/2024,Teller Check,Cash-ATC-PC Operating Account
,Cash-ATC-PC Operating Account,07/12/2024,Teller Check,Rent Expense
,Cash-ATC-PC Operating Account,08/27/2024,Teller Check,Cash-ATC-PC Operating Account
,Cash-ATC-PC Operating Account,08/27/2024,Teller Check,Rent Expense
,Cash-ATC-PC Operating Account,09/09/2024,Teller Check,Cash-ATC-PC Operating Account
,Cash-ATC-PC Operating Account,09/09/2024,Teller Check,Rent Expense
,Cash-ATC-PC Operating Account,10/03/2024,Teller Check,Cash-ATC-PC Operating Account
,Cash-ATC-PC Operating Account,10/03/2024,Teller Check,Rent Expense
,Cash-ATC-PC Operating Account,11/01/2024,Teller Check,Cash-ATC-PC Operating Account
,Cash-ATC-PC Operating Account,11/01/2024,Teller Check,Rent Expense
,Cash-ATC-PC Operating Account,12/02/2024,Teller Check,Cash-ATC-PC Operating Account
,Cash-ATC-PC Operating Account,12/02/2024,Teller Check,Rent Expense
NY Central Insurance,,,,
,Cash-ATC-PC Operating Account,01/20/2022,NEW YORK CENTRAL/EFT DEBIT JULIE M FRANCES,Cash-ATC-PC Operating Account
,Cash-ATC-PC Operating Account,01/20/2022,NEW YORK CENTRAL/EFT DEBIT JULIE M FRANCES,Insurance Expense
,Cash-ATC-PC Operating Account,02/21/2023,ACH Debit NEW YORK CENTRAL/EFT DEBIT JULIE M       FRANCES,Cash-ATC-PC Operating Account
,Cash-ATC-PC Operating Account,02/21/2023,ACH Debit NEW YORK CENTRAL/EFT DEBIT JULIE M       FRANCES,Insurance Expense
,Cash-ATC-PC Operating Account,03/20/2023,ACH Debit NEW YORK CENTRAL/EFT DEBIT JULIE M       FRANCES,Cash-ATC-PC Operating Account
,Cash-ATC-PC Operating Account,03/20/2023,ACH Debit NEW YORK CENTRAL/EFT DEBIT JULIE M       FRANCES,Insurance Expense
,Cash-ATC-PC Operating Account,04/20/2023,NEW YORK CENTRAL/EFT DEBIT JULIE M FRANCES,Cash-ATC-PC Operating Account
,Cash-ATC-PC Operating Account,04/20/2023,NEW YORK CENTRAL/EFT DEBIT JULIE M FRANCES,Insurance Expense
,Cash-ATC-PC Operating Account,05/18/2023,NEW YORK CENTRAL/EFT DEBIT JULIE M FRANCES,Cash-ATC-PC Operating Account
,Cash-ATC-PC Operating Account,05/18/2023,NEW YORK CENTRAL/EFT DEBIT JULIE M FRANCES,Insurance Expense
,Cash-ATC-PC Operating Account,06/21/2023,NEW YORK CENTRAL/EFT DEBIT JULIE M FRANCES,Cash-ATC-PC Operating Account
,Cash-ATC-PC Operating Account,06/21/2023,NEW YORK CENTRAL/EFT DEBIT JULIE M FRANCES,Insurance Expense
,Cash-ATC-PC Operating Account,08/18/2023,NEW YORK CENTRAL/EFT DEBIT JULIE M FRANCES,Cash-ATC-PC Operating Account
,Cash-ATC-PC Operating Account,08/18/2023,NEW YORK CENTRAL/EFT DEBIT JULIE M FRANCES,Insurance Expense
,Cash-ATC-PC Operating Account,09/19/2023,NEW YORK CENTRAL/EFT DEBIT JULIE M FRANCES,Cash-ATC-PC Operating Account
,Cash-ATC-PC Operating Account,09/19/2023,NEW YORK CENTRAL/EFT DEBIT JULIE M FRANCES,Insurance Expense
,Cash-ATC-PC Operating Account,10/19/2023,NEW YORK CENTRAL/EFT DEBIT JULIE M FRANCES,Cash-ATC-PC Operating Account
,Cash-ATC-PC Operating Account,10/19/2023,NEW YORK CENTRAL/EFT DEBIT JULIE M FRANCES,Insurance Expense
,Cash-ATC-PC Operating Account,11/20/2023,NEW YORK CENTRAL/EFT DEBIT JULIE M FRANCES,Cash-ATC-PC Operating Account
,Cash-ATC-PC Operating Account,11/20/2023,NEW YORK CENTRAL/EFT DEBIT JULIE M FRANCES,Insurance Expense
,Cash-ATC-PC Operating Account,12/20/2023,NEW YORK CENTRAL/EFT DEBIT JULIE M FRANCES,Cash-ATC-PC Operating Account
,Cash-ATC-PC Operating Account,12/20/2023,NEW YORK CENTRAL/EFT DEBIT JULIE M FRANCES,Insurance Expense
,Cash-ATC-PC Operating Account,01/17/2024,NEW YORK CENTRAL/EFT DEBIT JULIE M FRANCES,Cash-ATC-PC Operating Account
,Cash-ATC-PC Operating Account,01/17/2024,NEW YORK CENTRAL/EFT DEBIT JULIE M FRANCES,Insurance Expense
,Cash-ATC-PC Operating Account,01/19/2024,NEW YORK CENTRAL/EFT DEBIT JULIE M FRANCES,Cash-ATC-PC Operating Account
,Cash-ATC-PC Operating Account,01/19/2024,NEW YORK CENTRAL/EFT DEBIT JULIE M FRANCES,Insurance Expense
,Cash-ATC-PC Operating Account,02/21/2024,NEW YORK CENTRAL/EFT DEBIT JULIE M FRANCES,Cash-ATC-PC Operating Account
,Cash-ATC-PC Operating Account,02/21/2024,NEW YORK CENTRAL/EFT DEBIT JULIE M FRANCES,Insurance
,Cash-ATC-PC Operating Account,03/19/2024,NEW YORK CENTRAL/EFT DEBIT JULIE M FRANCES,Cash-ATC-PC Operating Account
,Cash-ATC-PC Operating Account,03/19/2024,NEW YORK CENTRAL/EFT DEBIT JULIE M FRANCES,Insurance
,Cash-ATC-PC Operating Account,04/18/2024,NEW YORK CENTRAL/EFT DEBIT JULIE M FRANCES,Cash-ATC-PC Operating Account
,Cash-ATC-PC Operating Account,04/18/2024,NEW YORK CENTRAL/EFT DEBIT JULIE M FRANCES,Insurance
,Cash-ATC-PC Operating Account,05/20/2024,NEW YORK CENTRAL/EFT DEBIT JULIE M FRANCES,Cash-ATC-PC Operating Account
,Cash-ATC-PC Operating Account,05/20/2024,NEW YORK CENTRAL/EFT DEBIT JULIE M FRANCES,Insurance
,Cash-ATC-PC Operating Account,06/21/2024,NEW YORK CENTRAL/EFT DEBIT JULIE M FRANCES,Cash-ATC-PC Operating Account
,Cash-ATC-PC Operating Account,06/21/2024,NEW YORK CENTRAL/EFT DEBIT JULIE M FRANCES,Insurance
,Cash-ATC-PC Operating Account,08/20/2024,NEW YORK CENTRAL/EFT DEBIT JULIE M FRANCES,Cash-ATC-PC Operating Account
,Cash-ATC-PC Operating Account,08/20/2024,NEW YORK CENTRAL/EFT DEBIT JULIE M FRANCES,Insurance
,Cash-ATC-PC Operating Account,09/19/2024,NEW YORK CENTRAL/EFT DEBIT JULIE M FRANCES,Cash-ATC-PC Operating Account
,Cash-ATC-PC Operating Account,09/19/2024,NEW YORK CENTRAL/EFT DEBIT JULIE M FRANCES,Insurance
,Cash-ATC-PC Operating Account,10/18/2024,NEW YORK CENTRAL/EFT DEBIT JULIE M FRANCES,Cash-ATC-PC Operating Account
,Cash-ATC-PC Operating Account,10/18/2024,NEW YORK CENTRAL/EFT DEBIT JULIE M FRANCES,Insurance
,Cash-ATC-PC Operating Account,11/19/2024,NEW YORK CENTRAL/EFT DEBIT JULIE M FRANCES,Cash-ATC-PC Operating Account
,Cash-ATC-PC Operating Account,11/19/2024,NEW YORK CENTRAL/EFT DEBIT JULIE M FRANCES,Insurance
,Cash-ATC-PC Operating Account,12/19/2024,NEW YORK CENTRAL/EFT DEBIT JULIE M FRANCES,Cash-ATC-PC Operating Account
,Cash-ATC-PC Operating Account,12/19/2024,NEW YORK CENTRAL/EFT DEBIT JULIE M FRANCES,Insurance
,Cash-ATC-PC Operating Account,12/20/2024,JMF life insurance TO: DDXXXX3165,Cash-ATC-PC Operating Account
,Cash-ATC-PC Operating Account,12/20/2024,JMF life insurance TO: DDXXXX3165,Employee benefits:Officers' life insurance
,Cash-ATC-PC Operating Account,01/21/2025,NEW YORK CENTRAL/EFT DEBIT JULIE M FRANCES,Cash-ATC-PC Operating Account
,Cash-ATC-PC Operating Account,01/21/2025,NEW YORK CENTRAL/EFT DEBIT JULIE M FRANCES,Insurance
,Cash-ATC-PC Operating Account,01/22/2025,NEW YORK CENTRAL/EFT DEBIT JULIE M FRANCES,Cash-ATC-PC Operating Account
,Cash-ATC-PC Operating Account,01/22/2025,NEW YORK CENTRAL/EFT DEBIT JULIE M FRANCES,Insurance
,Cash-ATC-PC Operating Account,02/21/2025,NEW YORK CENTRAL/EFT DEBIT JULIE M FRANCES,Cash-ATC-PC Operating Account
,Cash-ATC-PC Operating Account,02/21/2025,NEW YORK CENTRAL/EFT DEBIT JULIE M FRANCES,Insurance
,Cash-ATC-PC Operating Account,03/07/2025,NEW YORK CENTRAL/EFT DEBIT JULIE M FRANCES,Cash-ATC-PC Operating Account
,Cash-ATC-PC Operating Account,03/07/2025,NEW YORK CENTRAL/EFT DEBIT JULIE M FRANCES,Insurance
,Cash-ATC-PC Operating Account,03/20/2025,NEW YORK CENTRAL/EFT DEBIT JULIE M FRANCES,Cash-ATC-PC Operating Account
,Cash-ATC-PC Operating Account,03/20/2025,NEW YORK CENTRAL/EFT DEBIT JULIE M FRANCES,Insurance
,Cash-ATC-PC Operating Account,04/09/2025,NEW YORK CENTRAL/EFT DEBIT JULIE M FRANCES,Cash-ATC-PC Operating Account
,Cash-ATC-PC Operating Account,04/09/2025,NEW YORK CENTRAL/EFT DEBIT JULIE M FRANCES,Insurance
,Cash-ATC-PC Operating Account,04/18/2025,NEW YORK CENTRAL/EFT DEBIT JULIE M FRANCES,Cash-ATC-PC Operating Account
,Cash-ATC-PC Operating Account,04/18/2025,NEW YORK CENTRAL/EFT DEBIT JULIE M FRANCES,Insurance
,Cash-ATC-PC Operating Account,05/08/2025,NEW YORK CENTRAL/EFT DEBIT JULIE M FRANCES,Cash-ATC-PC Operating Account
,Cash-ATC-PC Operating Account,05/08/2025,NEW YORK CENTRAL/EFT DEBIT JULIE M FRANCES,Insurance
,Cash-ATC-PC Operating Account,05/20/2025,NEW YORK CENTRAL/EFT DEBIT JULIE M FRANCES,Cash-ATC-PC Operating Account
,Cash-ATC-PC Operating Account,05/20/2025,NEW YORK CENTRAL/EFT DEBIT JULIE M FRANCES,Insurance
,Cash-ATC-PC Operating Account,06/09/2025,NEW YORK CENTRAL/EFT DEBIT JULIE M FRANCES,Cash-ATC-PC Operating Account
,Cash-ATC-PC Operating Account,06/09/2025,NEW YORK CENTRAL/EFT DEBIT JULIE M FRANCES,Insurance
,Cash-ATC-PC Operating Account,06/20/2025,NEW YORK CENTRAL/EFT DEBIT JULIE M FRANCES,Cash-ATC-PC Operating Account
,Cash-ATC-PC Operating Account,06/20/2025,NEW YORK CENTRAL/EFT DEBIT JULIE M FRANCES,Insurance
,Cash-ATC-PC Operating Account,07/10/2025,NEW YORK CENTRAL/EFT DEBIT JULIE M FRANCES,Cash-ATC-PC Operating Account
,Cash-ATC-PC Operating Account,07/10/2025,NEW YORK CENTRAL/EFT DEBIT JULIE M FRANCES,Insurance
,Cash-ATC-PC Operating Account,08/07/2025,NEW YORK CENTRAL/EFT DEBIT JULIE M FRANCES,Cash-ATC-PC Operating Account
,Cash-ATC-PC Operating Account,08/07/2025,NEW YORK CENTRAL/EFT DEBIT JULIE M FRANCES,Insurance
,Cash-ATC-PC Operating Account,08/20/2025,NEW YORK CENTRAL/EFT DEBIT JULIE M FRANCES,Cash-ATC-PC Operating Account
,Cash-ATC-PC Operating Account,08/20/2025,NEW YORK CENTRAL/EFT DEBIT JULIE M FRANCES,Insurance
,Cash-ATC-PC Operating Account,09/10/2025,NEW YORK CENTRAL/EFT DEBIT JULIE M FRANCES,Cash-ATC-PC Operating Account
,Cash-ATC-PC Operating Account,09/10/2025,NEW YORK CENTRAL/EFT DEBIT JULIE M FRANCES,Insurance
,Cash-ATC-PC Operating Account,09/18/2025,NEW YORK CENTRAL/EFT DEBIT JULIE M FRANCES,Cash-ATC-PC Operating Account
,Cash-ATC-PC Operating Account,09/18/2025,NEW YORK CENTRAL/EFT DEBIT JULIE M FRANCES,Insurance
,Cash-ATC-PC Operating Account,10/09/2025,NEW YORK CENTRAL/EFT DEBIT JULIE M FRANCES,Cash-ATC-PC Operating Account
,Cash-ATC-PC Operating Account,10/09/2025,NEW YORK CENTRAL/EFT DEBIT JULIE M FRANCES,Insurance
,Cash-ATC-PC Operating Account,10/20/2025,NEW YORK CENTRAL/EFT DEBIT JULIE M FRANCES,Cash-ATC-PC Operating Account
,Cash-ATC-PC Operating Account,10/20/2025,NEW YORK CENTRAL/EFT DEBIT JULIE M FRANCES,Insurance
,Cash-ATC-PC Operating Account,11/07/2025,NEW YORK CENTRAL/EFT DEBIT JULIE M FRANCES,Cash-ATC-PC Operating Account
,Cash-ATC-PC Operating Account,11/07/2025,NEW YORK CENTRAL/EFT DEBIT JULIE M FRANCES,Insurance
,Cash-ATC-PC Operating Account,11/21/2025,NEW YORK CENTRAL/EFT DEBIT JULIE M FRANCES,Cash-ATC-PC Operating Account
,Cash-ATC-PC Operating Account,11/21/2025,NEW YORK CENTRAL/EFT DEBIT JULIE M FRANCES,Insurance
,Cash-ATC-PC Operating Account,12/09/2025,NEW YORK CENTRAL/EFT DEBIT JULIE M FRANCES,Cash-ATC-PC Operating Account
,Cash-ATC-PC Operating Account,12/09/2025,NEW YORK CENTRAL/EFT DEBIT JULIE M FRANCES,Insurance
,Cash-ATC-PC Operating Account,12/18/2025,NEW YORK CENTRAL/EFT DEBIT JULIE M FRANCES,Cash-ATC-PC Operating Account
,Cash-ATC-PC Operating Account,12/18/2025,NEW YORK CENTRAL/EFT DEBIT JULIE M FRANCES,Insurance
,Cash-ATC-PC Operating Account,01/08/2026,NEW YORK CENTRAL/EFT DEBIT JULIE M FRANCES,Cash-ATC-PC Operating Account
,Cash-ATC-PC Operating Account,01/08/2026,NEW YORK CENTRAL/EFT DEBIT JULIE M FRANCES,Insurance
,Cash-ATC-PC Operating Account,01/21/2026,NEW YORK CENTRAL/EFT DEBIT JULIE M FRANCES,Cash-ATC-PC Operating Account
,Cash-ATC-PC Operating Account,01/21/2026,NEW YORK CENTRAL/EFT DEBIT JULIE M FRANCES,Insurance
Michelle Marks,,,,
,Cash-ATC-PC Operating Account,01/20/2022,,Cash-ATC-PC Operating Account
,Cash-ATC-PC Operating Account,01/20/2022,,Undeposited Funds-1
,Cash-ATC-PC Operating Account,01/22/2022,,Cash-ATC-PC Operating Account
,Cash-ATC-PC Operating Account,01/22/2022,,Accounts Receivable
,Cash-ATC-PC Operating Account,01/26/2022,MyCase/WEB PMTS The Law Office of Juli,Cash-ATC-PC Operating Account
,Cash-ATC-PC Operating Account,01/26/2022,MyCase/WEB PMTS The Law Office of Juli,Prepaid Client expenses
,Cash-ATC-PC Operating Account,02/03/2022,MyCase/WEB PMTS The Law Office of Juli,Cash-ATC-PC Operating Account
,Cash-ATC-PC Operating Account,02/03/2022,MyCase/WEB PMTS The Law Office of Juli,Prepaid Client expenses
,Cash-ATC-PC Operating Account,03/25/2022,,Cash-ATC-PC Operating Account
,Cash-ATC-PC Operating Account,03/25/2022,,Due to Client
,Cash-ATC-PC Operating Account,03/25/2022,,ADK Retainer Account
,Cash-ATC-PC Operating Account,03/25/2022,,Undeposited Funds-1
,Cash-ATC-PC Operating Account,03/25/2022,,Cash-ATC-PC Operating Account
,Cash-ATC-PC Operating Account,03/25/2022,,Due to Client
,Cash-ATC-PC Operating Account,03/25/2022,,ADK Retainer Account
,Cash-ATC-PC Operating Account,03/25/2022,,Undeposited Funds-1
,Cash-ATC-PC Operating Account,03/30/2022,,Cash-ATC-PC Operating Account
,Cash-ATC-PC Operating Account,03/30/2022,MyCase Payment,Undeposited Funds-1
,Cash-ATC-PC Operating Account,06/06/2022,MyCase Payment,Cash-ATC-PC Operating Account
,Cash-ATC-PC Operating Account,06/06/2022,,Accounts Receivable
,Cash-ATC-PC Operating Account,06/08/2022,balance on the $4817.71 bill. thank you,Cash-ATC-PC Operating Account
,Cash-ATC-PC Operating Account,06/08/2022,,Accounts Receivable
,Cash-ATC-PC Operating Account,09/25/2022,,Cash-ATC-PC Operating Account
,Cash-ATC-PC Operating Account,09/25/2022,payment on $3054. bill,Undeposited Funds-1
,Cash-ATC-PC Operating Account,09/25/2022,"payment on $3,054.53 bill.",Undeposited Funds-1
,Cash-ATC-PC Operating Account,09/25/2022,MyCase Payment,Undeposited Funds-1
,Cash-ATC-PC Operating Account,02/23/2023,,Cash-ATC-PC Operating Account
,Cash-ATC-PC Operating Account,02/23/2023,,Undeposited Funds-1
David A. Harper,,,,
,Cash-ATC-PC Operating Account,01/21/2022,,Cash-ATC-PC Operating Account
,Cash-ATC-PC Operating Account,01/21/2022,,Dues and Subscriptions
,Cash-ATC-PC Operating Account,01/21/2022,,Cash-ATC-PC Operating Account
,Cash-ATC-PC Operating Account,01/21/2022,Elephant drive reimbursement,Office Supplies
,Cash-ATC-PC Operating Account,01/21/2022,,Cash-ATC-PC Operating Account
,Cash-ATC-PC Operating Account,01/21/2022,Reimbursement,Dues and Subscriptions
,Cash-ATC-PC Operating Account,02/25/2022,,Cash-ATC-PC Operating Account
,Cash-ATC-PC Operating Account,02/25/2022,,Dues and Subscriptions
,Cash-ATC-PC Operating Account,03/09/2022,,Cash-ATC-PC Operating Account
,Cash-ATC-PC Operating Account,03/09/2022,,Dues and Subscriptions
,Cash-ATC-PC Operating Account,06/10/2022,,Cash-ATC-PC Operating Account
,Cash-ATC-PC Operating Account,06/10/2022,,Dues and Subscriptions
,Cash-ATC-PC Operating Account,07/15/2022,,Cash-ATC-PC Operating Account
,Cash-ATC-PC Operating Account,07/15/2022,,Dues and Subscriptions
,Cash-ATC-PC Operating Account,08/11/2022,,Cash-ATC-PC Operating Account
,Cash-ATC-PC Operating Account,08/11/2022,,Dues and Subscriptions
,Cash-ATC-PC Operating Account,08/11/2022,,Cash-ATC-PC Operating Account
,Cash-ATC-PC Operating Account,08/11/2022,,Dues and Subscriptions
,Cash-ATC-PC Operating Account,09/09/2022,,Cash-ATC-PC Operating Account
,Cash-ATC-PC Operating Account,09/09/2022,,Dues and Subscriptions
,Cash-ATC-PC Operating Account,10/07/2022,,Cash-ATC-PC Operating Account
,Cash-ATC-PC Operating Account,10/07/2022,,Dues and Subscriptions
,Cash-ATC-PC Operating Account,11/03/2022,,Cash-ATC-PC Operating Account
,Cash-ATC-PC Operating Account,11/03/2022,,Dues and Subscriptions
,Cash-ATC-PC Operating Account,11/15/2022,,Cash-ATC-PC Operating Account
,Cash-ATC-PC Operating Account,11/15/2022,,Dues and Subscriptions
,Cash-ATC-PC Operating Account,11/15/2022,,Cash-ATC-PC Operating Account
,Cash-ATC-PC Operating Account,11/15/2022,,Dues and Subscriptions
,Cash-ATC-PC Operating Account,01/01/2023,,Cash-ATC-PC Operating Account
,Cash-ATC-PC Operating Account,01/01/2023,,Dues and Subscriptions
,Cash-ATC-PC Operating Account,01/12/2023,,Cash-ATC-PC Operating Account
,Cash-ATC-PC Operating Account,01/12/2023,,Dues and Subscriptions
,Cash-ATC-PC Operating Account,01/25/2023,,Cash-ATC-PC Operating Account
,Cash-ATC-PC Operating Account,01/25/2023,,Dues and Subscriptions
,Cash-ATC-PC Operating Account,02/03/2023,,Cash-ATC-PC Operating Account
,Cash-ATC-PC Operating Account,02/03/2023,,Utilities
,Cash-ATC-PC Operating Account,02/06/2023,,Cash-ATC-PC Operating Account
,Cash-ATC-PC Operating Account,02/06/2023,,Dues and Subscriptions
,Cash-ATC-PC Operating Account,03/10/2023,,Cash-ATC-PC Operating Account
,Cash-ATC-PC Operating Account,03/10/2023,no memo,Ask My Accountant
,Cash-ATC-PC Operating Account,03/10/2023,,Cash-ATC-PC Operating Account
,Cash-ATC-PC Operating Account,03/10/2023,,Dues and Subscriptions
,Cash-ATC-PC Operating Account,03/10/2023,,Cash-ATC-PC Operating Account
,Cash-ATC-PC Operating Account,03/10/2023,installation of phones,Repairs and Maintenance
,Cash-ATC-PC Operating Account,04/13/2023,Teller Check,Cash-ATC-PC Operating Account
,Cash-ATC-PC Operating Account,04/13/2023,Teller Check,Office Supplies
,Cash-ATC-PC Operating Account,04/13/2023,Teller Check,Cash-ATC-PC Operating Account
,Cash-ATC-PC Operating Account,04/13/2023,Teller Check,Dues and Subscriptions
,Cash-ATC-PC Operating Account,04/26/2023,Teller Check,Cash-ATC-PC Operating Account
,Cash-ATC-PC Operating Account,04/26/2023,Teller Check,Office Supplies
,Cash-ATC-PC Operating Account,05/02/2023,Teller Check,Cash-ATC-PC Operating Account
,Cash-ATC-PC Operating Account,05/02/2023,Teller Check,Office Supplies
,Cash-ATC-PC Operating Account,05/12/2023,Teller Check,Cash-ATC-PC Operating Account
,Cash-ATC-PC Operating Account,05/12/2023,Teller Check,Office Supplies
,Cash-ATC-PC Operating Account,05/12/2023,Teller Check,Cash-ATC-PC Operating Account
,Cash-ATC-PC Operating Account,05/12/2023,Teller Check,Dues and Subscriptions
,Cash-ATC-PC Operating Account,06/09/2023,Teller Check,Cash-ATC-PC Operating Account
,Cash-ATC-PC Operating Account,06/09/2023,Teller Check,Office Supplies
,Cash-ATC-PC Operating Account,06/09/2023,Teller Check,Cash-ATC-PC Operating Account
,Cash-ATC-PC Operating Account,06/09/2023,Teller Check,Office Supplies
,Cash-ATC-PC Operating Account,06/09/2023,Teller Check,Cash-ATC-PC Operating Account
,Cash-ATC-PC Operating Account,06/09/2023,Teller Check,Dues and Subscriptions
,Cash-ATC-PC Operating Account,07/03/2023,Teller Check,Cash-ATC-PC Operating Account
,Cash-ATC-PC Operating Account,07/03/2023,Teller Check,Office Supplies
,Cash-ATC-PC Operating Account,07/12/2023,Teller Check,Cash-ATC-PC Operating Account
,Cash-ATC-PC Operating Account,07/12/2023,Teller Check,Office Supplies
,Cash-ATC-PC Operating Account,07/12/2023,Teller Check,Cash-ATC-PC Operating Account
,Cash-ATC-PC Operating Account,07/12/2023,Teller Check,Dues and Subscriptions
,Cash-ATC-PC Operating Account,07/12/2023,Teller Check,Cash-ATC-PC Operating Account
,Cash-ATC-PC Operating Account,07/12/2023,Teller Check,Dues and Subscriptions
,Cash-ATC-PC Operating Account,07/26/2023,Teller Check,Cash-ATC-PC Operating Account
,Cash-ATC-PC Operating Account,07/26/2023,Teller Check,Office Supplies
,Cash-ATC-PC Operating Account,08/03/2023,Teller Check,Cash-ATC-PC Operating Account
,Cash-ATC-PC Operating Account,08/03/2023,Teller Check,Office Supplies
,Cash-ATC-PC Operating Account,08/10/2023,Teller Check,Cash-ATC-PC Operating Account
,Cash-ATC-PC Operating Account,08/10/2023,Teller Check,Office Supplies
,Cash-ATC-PC Operating Account,08/10/2023,Teller Check,Cash-ATC-PC Operating Account
,Cash-ATC-PC Operating Account,08/10/2023,Teller Check,Dues and Subscriptions
,Cash-ATC-PC Operating Account,09/19/2023,Teller Check,Cash-ATC-PC Operating Account
,Cash-ATC-PC Operating Account,09/19/2023,Teller Check,Office Supplies
,Cash-ATC-PC Operating Account,09/19/2023,Teller Check,Cash-ATC-PC Operating Account
,Cash-ATC-PC Operating Account,09/19/2023,Teller Check,Office Supplies
,Cash-ATC-PC Operating Account,09/19/2023,Teller Check,Cash-ATC-PC Operating Account
,Cash-ATC-PC Operating Account,09/19/2023,Teller Check,Office Supplies
,Cash-ATC-PC Operating Account,09/19/2023,Teller Check,Cash-ATC-PC Operating Account
,Cash-ATC-PC Operating Account,09/19/2023,Teller Check,Dues and Subscriptions
,Cash-ATC-PC Operating Account,10/06/2023,Teller Check,Cash-ATC-PC Operating Account
,Cash-ATC-PC Operating Account,10/06/2023,Teller Check,Office Supplies
,Cash-ATC-PC Operating Account,10/06/2023,Teller Check,Cash-ATC-PC Operating Account
,Cash-ATC-PC Operating Account,10/06/2023,Teller Check,Office Supplies
,Cash-ATC-PC Operating Account,11/03/2023,Teller Check,Cash-ATC-PC Operating Account
,Cash-ATC-PC Operating Account,11/03/2023,Teller Check,Office Supplies
,Cash-ATC-PC Operating Account,11/03/2023,Teller Check,Cash-ATC-PC Operating Account
,Cash-ATC-PC Operating Account,11/03/2023,Teller Check,Office Supplies
,Cash-ATC-PC Operating Account,11/03/2023,Teller Check,Cash-ATC-PC Operating Account
,Cash-ATC-PC Operating Account,11/03/2023,Teller Check,Office Supplies
,Cash-ATC-PC Operating Account,11/17/2023,Teller Check,Cash-ATC-PC Operating Account
,Cash-ATC-PC Operating Account,11/17/2023,Teller Check,Office Supplies
,Cash-ATC-PC Operating Account,11/17/2023,Teller Check,Cash-ATC-PC Operating Account
,Cash-ATC-PC Operating Account,11/17/2023,Teller Check,Dues and Subscriptions
,Cash-ATC-PC Operating Account,12/21/2023,Teller Check,Cash-ATC-PC Operating Account
,Cash-ATC-PC Operating Account,12/21/2023,Teller Check,Office Supplies
,Cash-ATC-PC Operating Account,12/21/2023,Teller Check,Cash-ATC-PC Operating Account
,Cash-ATC-PC Operating Account,12/21/2023,Teller Check,Office Supplies
,Cash-ATC-PC Operating Account,12/21/2023,Teller Check,Cash-ATC-PC Operating Account
,Cash-ATC-PC Operating Account,12/21/2023,Teller Check,Office Supplies:Telephone & Internet Expense
Seeley Office Systems,,,,
,Cash-ATC-PC Operating Account,01/24/2022,,Cash-ATC-PC Operating Account
,Cash-ATC-PC Operating Account,01/24/2022,,Office Supplies
,Cash-ATC-PC Operating Account,01/25/2022,,Cash-ATC-PC Operating Account
,Cash-ATC-PC Operating Account,01/25/2022,,Office Supplies
,Cash-ATC-PC Operating Account,03/14/2022,,Cash-ATC-PC Operating Account
,Cash-ATC-PC Operating Account,03/14/2022,,Office Supplies
,Cash-ATC-PC Operating Account,04/19/2022,,Cash-ATC-PC Operating Account
,Cash-ATC-PC Operating Account,04/19/2022,,Office Supplies
,Cash-ATC-PC Operating Account,04/26/2022,,Cash-ATC-PC Operating Account
,Cash-ATC-PC Operating Account,04/26/2022,,Office Supplies
,Cash-ATC-PC Operating Account,06/01/2022,,Cash-ATC-PC Operating Account
,Cash-ATC-PC Operating Account,06/01/2022,,Office Supplies
,Cash-ATC-PC Operating Account,07/19/2022,,Cash-ATC-PC Operating Account
,Cash-ATC-PC Operating Account,07/19/2022,,Office Supplies
,Cash-ATC-PC Operating Account,10/12/2022,,Cash-ATC-PC Operating Account
,Cash-ATC-PC Operating Account,10/12/2022,,Office Supplies
,Cash-ATC-PC Operating Account,12/02/2022,,Cash-ATC-PC Operating Account
,Cash-ATC-PC Operating Account,12/02/2022,,Office Supplies
,Cash-ATC-PC Operating Account,12/05/2022,,Cash-ATC-PC Operating Account
,Cash-ATC-PC Operating Account,12/05/2022,,Office Supplies
,Cash-ATC-PC Operating Account,03/10/2023,,Cash-ATC-PC Operating Account
,Cash-ATC-PC Operating Account,03/10/2023,,Office Supplies
,Cash-ATC-PC Operating Account,03/28/2023,Check 2931,Cash-ATC-PC Operating Account
,Cash-ATC-PC Operating Account,03/28/2023,Check 2931,Office Supplies
,Cash-ATC-PC Operating Account,07/18/2023,Check 2975,Cash-ATC-PC Operating Account
,Cash-ATC-PC Operating Account,07/18/2023,Check 2975,Office Supplies
,Cash-ATC-PC Operating Account,09/27/2023,Check 2988,Cash-ATC-PC Operating Account
,Cash-ATC-PC Operating Account,09/27/2023,Check 2988,Office Supplies
,Cash-ATC-PC Operating Account,09/27/2023,Check 2993,Cash-ATC-PC Operating Account
,Cash-ATC-PC Operating Account,09/27/2023,Check 2993,Office Supplies
,Cash-ATC-PC Operating Account,10/11/2023,Check 3002,Cash-ATC-PC Operating Account
,Cash-ATC-PC Operating Account,10/11/2023,Check 3002,Office Supplies
,Cash-ATC-PC Operating Account,11/10/2023,Check 3021,Cash-ATC-PC Operating Account
,Cash-ATC-PC Operating Account,11/10/2023,Check 3021,Office Supplies
,Cash-ATC-PC Operating Account,01/09/2024,Check 3040 Check,Cash-ATC-PC Operating Account
,Cash-ATC-PC Operating Account,01/09/2024,Check 3040 Check,Office Supplies
,Cash-ATC-PC Operating Account,02/06/2024,Check 3059 Check,Cash-ATC-PC Operating Account
,Cash-ATC-PC Operating Account,02/06/2024,Check 3059 Check,Office Supplies
,Cash-ATC-PC Operating Account,06/13/2024,Check 3094 Check,Cash-ATC-PC Operating Account
,Cash-ATC-PC Operating Account,06/13/2024,Check 3094 Check,Office Supplies
,Cash-ATC-PC Operating Account,06/14/2024,Check 3102 Check,Cash-ATC-PC Operating Account
,Cash-ATC-PC Operating Account,06/14/2024,Check 3102 Check,Office Supplies
,Cash-ATC-PC Operating Account,07/30/2024,Check 3118 Check,Cash-ATC-PC Operating Account
,Cash-ATC-PC Operating Account,07/30/2024,Check 3118 Check,Office Supplies
,Cash-ATC-PC Operating Account,11/13/2024,Check 3167 Check,Cash-ATC-PC Operating Account
,Cash-ATC-PC Operating Account,11/13/2024,Check 3167 Check,Office Supplies
F.N.B of Scotia,,,,
,Cash-ATC-PC Operating Account,01/24/2022,,Cash-ATC-PC Operating Account
,Cash-ATC-PC Operating Account,01/24/2022,,N/P - FNB of Scotia
,Cash-ATC-PC Operating Account,01/24/2022,,Interest Expense
,Cash-ATC-PC Operating Account,02/24/2022,,Cash-ATC-PC Operating Account
,Cash-ATC-PC Operating Account,02/24/2022,,N/P - FNB of Scotia
,Cash-ATC-PC Operating Account,02/24/2022,,Interest Expense
,Cash-ATC-PC Operating Account,03/24/2022,,Cash-ATC-PC Operating Account
,Cash-ATC-PC Operating Account,03/24/2022,,N/P - FNB of Scotia
,Cash-ATC-PC Operating Account,03/24/2022,,Interest Expense
,Cash-ATC-PC Operating Account,04/26/2022,,Cash-ATC-PC Operating Account
,Cash-ATC-PC Operating Account,04/26/2022,,N/P - FNB of Scotia
,Cash-ATC-PC Operating Account,04/26/2022,,Interest Expense
,Cash-ATC-PC Operating Account,05/24/2022,,Cash-ATC-PC Operating Account
,Cash-ATC-PC Operating Account,05/24/2022,,N/P - FNB of Scotia
,Cash-ATC-PC Operating Account,05/24/2022,,Interest Expense
,Cash-ATC-PC Operating Account,06/24/2022,,Cash-ATC-PC Operating Account
,Cash-ATC-PC Operating Account,06/24/2022,,N/P - FNB of Scotia
,Cash-ATC-PC Operating Account,06/24/2022,,Interest Expense
,Cash-ATC-PC Operating Account,07/26/2022,,Cash-ATC-PC Operating Account
,Cash-ATC-PC Operating Account,07/26/2022,,N/P - FNB of Scotia
,Cash-ATC-PC Operating Account,07/26/2022,,Interest Expense
,Cash-ATC-PC Operating Account,08/24/2022,,Cash-ATC-PC Operating Account
,Cash-ATC-PC Operating Account,08/24/2022,,N/P - FNB of Scotia
,Cash-ATC-PC Operating Account,08/24/2022,,Interest Expense
,Cash-ATC-PC Operating Account,09/27/2022,,Cash-ATC-PC Operating Account
,Cash-ATC-PC Operating Account,09/27/2022,,N/P - FNB of Scotia
,Cash-ATC-PC Operating Account,09/27/2022,,Interest Expense
,Cash-ATC-PC Operating Account,10/24/2022,,Cash-ATC-PC Operating Account
,Cash-ATC-PC Operating Account,10/24/2022,,N/P - FNB of Scotia
,Cash-ATC-PC Operating Account,10/24/2022,,Interest Expense
,Cash-ATC-PC Operating Account,11/28/2022,,Cash-ATC-PC Operating Account
,Cash-ATC-PC Operating Account,11/28/2022,,N/P - FNB of Scotia
,Cash-ATC-PC Operating Account,11/28/2022,,Interest Expense
,Cash-ATC-PC Operating Account,12/28/2022,,Cash-ATC-PC Operating Account
,Cash-ATC-PC Operating Account,12/28/2022,,N/P - FNB of Scotia
,Cash-ATC-PC Operating Account,12/28/2022,,Interest Expense
UPS,,,,
,Cash-ATC-PC Operating Account,01/25/2022,,Cash-ATC-PC Operating Account
,Cash-ATC-PC Operating Account,01/25/2022,Nedwick- personal,Shareholder Distribution
,Cash-ATC-PC Operating Account,01/28/2022,,Cash-ATC-PC Operating Account
,Cash-ATC-PC Operating Account,01/28/2022,Jones-Sweeney,Office Supplies:Postage and Delivery
,Cash-ATC-PC Operating Account,03/14/2022,,Cash-ATC-PC Operating Account
,Cash-ATC-PC Operating Account,03/14/2022,,Office Supplies:Postage and Delivery
,Cash-ATC-PC Operating Account,04/26/2022,UPSBILLCTR/PAYMENT Log in to the UPS Billing Center for pay ment details. The Law Office of Juli,Cash-ATC-PC Operating Account
,Cash-ATC-PC Operating Account,04/26/2022,UPSBILLCTR/PAYMENT Log in to the UPS Billing Center for pay ment details. The Law Office of Juli,Office Supplies:Postage and Delivery
,Cash-ATC-PC Operating Account,10/18/2022,UPSBILLCTR/PAYMENT Log in to the UPS Billing Center for pay ment details. Law Office of Julie M.,Cash-ATC-PC Operating Account
,Cash-ATC-PC Operating Account,10/18/2022,UPSBILLCTR/PAYMENT Log in to the UPS Billing Center for pay ment details. Law Office of Julie M.,Office Supplies:Postage and Delivery
,Cash-ATC-PC Operating Account,10/18/2022,UPSBILLCTR/PAYMENT Log in to the UPS Billing Center for pay ment details. Law Office of Julie M.,Cash-ATC-PC Operating Account
,Cash-ATC-PC Operating Account,10/18/2022,UPSBILLCTR/PAYMENT Log in to the UPS Billing Center for pay ment details. Law Office of Julie M.,Office Supplies:Postage and Delivery
,Cash-ATC-PC Operating Account,10/25/2022,UPSBILLCTR/PAYMENT Log in to the UPS Billing Center for pay ment details. Law Office of Julie M.,Cash-ATC-PC Operating Account
,Cash-ATC-PC Operating Account,10/25/2022,UPSBILLCTR/PAYMENT Log in to the UPS Billing Center for pay ment details. Law Office of Julie M.,Office Supplies:Postage and Delivery
,Cash-ATC-PC Operating Account,03/28/2023,UPSBILLCTR/PAYMENT Log in to the UPS Billing Center for pay ment details. Law Office of Julie M.,Cash-ATC-PC Operating Account
,Cash-ATC-PC Operating Account,03/28/2023,UPSBILLCTR/PAYMENT Log in to the UPS Billing Center for pay ment details. Law Office of Julie M.,Office Supplies:Postage and Delivery
,Cash-ATC-PC Operating Account,04/04/2023,UPSBILLCTR/PAYMENT Log in to the UPS Billing Center for pay ment details. Law Office of Julie M.,Cash-ATC-PC Operating Account
,Cash-ATC-PC Operating Account,04/04/2023,UPSBILLCTR/PAYMENT Log in to the UPS Billing Center for pay ment details. Law Office of Julie M.,Office Supplies:Postage and Delivery
,Cash-ATC-PC Operating Account,08/08/2023,UPSBILLCTR/PAYMENT Log in to the UPS Billing Center for pay ment details. Law Office of Julie M,Cash-ATC-PC Operating Account
,Cash-ATC-PC Operating Account,08/08/2023,UPSBILLCTR/PAYMENT Log in to the UPS Billing Center for pay ment details. Law Office of Julie M,Office Supplies:Postage and Delivery
,Cash-ATC-PC Operating Account,11/01/2023,Check 3019,Cash-ATC-PC Operating Account
,Cash-ATC-PC Operating Account,11/01/2023,Check 3019,Office Supplies:Postage and Delivery
WB Mason,,,,
,Cash-ATC-PC Operating Account,01/25/2022,,Cash-ATC-PC Operating Account
,Cash-ATC-PC Operating Account,01/25/2022,,Office Supplies
,Cash-ATC-PC Operating Account,04/26/2022,,Cash-ATC-PC Operating Account
,Cash-ATC-PC Operating Account,04/26/2022,,Office Supplies
,Cash-ATC-PC Operating Account,06/01/2022,,Cash-ATC-PC Operating Account
,Cash-ATC-PC Operating Account,06/01/2022,,Office Supplies
,Cash-ATC-PC Operating Account,06/17/2022,,Cash-ATC-PC Operating Account
,Cash-ATC-PC Operating Account,06/17/2022,,Office Supplies
,Cash-ATC-PC Operating Account,08/23/2022,,Cash-ATC-PC Operating Account
,Cash-ATC-PC Operating Account,08/23/2022,,Office Supplies
,Cash-ATC-PC Operating Account,09/29/2022,,Cash-ATC-PC Operating Account
,Cash-ATC-PC Operating Account,09/29/2022,,Office Supplies
,Cash-ATC-PC Operating Account,11/15/2022,,Cash-ATC-PC Operating Account
,Cash-ATC-PC Operating Account,11/15/2022,,Office Supplies
,Cash-ATC-PC Operating Account,02/14/2023,,Cash-ATC-PC Operating Account
,Cash-ATC-PC Operating Account,02/14/2023,,Office Supplies
,Cash-ATC-PC Operating Account,05/02/2023,Check 2944,Cash-ATC-PC Operating Account
,Cash-ATC-PC Operating Account,05/02/2023,Check 2944,Office Supplies
,Cash-ATC-PC Operating Account,05/16/2023,Check 2955,Cash-ATC-PC Operating Account
,Cash-ATC-PC Operating Account,05/16/2023,Check 2955,Office Supplies
,Cash-ATC-PC Operating Account,07/24/2023,Check 2980,Cash-ATC-PC Operating Account
,Cash-ATC-PC Operating Account,07/24/2023,Check 2980,Office Supplies
,Cash-ATC-PC Operating Account,11/21/2023,Check 3029,Cash-ATC-PC Operating Account
,Cash-ATC-PC Operating Account,11/21/2023,Check 3029,Office Supplies
,Cash-ATC-PC Operating Account,01/09/2024,Check 3041 Check,Cash-ATC-PC Operating Account
,Cash-ATC-PC Operating Account,01/09/2024,Check 3041 Check,Office Supplies
,Cash-ATC-PC Operating Account,01/09/2024,Check 3045 Check,Cash-ATC-PC Operating Account
,Cash-ATC-PC Operating Account,01/09/2024,Check 3045 Check,Office Supplies
,Cash-ATC-PC Operating Account,02/06/2024,Check 3052 Check,Cash-ATC-PC Operating Account
,Cash-ATC-PC Operating Account,02/06/2024,Check 3052 Check,Office Supplies
,Cash-ATC-PC Operating Account,03/21/2024,WBMASONCOMPANY/OFFICEPROD LAW *OFFICEOFJULIEMFRA,Cash-ATC-PC Operating Account
,Cash-ATC-PC Operating Account,03/21/2024,WBMASONCOMPANY/OFFICEPROD LAW *OFFICEOFJULIEMFRA,Office Supplies
,Cash-ATC-PC Operating Account,05/30/2024,WBMASONCOMPANY/OFFICEPROD LAW *OFFICEOFJULIEMFRA,Cash-ATC-PC Operating Account
,Cash-ATC-PC Operating Account,05/30/2024,WBMASONCOMPANY/OFFICEPROD LAW *OFFICEOFJULIEMFRA,Office Supplies
,Cash-ATC-PC Operating Account,06/27/2024,WBMASONCOMPANY/OFFICEPROD LAW *OFFICEOFJULIEMFRA,Cash-ATC-PC Operating Account
,Cash-ATC-PC Operating Account,06/27/2024,WBMASONCOMPANY/OFFICEPROD LAW *OFFICEOFJULIEMFRA,Office Supplies
,Cash-ATC-PC Operating Account,07/12/2024,WBMASONCOMPANY/OFFICEPROD LAW *OFFICEOFJULIEMFRA,Cash-ATC-PC Operating Account
,Cash-ATC-PC Operating Account,07/12/2024,WBMASONCOMPANY/OFFICEPROD LAW *OFFICEOFJULIEMFRA,Office Supplies
,Cash-ATC-PC Operating Account,07/12/2024,WBMASONCOMPANY/OFFICEPROD LAW *OFFICEOFJULIEMFRA,Cash-ATC-PC Operating Account
,Cash-ATC-PC Operating Account,07/12/2024,WBMASONCOMPANY/OFFICEPROD LAW *OFFICEOFJULIEMFRA,Office Supplies
,Cash-ATC-PC Operating Account,07/22/2024,WBMASONCOMPANY/OFFICEPROD LAW *OFFICEOFJULIEMFRA,Cash-ATC-PC Operating Account
,Cash-ATC-PC Operating Account,07/22/2024,WBMASONCOMPANY/OFFICEPROD LAW *OFFICEOFJULIEMFRA,Office Supplies
,Cash-ATC-PC Operating Account,09/05/2024,WBMASONCOMPANY/OFFICEPROD LAW *OFFICEOFJULIEMFRA,Cash-ATC-PC Operating Account
,Cash-ATC-PC Operating Account,09/05/2024,WBMASONCOMPANY/OFFICEPROD LAW *OFFICEOFJULIEMFRA,Office expenses
,Cash-ATC-PC Operating Account,09/12/2024,WBMASONCOMPANY/OFFICEPROD LAW *OFFICEOFJULIEMFRA,Cash-ATC-PC Operating Account
,Cash-ATC-PC Operating Account,09/12/2024,WBMASONCOMPANY/OFFICEPROD LAW *OFFICEOFJULIEMFRA,Office expenses
,Cash-ATC-PC Operating Account,09/12/2024,WBMASONCOMPANY/OFFICEPROD LAW *OFFICEOFJULIEMFRA,Cash-ATC-PC Operating Account
,Cash-ATC-PC Operating Account,09/12/2024,WBMASONCOMPANY/OFFICEPROD LAW *OFFICEOFJULIEMFRA,Office expenses
,Cash-ATC-PC Operating Account,09/16/2024,WBMASONCOMPANY/OFFICEPROD LAW *OFFICEOFJULIEMFRA,Cash-ATC-PC Operating Account
,Cash-ATC-PC Operating Account,09/16/2024,WBMASONCOMPANY/OFFICEPROD LAW *OFFICEOFJULIEMFRA,Office expenses
,Cash-ATC-PC Operating Account,10/04/2024,WBMASONCOMPANY/OFFICEPROD LAW *OFFICEOFJULIEMFRA,Cash-ATC-PC Operating Account
,Cash-ATC-PC Operating Account,10/04/2024,WBMASONCOMPANY/OFFICEPROD LAW *OFFICEOFJULIEMFRA,Office expenses
,Cash-ATC-PC Operating Account,10/09/2024,WBMASONCOMPANY/OFFICEPROD LAW *OFFICEOFJULIEMFRA,Cash-ATC-PC Operating Account
,Cash-ATC-PC Operating Account,10/09/2024,WBMASONCOMPANY/OFFICEPROD LAW *OFFICEOFJULIEMFRA,Office expenses
,Cash-ATC-PC Operating Account,11/14/2024,WBMASONCOMPANY/OFFICEPROD LAW *OFFICEOFJULIEMFRA,Cash-ATC-PC Operating Account
,Cash-ATC-PC Operating Account,11/14/2024,WBMASONCOMPANY/OFFICEPROD LAW *OFFICEOFJULIEMFRA,Office expenses
,Cash-ATC-PC Operating Account,12/18/2024,WBMASONCOMPANY/OFFICEPROD LAW *OFFICEOFJULIEMFRA,Cash-ATC-PC Operating Account
,Cash-ATC-PC Operating Account,12/18/2024,WBMASONCOMPANY/OFFICEPROD LAW *OFFICEOFJULIEMFRA,Office expenses
,Cash-ATC-PC Operating Account,01/29/2025,WBMASONCOMPANY/OFFICEPROD LAW *OFFICEOFJULIEMFRA,Cash-ATC-PC Operating Account
,Cash-ATC-PC Operating Account,01/29/2025,WBMASONCOMPANY/OFFICEPROD LAW *OFFICEOFJULIEMFRA,Office Supplies
,Cash-ATC-PC Operating Account,02/27/2025,WBMASONCOMPANY/OFFICEPROD LAW *OFFICEOFJULIEMFRA,Cash-ATC-PC Operating Account
,Cash-ATC-PC Operating Account,02/27/2025,WBMASONCOMPANY/OFFICEPROD LAW *OFFICEOFJULIEMFRA,Office Supplies
,Cash-ATC-PC Operating Account,03/13/2025,WBMASONCOMPANY/OFFICEPROD LAW *OFFICEOFJULIEMFRA,Cash-ATC-PC Operating Account
,Cash-ATC-PC Operating Account,03/13/2025,WBMASONCOMPANY/OFFICEPROD LAW *OFFICEOFJULIEMFRA,Office Supplies
,Cash-ATC-PC Operating Account,04/10/2025,WBMASONCOMPANY/OFFICEPROD LAW *OFFICEOFJULIEMFRA,Cash-ATC-PC Operating Account
,Cash-ATC-PC Operating Account,04/10/2025,WBMASONCOMPANY/OFFICEPROD LAW *OFFICEOFJULIEMFRA,Office Supplies
,Cash-ATC-PC Operating Account,05/12/2025,WBMASONCOMPANY/OFFICEPROD LAW *OFFICEOFJULIEMFRA,Cash-ATC-PC Operating Account
,Cash-ATC-PC Operating Account,05/12/2025,WBMASONCOMPANY/OFFICEPROD LAW *OFFICEOFJULIEMFRA,Office Supplies
,Cash-ATC-PC Operating Account,06/11/2025,WBMASONCOMPANY/OFFICEPROD LAW *OFFICEOFJULIEMFRA,Cash-ATC-PC Operating Account
,Cash-ATC-PC Operating Account,06/11/2025,WBMASONCOMPANY/OFFICEPROD LAW *OFFICEOFJULIEMFRA,Office Supplies
,Cash-ATC-PC Operating Account,07/10/2025,WBMASONCOMPANY/OFFICEPROD LAW *OFFICEOFJULIEMFRA,Cash-ATC-PC Operating Account
,Cash-ATC-PC Operating Account,07/10/2025,WBMASONCOMPANY/OFFICEPROD LAW *OFFICEOFJULIEMFRA,Office Supplies
,Cash-ATC-PC Operating Account,08/07/2025,WBMASONCOMPANY/OFFICEPROD LAW *OFFICEOFJULIEMFRA,Cash-ATC-PC Operating Account
,Cash-ATC-PC Operating Account,08/07/2025,WBMASONCOMPANY/OFFICEPROD LAW *OFFICEOFJULIEMFRA,Office Supplies
,Cash-ATC-PC Operating Account,09/18/2025,WBMASONCOMPANY/OFFICEPROD LAW *OFFICEOFJULIEMFRA,Cash-ATC-PC Operating Account
,Cash-ATC-PC Operating Account,09/18/2025,WBMASONCOMPANY/OFFICEPROD LAW *OFFICEOFJULIEMFRA,Office Supplies
,Cash-ATC-PC Operating Account,10/16/2025,WBMASONCOMPANY/OFFICEPROD LAW *OFFICEOFJULIEMFRA,Cash-ATC-PC Operating Account
,Cash-ATC-PC Operating Account,10/16/2025,WBMASONCOMPANY/OFFICEPROD LAW *OFFICEOFJULIEMFRA,Office expenses
,Cash-ATC-PC Operating Account,12/02/2025,WBMASONCOMPANY/OFFICEPROD LAW *OFFICEOFJULIEMFRA,Cash-ATC-PC Operating Account
,Cash-ATC-PC Operating Account,12/02/2025,WBMASONCOMPANY/OFFICEPROD LAW *OFFICEOFJULIEMFRA,Office Supplies
,Cash-ATC-PC Operating Account,12/12/2025,WBMASONCOMPANY/OFFICEPROD LAW *OFFICEOFJULIEMFRA,Cash-ATC-PC Operating Account
,Cash-ATC-PC Operating Account,12/12/2025,WBMASONCOMPANY/OFFICEPROD LAW *OFFICEOFJULIEMFRA,Office Supplies
,Cash-ATC-PC Operating Account,01/08/2026,WBMASONCOMPANY/OFFICEPROD LAW *OFFICEOFJULIEMFRA,Cash-ATC-PC Operating Account
,Cash-ATC-PC Operating Account,01/08/2026,WBMASONCOMPANY/OFFICEPROD LAW *OFFICEOFJULIEMFRA,Office Supplies
Logical Net Corp,,,,
,Cash-ATC-PC Operating Account,01/25/2022,,Cash-ATC-PC Operating Account
,Cash-ATC-PC Operating Account,01/25/2022,,Office Supplies:Telephone & Internet Expense
,Cash-ATC-PC Operating Account,01/25/2023,,Cash-ATC-PC Operating Account
,Cash-ATC-PC Operating Account,01/25/2023,,Professional Fees
,Cash-ATC-PC Operating Account,12/22/2023,Check 3039 Check,Cash-ATC-PC Operating Account
,Cash-ATC-PC Operating Account,12/22/2023,Check 3039 Check,Professional Fees
,Cash-ATC-PC Operating Account,02/06/2024,Check 3055 Check,Cash-ATC-PC Operating Account
,Cash-ATC-PC Operating Account,02/06/2024,Check 3055 Check,Utilities
,Cash-ATC-PC Operating Account,03/14/2024,Check 3065 Check,Cash-ATC-PC Operating Account
,Cash-ATC-PC Operating Account,03/14/2024,Check 3065 Check,Utilities
,Cash-ATC-PC Operating Account,05/16/2024,Check 3082 Check,Cash-ATC-PC Operating Account
,Cash-ATC-PC Operating Account,05/16/2024,Check 3082 Check,Utilities
,Cash-ATC-PC Operating Account,06/14/2024,Check 3101 Check,Cash-ATC-PC Operating Account
,Cash-ATC-PC Operating Account,06/14/2024,Check 3101 Check,Utilities
,Cash-ATC-PC Operating Account,07/17/2024,Check 3113 Check,Cash-ATC-PC Operating Account
,Cash-ATC-PC Operating Account,07/17/2024,Check 3113 Check,Utilities
,Cash-ATC-PC Operating Account,08/15/2024,Check 3123 Check,Cash-ATC-PC Operating Account
,Cash-ATC-PC Operating Account,08/15/2024,Check 3123 Check,Utilities
,Cash-ATC-PC Operating Account,09/10/2024,Check 3137 Check,Cash-ATC-PC Operating Account
,Cash-ATC-PC Operating Account,09/10/2024,Check 3137 Check,Utilities
,Cash-ATC-PC Operating Account,10/15/2024,Check 3156 Check,Cash-ATC-PC Operating Account
,Cash-ATC-PC Operating Account,10/15/2024,Check 3156 Check,Utilities
,Cash-ATC-PC Operating Account,10/22/2024,Check 3159 Check,Cash-ATC-PC Operating Account
,Cash-ATC-PC Operating Account,10/22/2024,Check 3159 Check,Utilities
,Cash-ATC-PC Operating Account,01/23/2026,Check 3479 Check,Cash-ATC-PC Operating Account
,Cash-ATC-PC Operating Account,01/23/2026,Check 3479 Check,Utilities
Department of State,,,,
,Cash-ATC-PC Operating Account,01/26/2022,,Cash-ATC-PC Operating Account
,Cash-ATC-PC Operating Account,01/26/2022,,Fees & Licenses
First Light,,,,
,Cash-ATC-PC Operating Account,01/26/2022,,Cash-ATC-PC Operating Account
,Cash-ATC-PC Operating Account,01/26/2022,,Office Supplies
,Cash-ATC-PC Operating Account,02/25/2022,,Cash-ATC-PC Operating Account
,Cash-ATC-PC Operating Account,02/25/2022,,Office Supplies
,Cash-ATC-PC Operating Account,03/25/2022,,Cash-ATC-PC Operating Account
,Cash-ATC-PC Operating Account,03/25/2022,,Office Supplies
,Cash-ATC-PC Operating Account,04/26/2022,,Cash-ATC-PC Operating Account
,Cash-ATC-PC Operating Account,04/26/2022,,Office Supplies
,Cash-ATC-PC Operating Account,05/17/2022,,Cash-ATC-PC Operating Account
,Cash-ATC-PC Operating Account,05/17/2022,,Office Supplies
,Cash-ATC-PC Operating Account,07/07/2022,,Cash-ATC-PC Operating Account
,Cash-ATC-PC Operating Account,07/07/2022,,Office Supplies
,Cash-ATC-PC Operating Account,08/07/2022,,Cash-ATC-PC Operating Account
,Cash-ATC-PC Operating Account,08/07/2022,,Office Supplies
,Cash-ATC-PC Operating Account,09/29/2022,,Cash-ATC-PC Operating Account
,Cash-ATC-PC Operating Account,09/29/2022,,Office Supplies
,Cash-ATC-PC Operating Account,10/25/2022,,Cash-ATC-PC Operating Account
,Cash-ATC-PC Operating Account,10/25/2022,,Office Supplies
,Cash-ATC-PC Operating Account,12/02/2022,,Cash-ATC-PC Operating Account
,Cash-ATC-PC Operating Account,12/02/2022,,Office Supplies
,Cash-ATC-PC Operating Account,01/12/2023,,Cash-ATC-PC Operating Account
,Cash-ATC-PC Operating Account,01/12/2023,,Office Supplies
,Cash-ATC-PC Operating Account,01/25/2023,,Cash-ATC-PC Operating Account
,Cash-ATC-PC Operating Account,01/25/2023,,Office Supplies
,Cash-ATC-PC Operating Account,03/10/2023,,Cash-ATC-PC Operating Account
,Cash-ATC-PC Operating Account,03/10/2023,,Office Supplies
,Cash-ATC-PC Operating Account,05/02/2023,Check 2943,Cash-ATC-PC Operating Account
,Cash-ATC-PC Operating Account,05/02/2023,Check 2943,Office Supplies
,Cash-ATC-PC Operating Account,07/05/2023,Check 2970,Cash-ATC-PC Operating Account
,Cash-ATC-PC Operating Account,07/05/2023,Check 2970,Office Supplies
,Cash-ATC-PC Operating Account,07/26/2023,Check 2981,Cash-ATC-PC Operating Account
,Cash-ATC-PC Operating Account,07/26/2023,Check 2981,Office Supplies
,Cash-ATC-PC Operating Account,09/26/2023,Check 2994,Cash-ATC-PC Operating Account
,Cash-ATC-PC Operating Account,09/26/2023,Check 2994,Office Supplies
,Cash-ATC-PC Operating Account,11/07/2023,Check 3023,Cash-ATC-PC Operating Account
,Cash-ATC-PC Operating Account,11/07/2023,Check 3023,Office Supplies
,Cash-ATC-PC Operating Account,12/26/2023,Check 3034 Check,Cash-ATC-PC Operating Account
,Cash-ATC-PC Operating Account,12/26/2023,Check 3034 Check,Office Supplies
,Cash-ATC-PC Operating Account,01/09/2024,Check 3047 Check,Cash-ATC-PC Operating Account
,Cash-ATC-PC Operating Account,01/09/2024,Check 3047 Check,Utilities
,Cash-ATC-PC Operating Account,03/19/2024,Check 3070 Check,Cash-ATC-PC Operating Account
,Cash-ATC-PC Operating Account,03/19/2024,Check 3070 Check,Utilities
,Cash-ATC-PC Operating Account,05/15/2024,Check 3086 Check,Cash-ATC-PC Operating Account
,Cash-ATC-PC Operating Account,05/15/2024,Check 3086 Check,Utilities
,Cash-ATC-PC Operating Account,05/15/2024,Check 3092 Check,Cash-ATC-PC Operating Account
,Cash-ATC-PC Operating Account,05/15/2024,Check 3092 Check,Utilities
,Cash-ATC-PC Operating Account,06/10/2024,FIRSTLIGHT PMNT/BILLPAY LAW OFFICE OF JULIE M.,Cash-ATC-PC Operating Account
,Cash-ATC-PC Operating Account,06/10/2024,FIRSTLIGHT PMNT/BILLPAY LAW OFFICE OF JULIE M.,Utilities
,Cash-ATC-PC Operating Account,06/25/2024,FIRSTLIGHT PMNT/BILLPAY LAW OFFICE OF JULIE M.,Cash-ATC-PC Operating Account
,Cash-ATC-PC Operating Account,06/25/2024,FIRSTLIGHT PMNT/BILLPAY LAW OFFICE OF JULIE M.,Utilities
,Cash-ATC-PC Operating Account,08/09/2024,FIRSTLIGHT PMNT/BILLPAY LAW OFFICE OF JULIE M.,Cash-ATC-PC Operating Account
,Cash-ATC-PC Operating Account,08/09/2024,FIRSTLIGHT PMNT/BILLPAY LAW OFFICE OF JULIE M.,Utilities
,Cash-ATC-PC Operating Account,09/09/2024,FIRSTLIGHT PMNT/BILLPAY LAW OFFICE OF JULIE M.,Cash-ATC-PC Operating Account
,Cash-ATC-PC Operating Account,09/09/2024,FIRSTLIGHT PMNT/BILLPAY LAW OFFICE OF JULIE M.,Utilities
,Cash-ATC-PC Operating Account,10/10/2024,FIRSTLIGHT PMNT/BILLPAY LAW OFFICE OF JULIE M.,Cash-ATC-PC Operating Account
,Cash-ATC-PC Operating Account,10/10/2024,FIRSTLIGHT PMNT/BILLPAY LAW OFFICE OF JULIE M.,Utilities
,Cash-ATC-PC Operating Account,11/12/2024,FIRSTLIGHT PMNT/BILLPAY LAW OFFICE OF JULIE M.,Cash-ATC-PC Operating Account
,Cash-ATC-PC Operating Account,11/12/2024,FIRSTLIGHT PMNT/BILLPAY LAW OFFICE OF JULIE M.,Utilities
,Cash-ATC-PC Operating Account,12/10/2024,FIRSTLIGHT PMNT/BILLPAY LAW OFFICE OF JULIE M.,Cash-ATC-PC Operating Account
,Cash-ATC-PC Operating Account,12/10/2024,FIRSTLIGHT PMNT/BILLPAY LAW OFFICE OF JULIE M.,Utilities
,Cash-ATC-PC Operating Account,01/09/2025,FIRSTLIGHT PMNT/BILLPAY LAW OFFICE OF JULIE M.,Cash-ATC-PC Operating Account
,Cash-ATC-PC Operating Account,01/09/2025,FIRSTLIGHT PMNT/BILLPAY LAW OFFICE OF JULIE M.,Utilities
,Cash-ATC-PC Operating Account,02/10/2025,FIRSTLIGHT PMNT/BILLPAY LAW OFFICE OF JULIE M.,Cash-ATC-PC Operating Account
,Cash-ATC-PC Operating Account,02/10/2025,FIRSTLIGHT PMNT/BILLPAY LAW OFFICE OF JULIE M.,Utilities
,Cash-ATC-PC Operating Account,03/12/2025,FIRSTLIGHT PMNT/BILLPAY LAW OFFICE OF JULIE M.,Cash-ATC-PC Operating Account
,Cash-ATC-PC Operating Account,03/12/2025,FIRSTLIGHT PMNT/BILLPAY LAW OFFICE OF JULIE M.,Utilities
,Cash-ATC-PC Operating Account,04/09/2025,FIRSTLIGHT PMNT/BILLPAY LAW OFFICE OF JULIE M.,Cash-ATC-PC Operating Account
,Cash-ATC-PC Operating Account,04/09/2025,FIRSTLIGHT PMNT/BILLPAY LAW OFFICE OF JULIE M.,Utilities
,Cash-ATC-PC Operating Account,05/12/2025,FIRSTLIGHT PMNT/BILLPAY LAW OFFICE OF JULIE M.,Cash-ATC-PC Operating Account
,Cash-ATC-PC Operating Account,05/12/2025,FIRSTLIGHT PMNT/BILLPAY LAW OFFICE OF JULIE M.,Utilities
,Cash-ATC-PC Operating Account,06/02/2025,FIRSTLIGHT PMNT/BILLPAY LAW OFFICE OF JULIE M.,Cash-ATC-PC Operating Account
,Cash-ATC-PC Operating Account,06/02/2025,FIRSTLIGHT PMNT/BILLPAY LAW OFFICE OF JULIE M.,Utilities
,Cash-ATC-PC Operating Account,07/01/2025,FIRSTLIGHT PMNT/BILLPAY LAW OFFICE OF JULIE M.,Cash-ATC-PC Operating Account
,Cash-ATC-PC Operating Account,07/01/2025,FIRSTLIGHT PMNT/BILLPAY LAW OFFICE OF JULIE M.,Utilities
,Cash-ATC-PC Operating Account,07/31/2025,FIRSTLIGHT PMNT/BILLPAY LAW OFFICE OF JULIE M.,Cash-ATC-PC Operating Account
,Cash-ATC-PC Operating Account,07/31/2025,FIRSTLIGHT PMNT/BILLPAY LAW OFFICE OF JULIE M.,Utilities
,Cash-ATC-PC Operating Account,09/02/2025,FIRSTLIGHT PMNT/BILLPAY LAW OFFICE OF JULIE M.,Cash-ATC-PC Operating Account
,Cash-ATC-PC Operating Account,09/02/2025,FIRSTLIGHT PMNT/BILLPAY LAW OFFICE OF JULIE M.,Utilities
,Cash-ATC-PC Operating Account,10/01/2025,FIRSTLIGHT PMNT/BILLPAY LAW OFFICE OF JULIE M.,Cash-ATC-PC Operating Account
,Cash-ATC-PC Operating Account,10/01/2025,FIRSTLIGHT PMNT/BILLPAY LAW OFFICE OF JULIE M.,Utilities
,Cash-ATC-PC Operating Account,10/31/2025,FIRSTLIGHT PMNT/BILLPAY LAW OFFICE OF JULIE M.,Cash-ATC-PC Operating Account
,Cash-ATC-PC Operating Account,10/31/2025,FIRSTLIGHT PMNT/BILLPAY LAW OFFICE OF JULIE M.,Utilities
,Cash-ATC-PC Operating Account,12/01/2025,FIRSTLIGHT PMNT/BILLPAY LAW OFFICE OF JULIE M.,Cash-ATC-PC Operating Account
,Cash-ATC-PC Operating Account,12/01/2025,FIRSTLIGHT PMNT/BILLPAY LAW OFFICE OF JULIE M.,Utilities
,Cash-ATC-PC Operating Account,12/31/2025,FIRSTLIGHT PMNT/BILLPAY LAW OFFICE OF JULIE M.,Cash-ATC-PC Operating Account
,Cash-ATC-PC Operating Account,12/31/2025,FIRSTLIGHT PMNT/BILLPAY LAW OFFICE OF JULIE M.,Utilities
Evolve IT,,,,
,Cash-ATC-PC Operating Account,02/02/2022,"EVOLVE IT, LLC/SALE LAW OFFICE OF JULIE M",Cash-ATC-PC Operating Account
,Cash-ATC-PC Operating Account,02/02/2022,"EVOLVE IT, LLC/SALE LAW OFFICE OF JULIE M",Professional Fees
,Cash-ATC-PC Operating Account,02/22/2022,"EVOLVE IT, LLC/SALE LAW OFFICE OF JULIE M",Cash-ATC-PC Operating Account
,Cash-ATC-PC Operating Account,02/22/2022,"EVOLVE IT, LLC/SALE LAW OFFICE OF JULIE M",Professional Fees
,Cash-ATC-PC Operating Account,03/02/2022,"EVOLVE IT, LLC/SALE LAW OFFICE OF JULIE M",Cash-ATC-PC Operating Account
,Cash-ATC-PC Operating Account,03/02/2022,"EVOLVE IT, LLC/SALE LAW OFFICE OF JULIE M",Professional Fees
,Cash-ATC-PC Operating Account,05/02/2022,"EVOLVE IT, LLC/SALE LAW OFFICE OF JULIE M",Cash-ATC-PC Operating Account
,Cash-ATC-PC Operating Account,05/02/2022,"EVOLVE IT, LLC/SALE LAW OFFICE OF JULIE M",Professional Fees
,Cash-ATC-PC Operating Account,08/02/2022,"EVOLVE IT, LLC/SALE LAW OFFICE OF JULIE M",Cash-ATC-PC Operating Account
,Cash-ATC-PC Operating Account,08/02/2022,"EVOLVE IT, LLC/SALE LAW OFFICE OF JULIE M",Professional Fees
,Cash-ATC-PC Operating Account,09/02/2022,"EVOLVE IT, LLC/SALE LAW OFFICE OF JULIE M",Cash-ATC-PC Operating Account
,Cash-ATC-PC Operating Account,09/02/2022,"EVOLVE IT, LLC/SALE LAW OFFICE OF JULIE M",Professional Fees
,Cash-ATC-PC Operating Account,10/04/2022,"EVOLVE IT, LLC/SALE LAW OFFICE OF JULIE M",Cash-ATC-PC Operating Account
,Cash-ATC-PC Operating Account,10/04/2022,"EVOLVE IT, LLC/SALE LAW OFFICE OF JULIE M",Professional Fees
,Cash-ATC-PC Operating Account,11/02/2022,"EVOLVE IT, LLC/SALE LAW OFFICE OF JULIE M",Cash-ATC-PC Operating Account
,Cash-ATC-PC Operating Account,11/02/2022,"EVOLVE IT, LLC/SALE LAW OFFICE OF JULIE M",Professional Fees
,Cash-ATC-PC Operating Account,12/02/2022,"EVOLVE IT, LLC/SALE LAW OFFICE OF JULIE M",Cash-ATC-PC Operating Account
,Cash-ATC-PC Operating Account,12/02/2022,"EVOLVE IT, LLC/SALE LAW OFFICE OF JULIE M",Professional Fees
,Cash-ATC-PC Operating Account,01/03/2023,"EVOLVE IT, LLC/SALE LAW OFFICE OF JULIE M",Cash-ATC-PC Operating Account
,Cash-ATC-PC Operating Account,01/03/2023,"EVOLVE IT, LLC/SALE LAW OFFICE OF JULIE M",Professional Fees
,Cash-ATC-PC Operating Account,03/02/2023,"ACH Debit EVOLVE IT, LLC/SALE LAW OFFICE OF JULIE  M",Cash-ATC-PC Operating Account
,Cash-ATC-PC Operating Account,03/02/2023,"ACH Debit EVOLVE IT, LLC/SALE LAW OFFICE OF JULIE  M",Professional Fees
,Cash-ATC-PC Operating Account,04/03/2023,"EVOLVE IT, LLC/SALE LAW OFFICE OF JULIE M",Cash-ATC-PC Operating Account
,Cash-ATC-PC Operating Account,04/03/2023,"EVOLVE IT, LLC/SALE LAW OFFICE OF JULIE M",Professional Fees
,Cash-ATC-PC Operating Account,05/02/2023,"EVOLVE IT, LLC/SALE LAW OFFICE OF JULIE M",Cash-ATC-PC Operating Account
,Cash-ATC-PC Operating Account,05/02/2023,"EVOLVE IT, LLC/SALE LAW OFFICE OF JULIE M",Professional Fees
,Cash-ATC-PC Operating Account,06/02/2023,"EVOLVE IT, LLC/SALE LAW OFFICE OF JULIE M",Cash-ATC-PC Operating Account
,Cash-ATC-PC Operating Account,06/02/2023,"EVOLVE IT, LLC/SALE LAW OFFICE OF JULIE M",Professional Fees
,Cash-ATC-PC Operating Account,07/03/2023,"EVOLVE IT, LLC/SALE LAW OFFICE OF JULIE M",Cash-ATC-PC Operating Account
,Cash-ATC-PC Operating Account,07/03/2023,"EVOLVE IT, LLC/SALE LAW OFFICE OF JULIE M",Professional Fees
,Cash-ATC-PC Operating Account,08/02/2023,"EVOLVE IT, LLC/SALE LAW OFFICE OF JULIE M",Cash-ATC-PC Operating Account
,Cash-ATC-PC Operating Account,08/02/2023,"EVOLVE IT, LLC/SALE LAW OFFICE OF JULIE M",Professional Fees
,Cash-ATC-PC Operating Account,09/05/2023,"EVOLVE IT, LLC/SALE LAW OFFICE OF JULIE M",Cash-ATC-PC Operating Account
,Cash-ATC-PC Operating Account,09/05/2023,"EVOLVE IT, LLC/SALE LAW OFFICE OF JULIE M",Professional Fees
,Cash-ATC-PC Operating Account,09/14/2023,"EVOLVE IT, LLC/SALE LAW OFFICE OF JULIE M",Cash-ATC-PC Operating Account
,Cash-ATC-PC Operating Account,09/14/2023,"EVOLVE IT, LLC/SALE LAW OFFICE OF JULIE M",Professional Fees
,Cash-ATC-PC Operating Account,09/14/2023,"EVOLVE IT, LLC/SALE LAW OFFICE OF JULIE M",Cash-ATC-PC Operating Account
,Cash-ATC-PC Operating Account,09/14/2023,"EVOLVE IT, LLC/SALE LAW OFFICE OF JULIE M",Professional Fees
,Cash-ATC-PC Operating Account,09/14/2023,"EVOLVE IT, LLC/SALE LAW OFFICE OF JULIE M",Cash-ATC-PC Operating Account
,Cash-ATC-PC Operating Account,09/14/2023,"EVOLVE IT, LLC/SALE LAW OFFICE OF JULIE M",Professional Fees
,Cash-ATC-PC Operating Account,09/14/2023,"EVOLVE IT, LLC/SALE LAW OFFICE OF JULIE M",Cash-ATC-PC Operating Account
,Cash-ATC-PC Operating Account,09/14/2023,"EVOLVE IT, LLC/SALE LAW OFFICE OF JULIE M",Professional Fees
,Cash-ATC-PC Operating Account,10/19/2023,Check 3012,Cash-ATC-PC Operating Account
,Cash-ATC-PC Operating Account,10/19/2023,Check 3012,Professional Fees
,Cash-ATC-PC Operating Account,10/20/2023,"EVOLVE IT, LLC/SALE LAW OFFICE OF JULIE M",Cash-ATC-PC Operating Account
,Cash-ATC-PC Operating Account,10/20/2023,"EVOLVE IT, LLC/SALE LAW OFFICE OF JULIE M",Professional Fees
,Cash-ATC-PC Operating Account,11/02/2023,"EVOLVE IT, LLC/SALE LAW OFFICE OF JULIE M",Cash-ATC-PC Operating Account
,Cash-ATC-PC Operating Account,11/02/2023,"EVOLVE IT, LLC/SALE LAW OFFICE OF JULIE M",Professional Fees
,Cash-ATC-PC Operating Account,12/04/2023,"EVOLVE IT, LLC/SALE LAW OFFICE OF JULIE M",Cash-ATC-PC Operating Account
,Cash-ATC-PC Operating Account,12/04/2023,"EVOLVE IT, LLC/SALE LAW OFFICE OF JULIE M",Professional Fees
,Cash-ATC-PC Operating Account,12/12/2023,"EVOLVE IT, LLC/SALE LAW OFFICE OF JULIE M",Cash-ATC-PC Operating Account
,Cash-ATC-PC Operating Account,12/12/2023,"EVOLVE IT, LLC/SALE LAW OFFICE OF JULIE M",Professional Fees
,Cash-ATC-PC Operating Account,12/12/2023,"EVOLVE IT, LLC/SALE LAW OFFICE OF JULIE M",Cash-ATC-PC Operating Account
,Cash-ATC-PC Operating Account,12/12/2023,"EVOLVE IT, LLC/SALE LAW OFFICE OF JULIE M",Professional Fees
,Cash-ATC-PC Operating Account,12/12/2023,"EVOLVE IT, LLC/SALE LAW OFFICE OF JULIE M",Cash-ATC-PC Operating Account
,Cash-ATC-PC Operating Account,12/12/2023,"EVOLVE IT, LLC/SALE LAW OFFICE OF JULIE M",Professional Fees
,Cash-ATC-PC Operating Account,01/02/2024,"EVOLVE IT, LLC/SALE LAW OFFICE OF JULIE M",Cash-ATC-PC Operating Account
,Cash-ATC-PC Operating Account,01/02/2024,"EVOLVE IT, LLC/SALE LAW OFFICE OF JULIE M",Professional Fees
,Cash-ATC-PC Operating Account,01/18/2024,"EVOLVE IT, LLC/SALE LAW OFFICE OF JULIE M",Cash-ATC-PC Operating Account
,Cash-ATC-PC Operating Account,01/18/2024,"EVOLVE IT, LLC/SALE LAW OFFICE OF JULIE M",Professional Fees
,Cash-ATC-PC Operating Account,02/02/2024,"EVOLVE IT, LLC/SALE LAW OFFICE OF JULIE M",Cash-ATC-PC Operating Account
,Cash-ATC-PC Operating Account,02/02/2024,"EVOLVE IT, LLC/SALE LAW OFFICE OF JULIE M",Professional Fees
,Cash-ATC-PC Operating Account,03/04/2024,"EVOLVE IT, LLC/SALE LAW OFFICE OF JULIE M",Cash-ATC-PC Operating Account
,Cash-ATC-PC Operating Account,03/04/2024,"EVOLVE IT, LLC/SALE LAW OFFICE OF JULIE M",Professional Fees
,Cash-ATC-PC Operating Account,04/02/2024,"EVOLVE IT, LLC/SALE LAW OFFICE OF JULIE M",Cash-ATC-PC Operating Account
,Cash-ATC-PC Operating Account,04/02/2024,"EVOLVE IT, LLC/SALE LAW OFFICE OF JULIE M",Professional Fees
,Cash-ATC-PC Operating Account,05/02/2024,"EVOLVE IT, LLC/SALE LAW OFFICE OF JULIE M",Cash-ATC-PC Operating Account
,Cash-ATC-PC Operating Account,05/02/2024,"EVOLVE IT, LLC/SALE LAW OFFICE OF JULIE M",Professional Fees
,Cash-ATC-PC Operating Account,06/04/2024,"EVOLVE IT, LLC/SALE LAW OFFICE OF JULIE M",Cash-ATC-PC Operating Account
,Cash-ATC-PC Operating Account,06/04/2024,"EVOLVE IT, LLC/SALE LAW OFFICE OF JULIE M",Professional Fees
,Cash-ATC-PC Operating Account,07/10/2024,"EVOLVE IT, LLC/SALE LAW OFFICE OF JULIE M",Cash-ATC-PC Operating Account
,Cash-ATC-PC Operating Account,07/10/2024,"EVOLVE IT, LLC/SALE LAW OFFICE OF JULIE M",Professional Fees
,Cash-ATC-PC Operating Account,09/04/2024,"EVOLVE IT, LLC/SALE LAW OFFICE OF JULIE M",Cash-ATC-PC Operating Account
,Cash-ATC-PC Operating Account,09/04/2024,"EVOLVE IT, LLC/SALE LAW OFFICE OF JULIE M",Professional Fees
,Cash-ATC-PC Operating Account,10/02/2024,"EVOLVE IT, LLC/SALE LAW OFFICE OF JULIE M",Cash-ATC-PC Operating Account
,Cash-ATC-PC Operating Account,10/02/2024,"EVOLVE IT, LLC/SALE LAW OFFICE OF JULIE M",Professional Fees
,Cash-ATC-PC Operating Account,10/07/2024,"EVOLVE IT, LLC/SALE LAW OFFICE OF JULIE M",Cash-ATC-PC Operating Account
,Cash-ATC-PC Operating Account,10/07/2024,"EVOLVE IT, LLC/SALE LAW OFFICE OF JULIE M",Professional Fees
,Cash-ATC-PC Operating Account,10/21/2024,"EVOLVE IT, LLC/SALE LAW OFFICE OF JULIE M",Cash-ATC-PC Operating Account
,Cash-ATC-PC Operating Account,10/21/2024,"EVOLVE IT, LLC/SALE LAW OFFICE OF JULIE M",Professional Fees
,Cash-ATC-PC Operating Account,10/28/2024,"EVOLVE IT, LLC/SALE LAW OFFICE OF JULIE M",Cash-ATC-PC Operating Account
,Cash-ATC-PC Operating Account,10/28/2024,"EVOLVE IT, LLC/SALE LAW OFFICE OF JULIE M",Professional Fees
,Cash-ATC-PC Operating Account,10/28/2024,"EVOLVE IT, LLC/SALE LAW OFFICE OF JULIE M",Cash-ATC-PC Operating Account
,Cash-ATC-PC Operating Account,10/28/2024,"EVOLVE IT, LLC/SALE LAW OFFICE OF JULIE M",Professional Fees
,Cash-ATC-PC Operating Account,11/04/2024,"EVOLVE IT, LLC/SALE LAW OFFICE OF JULIE M",Cash-ATC-PC Operating Account
,Cash-ATC-PC Operating Account,11/04/2024,"EVOLVE IT, LLC/SALE LAW OFFICE OF JULIE M",Professional Fees
,Cash-ATC-PC Operating Account,12/12/2024,"EVOLVE IT, LLC/SALE LAW OFFICE OF JULIE M",Cash-ATC-PC Operating Account
,Cash-ATC-PC Operating Account,12/12/2024,"EVOLVE IT, LLC/SALE LAW OFFICE OF JULIE M",Professional Fees
,Cash-ATC-PC Operating Account,01/03/2025,"EVOLVE IT, LLC/SALE LAW OFFICE OF JULIE M",Cash-ATC-PC Operating Account
,Cash-ATC-PC Operating Account,01/03/2025,"EVOLVE IT, LLC/SALE LAW OFFICE OF JULIE M",Professional Fees
,Cash-ATC-PC Operating Account,02/05/2025,"EVOLVE IT, LLC/SALE LAW OFFICE OF JULIE M",Cash-ATC-PC Operating Account
,Cash-ATC-PC Operating Account,02/05/2025,"EVOLVE IT, LLC/SALE LAW OFFICE OF JULIE M",Professional Fees
,Cash-ATC-PC Operating Account,03/05/2025,"EVOLVE IT, LLC/SALE LAW OFFICE OF JULIE M",Cash-ATC-PC Operating Account
,Cash-ATC-PC Operating Account,03/05/2025,"EVOLVE IT, LLC/SALE LAW OFFICE OF JULIE M",Professional Fees
,Cash-ATC-PC Operating Account,04/02/2025,"EVOLVE IT, LLC/SALE JULIE M FRANCES",Cash-ATC-PC Operating Account
,Cash-ATC-PC Operating Account,04/02/2025,"EVOLVE IT, LLC/SALE JULIE M FRANCES",Professional Fees
,Cash-ATC-PC Operating Account,05/02/2025,"EVOLVE IT, LLC/SALE JULIE M FRANCES",Cash-ATC-PC Operating Account
,Cash-ATC-PC Operating Account,05/02/2025,"EVOLVE IT, LLC/SALE JULIE M FRANCES",Professional Fees
,Cash-ATC-PC Operating Account,06/03/2025,"EVOLVE IT, LLC/SALE JULIE M FRANCES",Cash-ATC-PC Operating Account
,Cash-ATC-PC Operating Account,06/03/2025,"EVOLVE IT, LLC/SALE JULIE M FRANCES",Professional Fees
,Cash-ATC-PC Operating Account,07/02/2025,"EVOLVE IT, LLC/SALE JULIE M FRANCES",Cash-ATC-PC Operating Account
,Cash-ATC-PC Operating Account,07/02/2025,"EVOLVE IT, LLC/SALE JULIE M FRANCES",Professional Fees
,Cash-ATC-PC Operating Account,08/04/2025,"EVOLVE IT, LLC/SALE JULIE M FRANCES",Cash-ATC-PC Operating Account
,Cash-ATC-PC Operating Account,08/04/2025,"EVOLVE IT, LLC/SALE JULIE M FRANCES",Professional Fees
,Cash-ATC-PC Operating Account,09/03/2025,"EVOLVE IT, LLC/SALE JULIE M FRANCES",Cash-ATC-PC Operating Account
,Cash-ATC-PC Operating Account,09/03/2025,"EVOLVE IT, LLC/SALE JULIE M FRANCES",Professional Fees
,Cash-ATC-PC Operating Account,09/24/2025,"EVOLVE IT, LLC/SALE JULIE M FRANCES",Cash-ATC-PC Operating Account
,Cash-ATC-PC Operating Account,09/24/2025,"EVOLVE IT, LLC/SALE JULIE M FRANCES",Professional Fees
,Cash-ATC-PC Operating Account,10/02/2025,"EVOLVE IT, LLC/SALE JULIE M FRANCES",Cash-ATC-PC Operating Account
,Cash-ATC-PC Operating Account,10/02/2025,"EVOLVE IT, LLC/SALE JULIE M FRANCES",Professional Fees
,Cash-ATC-PC Operating Account,11/05/2025,"EVOLVE IT, LLC/SALE JULIE M FRANCES",Cash-ATC-PC Operating Account
,Cash-ATC-PC Operating Account,11/05/2025,"EVOLVE IT, LLC/SALE JULIE M FRANCES",Professional Fees
,Cash-ATC-PC Operating Account,12/02/2025,"EVOLVE IT, LLC/SALE JULIE M FRANCES",Cash-ATC-PC Operating Account
,Cash-ATC-PC Operating Account,12/02/2025,"EVOLVE IT, LLC/SALE JULIE M FRANCES",Professional Fees
,Cash-ATC-PC Operating Account,12/18/2025,"EVOLVE IT, LLC/SALE JULIE M FRANCES",Cash-ATC-PC Operating Account
,Cash-ATC-PC Operating Account,12/18/2025,"EVOLVE IT, LLC/SALE JULIE M FRANCES",Professional Fees
,Cash-ATC-PC Operating Account,12/18/2025,"EVOLVE IT, LLC/SALE JULIE M. FRANCES",Cash-ATC-PC Operating Account
,Cash-ATC-PC Operating Account,12/18/2025,"EVOLVE IT, LLC/SALE JULIE M. FRANCES",Professional Fees
,Cash-ATC-PC Operating Account,12/18/2025,"EVOLVE IT, LLC/SALE JULIE M. FRANCES",Cash-ATC-PC Operating Account
,Cash-ATC-PC Operating Account,12/18/2025,"EVOLVE IT, LLC/SALE JULIE M. FRANCES",Professional Fees
,Cash-ATC-PC Operating Account,12/18/2025,"EVOLVE IT, LLC/SALE JULIE M. FRANCES",Cash-ATC-PC Operating Account
,Cash-ATC-PC Operating Account,12/18/2025,"EVOLVE IT, LLC/SALE JULIE M. FRANCES",Professional Fees
,Cash-ATC-PC Operating Account,01/05/2026,"EVOLVE IT, LLC/SALE JULIE M. FRANCES",Cash-ATC-PC Operating Account
,Cash-ATC-PC Operating Account,01/05/2026,"EVOLVE IT, LLC/SALE JULIE M. FRANCES",Professional Fees
Joshua Lutt,,,,
,Cash-ATC-PC Operating Account,02/02/2022,,Cash-ATC-PC Operating Account
,Cash-ATC-PC Operating Account,02/02/2022,,Undeposited Funds-1
,Cash-ATC-PC Operating Account,03/11/2024,Deposit inv 19932,Cash-ATC-PC Operating Account
,Cash-ATC-PC Operating Account,03/11/2024,Deposit inv 19932,Legal Fee Income
,Cash-ATC-PC Operating Account,04/26/2024,Deposit - inv 20020,Cash-ATC-PC Operating Account
,Cash-ATC-PC Operating Account,04/26/2024,Deposit - inv 20020,Legal & accounting services:Legal Fees
,Cash-ATC-PC Operating Account,10/17/2024,Deposit - inv 20020,Cash-ATC-PC Operating Account
,Cash-ATC-PC Operating Account,10/17/2024,Deposit - inv 20020,Legal Fee Income
"Joseph LaFiura, CPA",,,,
,Cash-ATC-PC Operating Account,02/03/2022,,Cash-ATC-PC Operating Account
,Cash-ATC-PC Operating Account,02/03/2022,,Professional Fees
,Cash-ATC-PC Operating Account,08/17/2022,,Cash-ATC-PC Operating Account
,Cash-ATC-PC Operating Account,08/17/2022,,Professional Fees
,Cash-ATC-PC Operating Account,11/14/2022,Check,Cash-ATC-PC Operating Account
,Cash-ATC-PC Operating Account,11/14/2022,Check,Professional Fees
,Cash-ATC-PC Operating Account,01/30/2023,,Cash-ATC-PC Operating Account
,Cash-ATC-PC Operating Account,01/30/2023,,Professional Fees
,Cash-ATC-PC Operating Account,05/11/2023,Check 2947,Cash-ATC-PC Operating Account
,Cash-ATC-PC Operating Account,05/11/2023,Check 2947,Professional Fees
,Cash-ATC-PC Operating Account,08/31/2023,Check 2986,Cash-ATC-PC Operating Account
,Cash-ATC-PC Operating Account,08/31/2023,Check 2986,Professional Fees
,Cash-ATC-PC Operating Account,12/04/2023,Check 3025 Check,Cash-ATC-PC Operating Account
,Cash-ATC-PC Operating Account,12/04/2023,Check 3025 Check,Professional Fees
American Express,,,,
,Cash-ATC-PC Operating Account,02/04/2022,AMEX EPAYMENT/ACH PMT JMF LAW PC Operating A,Cash-ATC-PC Operating Account
,Cash-ATC-PC Operating Account,02/04/2022,AMEX EPAYMENT/ACH PMT JMF LAW PC Operating A,Shareholder Distribution
,Cash-ATC-PC Operating Account,02/23/2022,AMEX EPAYMENT/ACH PMT JMF LAW PC Operating A,Cash-ATC-PC Operating Account
,Cash-ATC-PC Operating Account,02/23/2022,AMEX EPAYMENT/ACH PMT JMF LAW PC Operating A,Shareholder Distribution
,Cash-ATC-PC Operating Account,02/23/2022,AMEX EPAYMENT/ACH PMT JMF LAW PC Operating A,Cash-ATC-PC Operating Account
,Cash-ATC-PC Operating Account,02/23/2022,AMEX EPAYMENT/ACH PMT JMF LAW PC Operating A,Shareholder Distribution
,Cash-ATC-PC Operating Account,03/21/2022,AMEX EPAYMENT/ACH PMT JMF LAW PC Operating A,Cash-ATC-PC Operating Account
,Cash-ATC-PC Operating Account,03/21/2022,AMEX EPAYMENT/ACH PMT JMF LAW PC Operating A,Shareholder Distribution
,Cash-ATC-PC Operating Account,08/26/2022,AMEX EPAYMENT/ACH PMT JMF LAW PC Operating A,Cash-ATC-PC Operating Account
,Cash-ATC-PC Operating Account,08/26/2022,AMEX EPAYMENT/ACH PMT JMF LAW PC Operating A,Shareholder Distribution
,Cash-ATC-PC Operating Account,08/26/2022,AMEX EPAYMENT/ACH PMT JMF LAW PC Operating A,Cash-ATC-PC Operating Account
,Cash-ATC-PC Operating Account,08/26/2022,AMEX EPAYMENT/ACH PMT JMF LAW PC Operating A,American Express
,Cash-ATC-PC Operating Account,10/06/2022,AMEX EPAYMENT/ACH PMT JMF LAW PC Operating A,Cash-ATC-PC Operating Account
,Cash-ATC-PC Operating Account,10/06/2022,AMEX EPAYMENT/ACH PMT JMF LAW PC Operating A,Shareholder Distribution
,Cash-ATC-PC Operating Account,11/07/2022,AMEX EPAYMENT/ACH PMT JMF LAW PC Operating A,Cash-ATC-PC Operating Account
,Cash-ATC-PC Operating Account,11/07/2022,AMEX EPAYMENT/ACH PMT JMF LAW PC Operating A,Shareholder Distribution
,Cash-ATC-PC Operating Account,11/21/2022,AMEX EPAYMENT/ACH PMT JMF LAW PC Operating A,Cash-ATC-PC Operating Account
,Cash-ATC-PC Operating Account,11/21/2022,AMEX EPAYMENT/ACH PMT JMF LAW PC Operating A,Shareholder Distribution
,Cash-ATC-PC Operating Account,11/29/2022,AMEX EPAYMENT/ACH PMT JMF LAW PC Operating A,Cash-ATC-PC Operating Account
,Cash-ATC-PC Operating Account,11/29/2022,AMEX EPAYMENT/ACH PMT JMF LAW PC Operating A,Shareholder Distribution
,Cash-ATC-PC Operating Account,03/11/2024,AMEX EPAYMENT/ACH PMT JMF LAW PC Operating A,Cash-ATC-PC Operating Account
,Cash-ATC-PC Operating Account,03/11/2024,AMEX EPAYMENT/ACH PMT JMF LAW PC Operating A,American Express
,Cash-ATC-PC Operating Account,04/03/2024,AMEX EPAYMENT/ACH PMT JMF LAW PC Operating A,Cash-ATC-PC Operating Account
,Cash-ATC-PC Operating Account,04/03/2024,AMEX EPAYMENT/ACH PMT JMF LAW PC Operating A,American Express
,Cash-ATC-PC Operating Account,04/18/2024,AMEX EPAYMENT/ACH PMT JMF LAW PC Operating A,Cash-ATC-PC Operating Account
,Cash-ATC-PC Operating Account,04/18/2024,AMEX EPAYMENT/ACH PMT JMF LAW PC Operating A,American Express
,Cash-ATC-PC Operating Account,05/01/2024,AMEX EPAYMENT/ACH PMT JMF LAW PC Operating A,Cash-ATC-PC Operating Account
,Cash-ATC-PC Operating Account,05/01/2024,AMEX EPAYMENT/ACH PMT JMF LAW PC Operating A,American Express
,Cash-ATC-PC Operating Account,05/01/2024,AMEX EPAYMENT/ACH PMT JMF LAW PC Operating A,Cash-ATC-PC Operating Account
,Cash-ATC-PC Operating Account,05/01/2024,AMEX EPAYMENT/ACH PMT JMF LAW PC Operating A,American Express
,Cash-ATC-PC Operating Account,05/02/2024,AMEX EPAYMENT/ACH PMT JMF LAW PC Operating A,Cash-ATC-PC Operating Account
,Cash-ATC-PC Operating Account,05/02/2024,AMEX EPAYMENT/ACH PMT JMF LAW PC Operating A,American Express
,Cash-ATC-PC Operating Account,05/07/2024,AMEX EPAYMENT/ACH PMT JMF LAW PC Operating A,Cash-ATC-PC Operating Account
,Cash-ATC-PC Operating Account,05/07/2024,AMEX EPAYMENT/ACH PMT JMF LAW PC Operating A,American Express
,Cash-ATC-PC Operating Account,06/03/2024,AMEX EPAYMENT/ACH PMT JMF LAW PC Operating A,Cash-ATC-PC Operating Account
,Cash-ATC-PC Operating Account,06/03/2024,AMEX EPAYMENT/ACH PMT JMF LAW PC Operating A,American Express
,Cash-ATC-PC Operating Account,06/24/2024,AMEX EPAYMENT/ACH PMT JMF LAW PC Operating A,Cash-ATC-PC Operating Account
,Cash-ATC-PC Operating Account,06/24/2024,AMEX EPAYMENT/ACH PMT JMF LAW PC Operating A,American Express
,Cash-ATC-PC Operating Account,06/25/2024,AMEX EPAYMENT/ACH PMT JMF LAW PC Operating A,Cash-ATC-PC Operating Account
,Cash-ATC-PC Operating Account,06/25/2024,AMEX EPAYMENT/ACH PMT JMF LAW PC Operating A,American Express
,Cash-ATC-PC Operating Account,07/11/2024,AMEX EPAYMENT/ACH PMT JMF LAW PC Operating A,Cash-ATC-PC Operating Account
,Cash-ATC-PC Operating Account,07/11/2024,AMEX EPAYMENT/ACH PMT JMF LAW PC Operating A,American Express
,Cash-ATC-PC Operating Account,07/16/2024,AMEX EPAYMENT/ACH PMT JMF LAW PC Operating A,Cash-ATC-PC Operating Account
,Cash-ATC-PC Operating Account,07/16/2024,AMEX EPAYMENT/ACH PMT JMF LAW PC Operating A,American Express
,Cash-ATC-PC Operating Account,08/06/2024,AMEX EPAYMENT/ACH PMT JMF LAW PC Operating A,Cash-ATC-PC Operating Account
,Cash-ATC-PC Operating Account,08/06/2024,AMEX EPAYMENT/ACH PMT JMF LAW PC Operating A,American Express
,Cash-ATC-PC Operating Account,08/19/2024,AMEX EPAYMENT/ACH PMT JMF LAW PC Operating A,Cash-ATC-PC Operating Account
,Cash-ATC-PC Operating Account,08/19/2024,AMEX EPAYMENT/ACH PMT JMF LAW PC Operating A,American Express
,Cash-ATC-PC Operating Account,08/27/2024,AMEX EPAYMENT/ACH PMT JMF LAW PC Operating A,Cash-ATC-PC Operating Account
,Cash-ATC-PC Operating Account,08/27/2024,AMEX EPAYMENT/ACH PMT JMF LAW PC Operating A,American Express
,Cash-ATC-PC Operating Account,09/11/2024,AMEX EPAYMENT/ACH PMT JMF LAW PC Operating A,Cash-ATC-PC Operating Account
,Cash-ATC-PC Operating Account,09/11/2024,AMEX EPAYMENT/ACH PMT JMF LAW PC Operating A,American Express
,Cash-ATC-PC Operating Account,09/16/2024,AMEX EPAYMENT/ACH PMT JMF LAW PC Operating A,Cash-ATC-PC Operating Account
,Cash-ATC-PC Operating Account,09/16/2024,AMEX EPAYMENT/ACH PMT JMF LAW PC Operating A,American Express
,Cash-ATC-PC Operating Account,09/25/2024,AMEX EPAYMENT/ACH PMT JMF LAW PC Operating A,Cash-ATC-PC Operating Account
,Cash-ATC-PC Operating Account,09/25/2024,AMEX EPAYMENT/ACH PMT JMF LAW PC Operating A,American Express
,Cash-ATC-PC Operating Account,10/03/2024,AMEX EPAYMENT/ACH PMT JMF LAW PC Operating A,Cash-ATC-PC Operating Account
,Cash-ATC-PC Operating Account,10/03/2024,AMEX EPAYMENT/ACH PMT JMF LAW PC Operating A,American Express
,Cash-ATC-PC Operating Account,10/09/2024,AMEX EPAYMENT/ACH PMT JMF LAW PC Operating A,Cash-ATC-PC Operating Account
,Cash-ATC-PC Operating Account,10/09/2024,AMEX EPAYMENT/ACH PMT JMF LAW PC Operating A,American Express
,Cash-ATC-PC Operating Account,10/16/2024,AMEX EPAYMENT/ACH PMT JMF LAW PC Operating A,Cash-ATC-PC Operating Account
,Cash-ATC-PC Operating Account,10/16/2024,AMEX EPAYMENT/ACH PMT JMF LAW PC Operating A,American Express
,Cash-ATC-PC Operating Account,10/29/2024,AMEX EPAYMENT/ACH PMT JMF LAW PC Operating A,Cash-ATC-PC Operating Account
,Cash-ATC-PC Operating Account,10/29/2024,AMEX EPAYMENT/ACH PMT JMF LAW PC Operating A,American Express
,Cash-ATC-PC Operating Account,11/14/2024,AMEX EPAYMENT/ACH PMT JMF LAW PC Operating A,Cash-ATC-PC Operating Account
,Cash-ATC-PC Operating Account,11/14/2024,AMEX EPAYMENT/ACH PMT JMF LAW PC Operating A,American Express
,Cash-ATC-PC Operating Account,11/15/2024,AMEX EPAYMENT/ACH PMT JMF LAW PC Operating A,Cash-ATC-PC Operating Account
,Cash-ATC-PC Operating Account,11/15/2024,AMEX EPAYMENT/ACH PMT JMF LAW PC Operating A,American Express
,Cash-ATC-PC Operating Account,11/25/2024,AMEX EPAYMENT/ACH PMT JMF LAW PC Operating A,Cash-ATC-PC Operating Account
,Cash-ATC-PC Operating Account,11/25/2024,AMEX EPAYMENT/ACH PMT JMF LAW PC Operating A,American Express
,Cash-ATC-PC Operating Account,12/24/2024,AMEX EPAYMENT/ACH PMT JMF LAW PC Operating A,Cash-ATC-PC Operating Account
,Cash-ATC-PC Operating Account,12/24/2024,AMEX EPAYMENT/ACH PMT JMF LAW PC Operating A,American Express
,Cash-ATC-PC Operating Account,01/03/2025,AMEX EPAYMENT/ACH PMT JMF LAW PC Operating A,Cash-ATC-PC Operating Account
,Cash-ATC-PC Operating Account,01/03/2025,AMEX EPAYMENT/ACH PMT JMF LAW PC Operating A,American Express
,Cash-ATC-PC Operating Account,01/21/2025,AMEX EPAYMENT/ACH PMT JMF LAW PC Operating A,Cash-ATC-PC Operating Account
,Cash-ATC-PC Operating Account,01/21/2025,AMEX EPAYMENT/ACH PMT JMF LAW PC Operating A,American Express
,Cash-ATC-PC Operating Account,02/14/2025,AMEX EPAYMENT/ACH PMT JMF LAW PC Operating A,Cash-ATC-PC Operating Account
,Cash-ATC-PC Operating Account,02/14/2025,AMEX EPAYMENT/ACH PMT JMF LAW PC Operating A,American Express
,Cash-ATC-PC Operating Account,02/14/2025,AMEX EPAYMENT/ACH PMT JMF LAW PC Operating A,Cash-ATC-PC Operating Account
,Cash-ATC-PC Operating Account,02/14/2025,AMEX EPAYMENT/ACH PMT JMF LAW PC Operating A,American Express
,Cash-ATC-PC Operating Account,02/18/2025,AMEX EPAYMENT/ACH PMT JMF LAW PC Operating A,Cash-ATC-PC Operating Account
,Cash-ATC-PC Operating Account,02/18/2025,AMEX EPAYMENT/ACH PMT JMF LAW PC Operating A,American Express
,Cash-ATC-PC Operating Account,02/18/2025,AMEX EPAYMENT/ACH PMT JMF LAW PC Operating A,Cash-ATC-PC Operating Account
,Cash-ATC-PC Operating Account,02/18/2025,AMEX EPAYMENT/ACH PMT JMF LAW PC Operating A,American Express
,Cash-ATC-PC Operating Account,03/11/2025,AMEX EPAYMENT/ACH PMT JMF LAW PC Operating A,Cash-ATC-PC Operating Account
,Cash-ATC-PC Operating Account,03/11/2025,AMEX EPAYMENT/ACH PMT JMF LAW PC Operating A,American Express
,Cash-ATC-PC Operating Account,03/11/2025,AMEX EPAYMENT/ACH PMT JMF LAW PC Operating A,Cash-ATC-PC Operating Account
,Cash-ATC-PC Operating Account,03/11/2025,AMEX EPAYMENT/ACH PMT JMF LAW PC Operating A,American Express
,Cash-ATC-PC Operating Account,04/11/2025,AMEX EPAYMENT/ACH PMT JMF LAW PC Operating A,Cash-ATC-PC Operating Account
,Cash-ATC-PC Operating Account,04/11/2025,AMEX EPAYMENT/ACH PMT JMF LAW PC Operating A,American Express
,Cash-ATC-PC Operating Account,04/11/2025,AMEX EPAYMENT/ACH PMT JMF LAW PC Operating A,Cash-ATC-PC Operating Account
,Cash-ATC-PC Operating Account,04/11/2025,AMEX EPAYMENT/ACH PMT JMF LAW PC Operating A,American Express
,Cash-ATC-PC Operating Account,04/11/2025,AMEX EPAYMENT/ACH PMT JMF LAW PC Operating A,Cash-ATC-PC Operating Account
,Cash-ATC-PC Operating Account,04/11/2025,AMEX EPAYMENT/ACH PMT JMF LAW PC Operating A,American Express
,Cash-ATC-PC Operating Account,04/15/2025,AMEX EPAYMENT/ACH PMT JMF LAW PC Operating A,Cash-ATC-PC Operating Account
,Cash-ATC-PC Operating Account,04/15/2025,AMEX EPAYMENT/ACH PMT JMF LAW PC Operating A,American Express
,Cash-ATC-PC Operating Account,05/05/2025,AMEX EPAYMENT/ACH PMT JMF LAW PC Operating A,Cash-ATC-PC Operating Account
,Cash-ATC-PC Operating Account,05/05/2025,AMEX EPAYMENT/ACH PMT JMF LAW PC Operating A,American Express
,Cash-ATC-PC Operating Account,05/27/2025,AMEX EPAYMENT/ACH PMT JMF LAW PC Operating A,Cash-ATC-PC Operating Account
,Cash-ATC-PC Operating Account,05/27/2025,AMEX EPAYMENT/ACH PMT JMF LAW PC Operating A,American Express
,Cash-ATC-PC Operating Account,06/05/2025,AMEX EPAYMENT/ACH PMT JMF LAW PC Operating A,Cash-ATC-PC Operating Account
,Cash-ATC-PC Operating Account,06/05/2025,AMEX EPAYMENT/ACH PMT JMF LAW PC Operating A,American Express
"Ryan, Kevin",,,,
,Cash-ATC-PC Operating Account,02/04/2022,,Cash-ATC-PC Operating Account
,Cash-ATC-PC Operating Account,02/04/2022,,Due to Client
,Cash-ATC-PC Operating Account,02/04/2022,,ADK Retainer Account
,Cash-ATC-PC Operating Account,02/04/2022,,Undeposited Funds-1
,Cash-ATC-PC Operating Account,03/17/2022,,Cash-ATC-PC Operating Account
,Cash-ATC-PC Operating Account,03/17/2022,,Due to Client
,Cash-ATC-PC Operating Account,03/17/2022,,ADK Retainer Account
,Cash-ATC-PC Operating Account,03/17/2022,MyCase Payment,Undeposited Funds-1
,Cash-ATC-PC Operating Account,05/31/2022,,Cash-ATC-PC Operating Account
,Cash-ATC-PC Operating Account,05/31/2022,,Due to Client
,Cash-ATC-PC Operating Account,05/31/2022,,ADK Retainer Account
,Cash-ATC-PC Operating Account,05/31/2022,MyCase Payment,Undeposited Funds-1
,Cash-ATC-PC Operating Account,05/31/2022,,Cash-ATC-PC Operating Account
,Cash-ATC-PC Operating Account,05/31/2022,,Due to Client
,Cash-ATC-PC Operating Account,05/31/2022,,ADK Retainer Account
,Cash-ATC-PC Operating Account,05/31/2022,,Undeposited Funds-1
,Cash-ATC-PC Operating Account,06/06/2022,,Cash-ATC-PC Operating Account
,Cash-ATC-PC Operating Account,06/06/2022,,Due to Client
,Cash-ATC-PC Operating Account,06/06/2022,,ADK Retainer Account
,Cash-ATC-PC Operating Account,06/06/2022,MyCase Payment,Undeposited Funds-1
,Cash-ATC-PC Operating Account,09/28/2022,,Cash-ATC-PC Operating Account
,Cash-ATC-PC Operating Account,09/28/2022,,Undeposited Funds-1
,Cash-ATC-PC Operating Account,11/04/2022,,Cash-ATC-PC Operating Account
,Cash-ATC-PC Operating Account,11/04/2022,,Undeposited Funds-1
,Cash-ATC-PC Operating Account,11/28/2022,Check #110,Cash-ATC-PC Operating Account
,Cash-ATC-PC Operating Account,11/28/2022,,Accounts Receivable
,Cash-ATC-PC Operating Account,01/10/2023,,Cash-ATC-PC Operating Account
,Cash-ATC-PC Operating Account,01/10/2023,,Undeposited Funds-1
,Cash-ATC-PC Operating Account,03/16/2023,,Cash-ATC-PC Operating Account
,Cash-ATC-PC Operating Account,03/16/2023,,Due to Client
,Cash-ATC-PC Operating Account,03/16/2023,,Cash-ATC-PC Operating Account
,Cash-ATC-PC Operating Account,03/16/2023,,Undeposited Funds-1
"Drosky, Joseph",,,,
,Cash-ATC-PC Operating Account,02/07/2022,,Cash-ATC-PC Operating Account
,Cash-ATC-PC Operating Account,02/07/2022,,Undeposited Funds-1
"Braun, Jeff",,,,
,Cash-ATC-PC Operating Account,02/10/2022,,Cash-ATC-PC Operating Account
,Cash-ATC-PC Operating Account,02/10/2022,,Undeposited Funds-1
Smith Executive Services,,,,
,Cash-ATC-PC Operating Account,02/11/2022,,Cash-ATC-PC Operating Account
,Cash-ATC-PC Operating Account,02/11/2022,,Professional Fees
,Cash-ATC-PC Operating Account,10/21/2022,,Cash-ATC-PC Operating Account
,Cash-ATC-PC Operating Account,10/21/2022,,Professional Fees
,Cash-ATC-PC Operating Account,12/01/2022,SMITH EXECUTIVE/SALE P C LAW OFFICE OF JULI,Cash-ATC-PC Operating Account
,Cash-ATC-PC Operating Account,12/01/2022,SMITH EXECUTIVE/SALE P C LAW OFFICE OF JULI,Professional Fees
,Cash-ATC-PC Operating Account,02/01/2023,ACH Debit SMITH EXECUTIVE/SALE P C THE LAW OFFICE  OF,Cash-ATC-PC Operating Account
,Cash-ATC-PC Operating Account,02/01/2023,ACH Debit SMITH EXECUTIVE/SALE P C THE LAW OFFICE  OF,Professional Fees
,Cash-ATC-PC Operating Account,06/01/2023,SMITH EXECUTIVE/SALE P C THE LAW OFFICE OF,Cash-ATC-PC Operating Account
,Cash-ATC-PC Operating Account,06/01/2023,SMITH EXECUTIVE/SALE P C THE LAW OFFICE OF,Professional Fees
,Cash-ATC-PC Operating Account,08/02/2023,SMITH EXECUTIVE/SALE LAW OFFICE OF JULIE M,Cash-ATC-PC Operating Account
,Cash-ATC-PC Operating Account,08/02/2023,SMITH EXECUTIVE/SALE LAW OFFICE OF JULIE M,Professional Fees
,Cash-ATC-PC Operating Account,02/26/2024,SMITH EXECUTIVE/SALE JULIE M FRANCES,Cash-ATC-PC Operating Account
,Cash-ATC-PC Operating Account,02/26/2024,SMITH EXECUTIVE/SALE JULIE M FRANCES,Professional Fees
,Cash-ATC-PC Operating Account,02/26/2024,SMITH EXECUTIVE/SALE JULIE M FRANCES,Cash-ATC-PC Operating Account
,Cash-ATC-PC Operating Account,02/26/2024,SMITH EXECUTIVE/SALE JULIE M FRANCES,Professional Fees
,Cash-ATC-PC Operating Account,02/26/2024,SMITH EXECUTIVE/SALE JULIE M FRANCES,Cash-ATC-PC Operating Account
,Cash-ATC-PC Operating Account,02/26/2024,SMITH EXECUTIVE/SALE JULIE M FRANCES,Professional Fees
,Cash-ATC-PC Operating Account,02/26/2024,SMITH EXECUTIVE/SALE JULIE M FRANCES,Cash-ATC-PC Operating Account
,Cash-ATC-PC Operating Account,02/26/2024,SMITH EXECUTIVE/SALE JULIE M FRANCES,Professional Fees
,Cash-ATC-PC Operating Account,02/26/2024,SMITH EXECUTIVE/SALE JULIE M FRANCES,Cash-ATC-PC Operating Account
,Cash-ATC-PC Operating Account,02/26/2024,SMITH EXECUTIVE/SALE JULIE M FRANCES,Professional Fees
,Cash-ATC-PC Operating Account,04/02/2024,SMITH EXECUTIVE/SALE PC LAW OFFICE OF JULIE,Cash-ATC-PC Operating Account
,Cash-ATC-PC Operating Account,04/02/2024,SMITH EXECUTIVE/SALE PC LAW OFFICE OF JULIE,Professional Fees
,Cash-ATC-PC Operating Account,05/02/2024,SMITH EXECUTIVE/SALE LAW OFFICE OF JULIE M,Cash-ATC-PC Operating Account
,Cash-ATC-PC Operating Account,05/02/2024,SMITH EXECUTIVE/SALE LAW OFFICE OF JULIE M,Professional Fees
,Cash-ATC-PC Operating Account,06/04/2024,SMITH EXECUTIVE/SALE LAW OFFICE OF JULIE M,Cash-ATC-PC Operating Account
,Cash-ATC-PC Operating Account,06/04/2024,SMITH EXECUTIVE/SALE LAW OFFICE OF JULIE M,Professional Fees
,Cash-ATC-PC Operating Account,08/01/2024,SMITH EXECUTIVE/SALE LAW OFFICE OF JULIE M,Cash-ATC-PC Operating Account
,Cash-ATC-PC Operating Account,08/01/2024,SMITH EXECUTIVE/SALE LAW OFFICE OF JULIE M,Professional Fees
,Cash-ATC-PC Operating Account,09/04/2024,SMITH EXECUTIVE/SALE LAW OFFICE OF JULIE M,Cash-ATC-PC Operating Account
,Cash-ATC-PC Operating Account,09/04/2024,SMITH EXECUTIVE/SALE LAW OFFICE OF JULIE M,Professional Fees
,Cash-ATC-PC Operating Account,10/01/2024,SMITH EXECUTIVE/SALE THE LAW OFFICE OF JULI,Cash-ATC-PC Operating Account
,Cash-ATC-PC Operating Account,10/01/2024,SMITH EXECUTIVE/SALE THE LAW OFFICE OF JULI,Professional Fees
,Cash-ATC-PC Operating Account,11/04/2024,SMITH EXECUTIVE/SALE JULIE M FRANCES,Cash-ATC-PC Operating Account
,Cash-ATC-PC Operating Account,11/04/2024,SMITH EXECUTIVE/SALE JULIE M FRANCES,Professional Fees
,Cash-ATC-PC Operating Account,01/03/2025,SMITH EXECUTIVE/SALE JULIE M FRANCES,Cash-ATC-PC Operating Account
,Cash-ATC-PC Operating Account,01/03/2025,SMITH EXECUTIVE/SALE JULIE M FRANCES,Professional Fees
,Cash-ATC-PC Operating Account,02/05/2025,SMITH EXECUTIVE/SALE JULIE M FRANCES,Cash-ATC-PC Operating Account
,Cash-ATC-PC Operating Account,02/05/2025,SMITH EXECUTIVE/SALE JULIE M FRANCES,Professional Fees
,Cash-ATC-PC Operating Account,03/05/2025,SMITH EXECUTIVE/SALE JULIE M FRANCES,Cash-ATC-PC Operating Account
,Cash-ATC-PC Operating Account,03/05/2025,SMITH EXECUTIVE/SALE JULIE M FRANCES,Professional Fees
,Cash-ATC-PC Operating Account,04/02/2025,SMITH EXECUTIVE/SALE JULIE M FRANCES,Cash-ATC-PC Operating Account
,Cash-ATC-PC Operating Account,04/02/2025,SMITH EXECUTIVE/SALE JULIE M FRANCES,Professional Fees
,Cash-ATC-PC Operating Account,05/01/2025,SMITH EXECUTIVE/SALE JULIE M FRANCES,Cash-ATC-PC Operating Account
,Cash-ATC-PC Operating Account,05/01/2025,SMITH EXECUTIVE/SALE JULIE M FRANCES,Professional Fees
,Cash-ATC-PC Operating Account,06/03/2025,SMITH EXECUTIVE/SALE JULIE M FRANCES,Cash-ATC-PC Operating Account
,Cash-ATC-PC Operating Account,06/03/2025,SMITH EXECUTIVE/SALE JULIE M FRANCES,Professional Fees
,Cash-ATC-PC Operating Account,07/02/2025,SMITH EXECUTIVE/SALE JULIE M FRANCES,Cash-ATC-PC Operating Account
,Cash-ATC-PC Operating Account,07/02/2025,SMITH EXECUTIVE/SALE JULIE M FRANCES,Professional Fees
,Cash-ATC-PC Operating Account,08/01/2025,SMITH EXECUTIVE/SALE JULIE M FRANCES,Cash-ATC-PC Operating Account
,Cash-ATC-PC Operating Account,08/01/2025,SMITH EXECUTIVE/SALE JULIE M FRANCES,Professional Fees
,Cash-ATC-PC Operating Account,09/03/2025,SMITH EXECUTIVE/SALE JULIE M FRANCES,Cash-ATC-PC Operating Account
,Cash-ATC-PC Operating Account,09/03/2025,SMITH EXECUTIVE/SALE JULIE M FRANCES,Professional Fees
,Cash-ATC-PC Operating Account,10/02/2025,SMITH EXECUTIVE/SALE JULIE M FRANCES,Cash-ATC-PC Operating Account
,Cash-ATC-PC Operating Account,10/02/2025,SMITH EXECUTIVE/SALE JULIE M FRANCES,Professional Fees
,Cash-ATC-PC Operating Account,11/05/2025,SMITH EXECUTIVE/SALE JULIE M FRANCES,Cash-ATC-PC Operating Account
,Cash-ATC-PC Operating Account,11/05/2025,SMITH EXECUTIVE/SALE JULIE M FRANCES,Professional Fees
,Cash-ATC-PC Operating Account,12/01/2025,SMITH EXECUTIVE/SALE JULIE M FRANCES,Cash-ATC-PC Operating Account
,Cash-ATC-PC Operating Account,12/01/2025,SMITH EXECUTIVE/SALE JULIE M FRANCES,Professional Fees
,Cash-ATC-PC Operating Account,12/31/2025,SMITH EXECUTIVE/SALE JULIE M FRANCES,Cash-ATC-PC Operating Account
,Cash-ATC-PC Operating Account,12/31/2025,SMITH EXECUTIVE/SALE JULIE M FRANCES,Professional Fees
Catherine Thomas,,,,
,Cash-ATC-PC Operating Account,02/11/2022,,Cash-ATC-PC Operating Account
,Cash-ATC-PC Operating Account,02/11/2022,,Undeposited Funds-1
,Cash-ATC-PC Operating Account,07/26/2022,1214,Cash-ATC-PC Operating Account
,Cash-ATC-PC Operating Account,07/26/2022,,Accounts Receivable
"Tyminski, Robin",,,,
,Cash-ATC-PC Operating Account,02/18/2022,,Cash-ATC-PC Operating Account
,Cash-ATC-PC Operating Account,02/18/2022,,Due to Client
,Cash-ATC-PC Operating Account,02/18/2022,,ADK Retainer Account
,Cash-ATC-PC Operating Account,02/18/2022,,Undeposited Funds-1
,Cash-ATC-PC Operating Account,02/18/2022,,Cash-ATC-PC Operating Account
,Cash-ATC-PC Operating Account,02/18/2022,,Due to Client
,Cash-ATC-PC Operating Account,02/18/2022,,ADK Retainer Account
,Cash-ATC-PC Operating Account,02/18/2022,,Undeposited Funds-1
,Cash-ATC-PC Operating Account,08/11/2022,,Cash-ATC-PC Operating Account
,Cash-ATC-PC Operating Account,08/11/2022,,Due to Client
,Cash-ATC-PC Operating Account,08/11/2022,,ADK Retainer Account
,Cash-ATC-PC Operating Account,08/11/2022,,Undeposited Funds-1
"Hoyt, Grant",,,,
,Cash-ATC-PC Operating Account,02/18/2022,,Cash-ATC-PC Operating Account
,Cash-ATC-PC Operating Account,02/18/2022,,Due to Client
,Cash-ATC-PC Operating Account,02/18/2022,,ADK Retainer Account
,Cash-ATC-PC Operating Account,02/18/2022,,Undeposited Funds-1
,Cash-ATC-PC Operating Account,02/18/2022,,Cash-ATC-PC Operating Account
,Cash-ATC-PC Operating Account,02/18/2022,,Due to Client
,Cash-ATC-PC Operating Account,02/18/2022,,ADK Retainer Account
,Cash-ATC-PC Operating Account,02/18/2022,,Undeposited Funds-1
,Cash-ATC-PC Operating Account,03/17/2022,,Cash-ATC-PC Operating Account
,Cash-ATC-PC Operating Account,03/17/2022,,Due to Client
,Cash-ATC-PC Operating Account,03/17/2022,,ADK Retainer Account
,Cash-ATC-PC Operating Account,03/17/2022,MyCase Payment,Undeposited Funds-1
,Cash-ATC-PC Operating Account,04/20/2022,,Cash-ATC-PC Operating Account
,Cash-ATC-PC Operating Account,04/20/2022,,Undeposited Funds-1
,Cash-ATC-PC Operating Account,06/02/2022,,Cash-ATC-PC Operating Account
,Cash-ATC-PC Operating Account,06/02/2022,,Due to Client
,Cash-ATC-PC Operating Account,06/02/2022,,ADK Retainer Account
,Cash-ATC-PC Operating Account,06/02/2022,MyCase Payment,Undeposited Funds-1
,Cash-ATC-PC Operating Account,06/09/2022,MyCase Payment,Cash-ATC-PC Operating Account
,Cash-ATC-PC Operating Account,06/09/2022,,Accounts Receivable
,Cash-ATC-PC Operating Account,06/30/2022,,Cash-ATC-PC Operating Account
,Cash-ATC-PC Operating Account,06/30/2022,,Due to Client
,Cash-ATC-PC Operating Account,06/30/2022,,ADK Retainer Account
,Cash-ATC-PC Operating Account,06/30/2022,,Undeposited Funds-1
,Cash-ATC-PC Operating Account,09/21/2022,,Cash-ATC-PC Operating Account
,Cash-ATC-PC Operating Account,09/21/2022,,Undeposited Funds-1
,Cash-ATC-PC Operating Account,12/05/2022,,Cash-ATC-PC Operating Account
,Cash-ATC-PC Operating Account,12/05/2022,,Undeposited Funds-1
"Sherman, Susan",,,,
,Cash-ATC-PC Operating Account,02/18/2022,,Cash-ATC-PC Operating Account
,Cash-ATC-PC Operating Account,02/18/2022,,Due to Client
,Cash-ATC-PC Operating Account,02/18/2022,,ADK Retainer Account
,Cash-ATC-PC Operating Account,02/18/2022,,Undeposited Funds-1
,Cash-ATC-PC Operating Account,03/25/2022,,Cash-ATC-PC Operating Account
,Cash-ATC-PC Operating Account,03/25/2022,,Due to Client
,Cash-ATC-PC Operating Account,03/25/2022,,ADK Retainer Account
,Cash-ATC-PC Operating Account,03/25/2022,,Undeposited Funds-1
,Cash-ATC-PC Operating Account,03/25/2022,,Cash-ATC-PC Operating Account
,Cash-ATC-PC Operating Account,03/25/2022,,Due to Client
,Cash-ATC-PC Operating Account,03/25/2022,,ADK Retainer Account
,Cash-ATC-PC Operating Account,03/25/2022,MyCase Payment,Undeposited Funds-1
,Cash-ATC-PC Operating Account,06/01/2022,,Cash-ATC-PC Operating Account
,Cash-ATC-PC Operating Account,06/01/2022,,Due to Client
,Cash-ATC-PC Operating Account,06/01/2022,,ADK Retainer Account
,Cash-ATC-PC Operating Account,06/01/2022,,Undeposited Funds-1
,Cash-ATC-PC Operating Account,06/28/2022,,Cash-ATC-PC Operating Account
,Cash-ATC-PC Operating Account,06/28/2022,,Undeposited Funds-1
,Cash-ATC-PC Operating Account,07/20/2022,,Cash-ATC-PC Operating Account
,Cash-ATC-PC Operating Account,07/20/2022,,Undeposited Funds-1
"Jones, Candace",,,,
,Cash-ATC-PC Operating Account,02/24/2022,,Cash-ATC-PC Operating Account
,Cash-ATC-PC Operating Account,02/24/2022,,Due to Client
,Cash-ATC-PC Operating Account,02/24/2022,,ADK Retainer Account
,Cash-ATC-PC Operating Account,02/24/2022,,Undeposited Funds-1
,Cash-ATC-PC Operating Account,03/25/2022,,Cash-ATC-PC Operating Account
,Cash-ATC-PC Operating Account,03/25/2022,,Due to Client
,Cash-ATC-PC Operating Account,03/25/2022,,ADK Retainer Account
,Cash-ATC-PC Operating Account,03/25/2022,,Undeposited Funds-1
,Cash-ATC-PC Operating Account,03/25/2022,,Cash-ATC-PC Operating Account
,Cash-ATC-PC Operating Account,03/25/2022,,Due to Client
,Cash-ATC-PC Operating Account,03/25/2022,,ADK Retainer Account
,Cash-ATC-PC Operating Account,03/25/2022,,Undeposited Funds-1
,Cash-ATC-PC Operating Account,06/01/2022,,Cash-ATC-PC Operating Account
,Cash-ATC-PC Operating Account,06/01/2022,,Due to Client
,Cash-ATC-PC Operating Account,06/01/2022,,ADK Retainer Account
,Cash-ATC-PC Operating Account,06/01/2022,,Undeposited Funds-1
,Cash-ATC-PC Operating Account,08/31/2022,,Cash-ATC-PC Operating Account
,Cash-ATC-PC Operating Account,08/31/2022,,Due to Client
,Cash-ATC-PC Operating Account,08/31/2022,,ADK Retainer Account
,Cash-ATC-PC Operating Account,08/31/2022,,Undeposited Funds-1
,Cash-ATC-PC Operating Account,11/03/2022,MyCase Payment,Cash-ATC-PC Operating Account
,Cash-ATC-PC Operating Account,11/03/2022,,Accounts Receivable
,Cash-ATC-PC Operating Account,12/21/2022,,Cash-ATC-PC Operating Account
,Cash-ATC-PC Operating Account,12/21/2022,,ADK Retainer Account
,Cash-ATC-PC Operating Account,12/21/2022,,Due to Client
,Cash-ATC-PC Operating Account,12/21/2022,,Undeposited Funds-1
,Cash-ATC-PC Operating Account,01/07/2023,,Cash-ATC-PC Operating Account
,Cash-ATC-PC Operating Account,01/07/2023,,Due to Client
,Cash-ATC-PC Operating Account,01/07/2023,,ADK Retainer Account
,Cash-ATC-PC Operating Account,01/07/2023,,Undeposited Funds-1
,Cash-ATC-PC Operating Account,01/07/2023,,Cash-ATC-PC Operating Account
,Cash-ATC-PC Operating Account,01/07/2023,,Due to Client
,Cash-ATC-PC Operating Account,01/07/2023,,ADK Retainer Account
,Cash-ATC-PC Operating Account,01/07/2023,,Undeposited Funds-1
,Cash-ATC-PC Operating Account,02/10/2023,,Cash-ATC-PC Operating Account
,Cash-ATC-PC Operating Account,02/10/2023,,Due to Client
,Cash-ATC-PC Operating Account,02/10/2023,,ADK Retainer Account
,Cash-ATC-PC Operating Account,02/10/2023,,Undeposited Funds-1
,Cash-ATC-PC Operating Account,06/08/2023,,Cash-ATC-PC Operating Account
,Cash-ATC-PC Operating Account,06/08/2023,,Due to Client
,Cash-ATC-PC Operating Account,06/08/2023,,ADK Retainer Account
,Cash-ATC-PC Operating Account,06/08/2023,,Undeposited Funds-1
,Cash-ATC-PC Operating Account,08/01/2023,,Cash-ATC-PC Operating Account
,Cash-ATC-PC Operating Account,08/01/2023,,Due to Client
,Cash-ATC-PC Operating Account,08/01/2023,,ADK Retainer Account
,Cash-ATC-PC Operating Account,08/01/2023,,Undeposited Funds-1
,Cash-ATC-PC Operating Account,08/24/2023,,Cash-ATC-PC Operating Account
,Cash-ATC-PC Operating Account,08/24/2023,,Due to Client
,Cash-ATC-PC Operating Account,08/24/2023,,ADK Retainer Account
,Cash-ATC-PC Operating Account,08/24/2023,,Undeposited Funds-1
,Cash-ATC-PC Operating Account,09/15/2023,,Cash-ATC-PC Operating Account
,Cash-ATC-PC Operating Account,09/15/2023,,Due to Client
,Cash-ATC-PC Operating Account,09/15/2023,,ADK Retainer Account
,Cash-ATC-PC Operating Account,09/15/2023,,Undeposited Funds-1
,Cash-ATC-PC Operating Account,11/08/2023,,Cash-ATC-PC Operating Account
,Cash-ATC-PC Operating Account,11/08/2023,,Due to Client
,Cash-ATC-PC Operating Account,11/08/2023,,ADK Retainer Account
,Cash-ATC-PC Operating Account,11/08/2023,,Undeposited Funds-1
,Cash-ATC-PC Operating Account,12/18/2023,,Cash-ATC-PC Operating Account
,Cash-ATC-PC Operating Account,12/18/2023,,Due to Client
,Cash-ATC-PC Operating Account,12/18/2023,,ADK Retainer Account
,Cash-ATC-PC Operating Account,12/18/2023,,Undeposited Funds-1
,Cash-ATC-PC Operating Account,12/18/2023,,Cash-ATC-PC Operating Account
,Cash-ATC-PC Operating Account,12/18/2023,,Due to Client
,Cash-ATC-PC Operating Account,12/18/2023,,ADK Retainer Account
,Cash-ATC-PC Operating Account,12/18/2023,,Undeposited Funds-1
,Cash-ATC-PC Operating Account,01/26/2024,24-01-26 SweeneyJones pmt 20006 FROM: DD XXXX2666,Cash-ATC-PC Operating Account
,Cash-ATC-PC Operating Account,01/26/2024,24-01-26 SweeneyJones pmt 20006 FROM: DD XXXX2666,Legal Fee Income
,Cash-ATC-PC Operating Account,01/26/2024,24-01-26 SweeneyJones pmt 20006 FROM: DD XXXX2666,ADK Retainer Account
,Cash-ATC-PC Operating Account,01/26/2024,24-01-26 SweeneyJones pmt 20006 FROM: DD XXXX2666,Due to Client
,Cash-ATC-PC Operating Account,01/26/2024,24-01-26 SweeneyJones pmt 20006 FROM: DD XXXX2666,Prepaid Client expenses
,Cash-ATC-PC Operating Account,02/23/2024,24-02-23 Sweeney Invoice 20006 FROM: DDX XXX2666,Cash-ATC-PC Operating Account
,Cash-ATC-PC Operating Account,02/23/2024,24-02-23 Sweeney Invoice 20006 FROM: DDX XXX2666,ADK Retainer Account
,Cash-ATC-PC Operating Account,02/23/2024,24-02-23 Sweeney Invoice 20006 FROM: DDX XXX2666,Legal Fee Income
,Cash-ATC-PC Operating Account,02/23/2024,24-02-23 Sweeney Invoice 20006 FROM: DDX XXX2666,Prepaid Client expenses
,Cash-ATC-PC Operating Account,02/23/2024,24-02-23 Sweeney Invoice 20006 FROM: DDX XXX2666,Due to Client
,Cash-ATC-PC Operating Account,08/06/2024,24-08-06 Sweeney PAY Invoice 20061 FROM: DDXXXX2666,Cash-ATC-PC Operating Account
,Cash-ATC-PC Operating Account,08/06/2024,24-08-06 Sweeney PAY Invoice 20061 FROM: DDXXXX2666,Due to Client
,Cash-ATC-PC Operating Account,08/06/2024,24-08-06 Sweeney PAY Invoice 20061 FROM: DDXXXX2666,Legal Fee Income
,Cash-ATC-PC Operating Account,08/06/2024,24-08-06 Sweeney PAY Invoice 20061 FROM: DDXXXX2666,ADK Retainer Account
,Cash-ATC-PC Operating Account,09/17/2024,PAY Sweeney Inv 20076 FROM: DDXXXX2666,Cash-ATC-PC Operating Account
,Cash-ATC-PC Operating Account,09/17/2024,PAY Sweeney Inv 20076 FROM: DDXXXX2666,Legal Fee Income
,Cash-ATC-PC Operating Account,09/17/2024,PAY Sweeney Inv 20076 FROM: DDXXXX2666,Due to Client
,Cash-ATC-PC Operating Account,09/17/2024,PAY Sweeney Inv 20076 FROM: DDXXXX2666,ADK Retainer Account
,Cash-ATC-PC Operating Account,10/28/2024,Deposit,Cash-ATC-PC Operating Account
,Cash-ATC-PC Operating Account,10/28/2024,Deposit,Legal Fee Income
,Cash-ATC-PC Operating Account,10/28/2024,Deposit,Prepaid Client expenses
,Cash-ATC-PC Operating Account,03/03/2025,,Cash-ATC-PC Operating Account
,Cash-ATC-PC Operating Account,03/03/2025,,Due to Client
,Cash-ATC-PC Operating Account,03/03/2025,,Cash-ATC-PC Operating Account
,Cash-ATC-PC Operating Account,03/03/2025,,Legal Fee Income
,Cash-ATC-PC Operating Account,03/03/2025,,Cash-ATC-PC Operating Account
,Cash-ATC-PC Operating Account,03/03/2025,,Prepaid Client expenses
,Cash-ATC-PC Operating Account,03/03/2025,,Cash-ATC-PC Operating Account
,Cash-ATC-PC Operating Account,03/03/2025,,ADK Retainer Account
,Cash-ATC-PC Operating Account,03/05/2025,,Cash-ATC-PC Operating Account
,Cash-ATC-PC Operating Account,03/05/2025,,Accounts receivable (A/R)
,Cash-ATC-PC Operating Account,07/16/2025,,Cash-ATC-PC Operating Account
,Cash-ATC-PC Operating Account,07/16/2025,,Accounts Receivable
,Cash-ATC-PC Operating Account,07/16/2025,,Cash-ATC-PC Operating Account
,Cash-ATC-PC Operating Account,07/16/2025,,Accounts receivable (A/R)
,Cash-ATC-PC Operating Account,09/02/2025,Deposit,Cash-ATC-PC Operating Account
,Cash-ATC-PC Operating Account,09/02/2025,inv. 20249,Legal Fee Income
,Cash-ATC-PC Operating Account,09/02/2025,Recording Fee for the Boundary Line Adjustment Deed,Prepaid Client expenses
,Cash-ATC-PC Operating Account,09/02/2025,Recording Fee for the Easement Deed,Prepaid Client expenses
,Cash-ATC-PC Operating Account,09/02/2025,E-filing of the Stipulation of Settlement and Discontinuance,Prepaid Client expenses
,Cash-ATC-PC Operating Account,09/02/2025,inv. 20234,Legal Fee Income
,Cash-ATC-PC Operating Account,09/02/2025,inv 20233,Legal Fee Income
,Cash-ATC-PC Operating Account,09/02/2025,"E-filing of Summons, Complaints, and Notice of Pendency",Prepaid Client expenses
,Cash-ATC-PC Operating Account,09/02/2025,Affidavit of Service through Brooks Investigation for Kimberly and James Dwyer,Prepaid Client expenses
,Cash-ATC-PC Operating Account,09/02/2025,inv 20231,Legal Fee Income
,Cash-ATC-PC Operating Account,09/02/2025,inv 20154,Legal Fee Income
,Cash-ATC-PC Operating Account,09/02/2025,"Brooks Investigation - Personal Service of Megan Sweeney, James Sweeney Jr. and Nancy Johnson",Prepaid Client expenses
,Cash-ATC-PC Operating Account,09/02/2025,Petition to Construe,Prepaid Client expenses
,Cash-ATC-PC Operating Account,09/02/2025,Answer to Motion to Dismiss & Compel and Answer to Objection to Account,Prepaid Client expenses
,Cash-ATC-PC Operating Account,10/28/2025,,Cash-ATC-PC Operating Account
,Cash-ATC-PC Operating Account,10/28/2025,,Accounts receivable (A/R)
Commissioner of Taxation and Finance,,,,
,Cash-ATC-PC Operating Account,03/01/2022,,Cash-ATC-PC Operating Account
,Cash-ATC-PC Operating Account,03/01/2022,,Fees & Licenses
,Cash-ATC-PC Operating Account,05/16/2023,Check 2951,Cash-ATC-PC Operating Account
,Cash-ATC-PC Operating Account,05/16/2023,Check 2951,Ask My Accountant
Phyllis and Dean Frederick,,,,
,Cash-ATC-PC Operating Account,03/01/2022,,Cash-ATC-PC Operating Account
,Cash-ATC-PC Operating Account,03/01/2022,,Undeposited Funds-1
cumberland Farms,,,,
,Cash-ATC-PC Operating Account,03/03/2022,POS Purchase Non-PIN CUMBERLAND FARMS 1705 SARATOGA SPRI NY IN8200 *****9214 03/02 01:31,Cash-ATC-PC Operating Account
,Cash-ATC-PC Operating Account,03/03/2022,POS Purchase Non-PIN CUMBERLAND FARMS 1705 SARATOGA SPRI NY IN8200 *****9214 03/02 01:31,Travel Expense
,Cash-ATC-PC Operating Account,09/22/2025,POS Purchase Non-PIN CUMBERLAND FARMS 1504 QUEENSBURY NY 002 *****9214 09/20 10:13,Cash-ATC-PC Operating Account
,Cash-ATC-PC Operating Account,09/22/2025,POS Purchase Non-PIN CUMBERLAND FARMS 1504 QUEENSBURY NY 002 *****9214 09/20 10:13,Vehicle expenses
"Manell, Elizabeth",,,,
,Cash-ATC-PC Operating Account,03/07/2022,,Cash-ATC-PC Operating Account
,Cash-ATC-PC Operating Account,03/07/2022,,Due to Client
,Cash-ATC-PC Operating Account,03/07/2022,,ADK Retainer Account
,Cash-ATC-PC Operating Account,03/07/2022,,Undeposited Funds-1
,Cash-ATC-PC Operating Account,03/17/2022,,Cash-ATC-PC Operating Account
,Cash-ATC-PC Operating Account,03/17/2022,,Due to Client
,Cash-ATC-PC Operating Account,03/17/2022,,ADK Retainer Account
,Cash-ATC-PC Operating Account,03/17/2022,,Undeposited Funds-1
,Cash-ATC-PC Operating Account,06/01/2022,,Cash-ATC-PC Operating Account
,Cash-ATC-PC Operating Account,06/01/2022,,Due to Client
,Cash-ATC-PC Operating Account,06/01/2022,,ADK Retainer Account
,Cash-ATC-PC Operating Account,06/01/2022,,Undeposited Funds-1
,Cash-ATC-PC Operating Account,08/30/2022,,Cash-ATC-PC Operating Account
,Cash-ATC-PC Operating Account,08/30/2022,,Undeposited Funds-1
The Spa Cafe,,,,
,Cash-ATC-PC Operating Account,03/09/2022,,Cash-ATC-PC Operating Account
,Cash-ATC-PC Operating Account,03/09/2022,,Meals and Entertainment
,Cash-ATC-PC Operating Account,04/15/2022,,Cash-ATC-PC Operating Account
,Cash-ATC-PC Operating Account,04/15/2022,,Meals and Entertainment
,Cash-ATC-PC Operating Account,07/05/2022,,Cash-ATC-PC Operating Account
,Cash-ATC-PC Operating Account,07/05/2022,,Meals and Entertainment
,Cash-ATC-PC Operating Account,07/05/2022,,Cash-ATC-PC Operating Account
,Cash-ATC-PC Operating Account,07/05/2022,,Meals and Entertainment
Craig Investigations,,,,
,Cash-ATC-PC Operating Account,03/14/2022,,Cash-ATC-PC Operating Account
,Cash-ATC-PC Operating Account,03/14/2022,for Kevin Ryan and Anna fuller,Prepaid Client expenses
,Cash-ATC-PC Operating Account,05/17/2022,,Cash-ATC-PC Operating Account
,Cash-ATC-PC Operating Account,05/17/2022,unknown client,Prepaid Client expenses
New York State DMV,,,,
,Cash-ATC-PC Operating Account,03/14/2022,,Cash-ATC-PC Operating Account
,Cash-ATC-PC Operating Account,03/14/2022,,Vehicle Expense
,Cash-ATC-PC Operating Account,04/13/2022,,Cash-ATC-PC Operating Account
,Cash-ATC-PC Operating Account,04/13/2022,,Vehicle Expense
,Cash-ATC-PC Operating Account,08/16/2022,,Cash-ATC-PC Operating Account
,Cash-ATC-PC Operating Account,08/16/2022,,Vehicle Expense
"3N Document Destruction, Inc.",,,,
,Cash-ATC-PC Operating Account,03/14/2022,,Cash-ATC-PC Operating Account
,Cash-ATC-PC Operating Account,03/14/2022,,Office Supplies
,Cash-ATC-PC Operating Account,04/22/2022,,Cash-ATC-PC Operating Account
,Cash-ATC-PC Operating Account,04/22/2022,,Office Supplies
,Cash-ATC-PC Operating Account,05/13/2022,,Cash-ATC-PC Operating Account
,Cash-ATC-PC Operating Account,05/13/2022,,Office Supplies
,Cash-ATC-PC Operating Account,06/17/2022,,Cash-ATC-PC Operating Account
,Cash-ATC-PC Operating Account,06/17/2022,,Office Supplies
,Cash-ATC-PC Operating Account,09/21/2022,,Cash-ATC-PC Operating Account
,Cash-ATC-PC Operating Account,09/21/2022,,Office Supplies
,Cash-ATC-PC Operating Account,11/22/2022,,Cash-ATC-PC Operating Account
,Cash-ATC-PC Operating Account,11/22/2022,,Office Supplies
,Cash-ATC-PC Operating Account,07/26/2023,Check 2974,Cash-ATC-PC Operating Account
,Cash-ATC-PC Operating Account,07/26/2023,Check 2974,Office Supplies
,Cash-ATC-PC Operating Account,09/05/2023,Check 2987,Cash-ATC-PC Operating Account
,Cash-ATC-PC Operating Account,09/05/2023,Check 2987,Office Supplies
,Cash-ATC-PC Operating Account,10/13/2023,Check 3007,Cash-ATC-PC Operating Account
,Cash-ATC-PC Operating Account,10/13/2023,Check 3007,Office Supplies
,Cash-ATC-PC Operating Account,05/31/2024,Check 3093 Check,Cash-ATC-PC Operating Account
,Cash-ATC-PC Operating Account,05/31/2024,Check 3093 Check,Office Supplies
,Cash-ATC-PC Operating Account,08/13/2024,Check 3117 Check,Cash-ATC-PC Operating Account
,Cash-ATC-PC Operating Account,08/13/2024,Check 3117 Check,Office Supplies
Traveler's Insurance,,,,
,Cash-ATC-PC Operating Account,03/14/2022,,Cash-ATC-PC Operating Account
,Cash-ATC-PC Operating Account,03/14/2022,,Insurance Expense
,Cash-ATC-PC Operating Account,02/07/2023,,Cash-ATC-PC Operating Account
,Cash-ATC-PC Operating Account,02/07/2023,,Insurance Expense
,Cash-ATC-PC Operating Account,02/03/2025,TRAVELERS/BUS INSUR THE LAW OFFICE OF JULI,Cash-ATC-PC Operating Account
,Cash-ATC-PC Operating Account,02/03/2025,TRAVELERS/BUS INSUR THE LAW OFFICE OF JULI,General business expenses
The Hartford,,,,
,Cash-ATC-PC Operating Account,03/16/2022,"THE HARTFORD/GBDORMBLAC 427940536163 JULIE M FRANCES LAW, P",Cash-ATC-PC Operating Account
,Cash-ATC-PC Operating Account,03/16/2022,"THE HARTFORD/GBDORMBLAC 427940536163 JULIE M FRANCES LAW, P",Insurance Expense
,Cash-ATC-PC Operating Account,06/15/2022,THE HARTFORD/GBDORMBLAC 427241309351 THE LAW OFFICE OF JULI,Cash-ATC-PC Operating Account
,Cash-ATC-PC Operating Account,06/15/2022,THE HARTFORD/GBDORMBLAC 427241309351 THE LAW OFFICE OF JULI,Insurance Expense
,Cash-ATC-PC Operating Account,06/17/2022,THE HARTFORD/NTCLBIIVRC LAW OFFICE OF JULIE M,Cash-ATC-PC Operating Account
,Cash-ATC-PC Operating Account,06/17/2022,THE HARTFORD/NTCLBIIVRC LAW OFFICE OF JULIE M,Insurance Expense
,Cash-ATC-PC Operating Account,09/14/2022,THE HARTFORD/GBDORMBLAC 427380679998 THE LAW OFFICE OF JULI,Cash-ATC-PC Operating Account
,Cash-ATC-PC Operating Account,09/14/2022,THE HARTFORD/GBDORMBLAC 427380679998 THE LAW OFFICE OF JULI,Insurance Expense
,Cash-ATC-PC Operating Account,12/15/2022,THE HARTFORD/GBDORMBLAC 427718177355 LAW OFFICE OF JULIE M.,Cash-ATC-PC Operating Account
,Cash-ATC-PC Operating Account,12/15/2022,THE HARTFORD/GBDORMBLAC 427718177355 LAW OFFICE OF JULIE M.,Insurance Expense
,Cash-ATC-PC Operating Account,02/17/2023,ACH Debit THE HARTFORD/GBDORMBLAC 427059271766     LAW OFFIC,Cash-ATC-PC Operating Account
,Cash-ATC-PC Operating Account,02/17/2023,ACH Debit THE HARTFORD/GBDORMBLAC 427059271766     LAW OFFIC,Insurance Expense
,Cash-ATC-PC Operating Account,03/31/2023,THE HARTFORD/GBDORMBLAC 427496425857 LAW OFFICE OF JULIE M.,Cash-ATC-PC Operating Account
,Cash-ATC-PC Operating Account,03/31/2023,THE HARTFORD/GBDORMBLAC 427496425857 LAW OFFICE OF JULIE M.,Insurance Expense
,Cash-ATC-PC Operating Account,07/26/2023,THE HARTFORD/GBDORMBLAC 427496425857 LAW OFFICE OF JULIE M.,Cash-ATC-PC Operating Account
,Cash-ATC-PC Operating Account,07/26/2023,THE HARTFORD/GBDORMBLAC 427496425857 LAW OFFICE OF JULIE M.,Insurance Expense
,Cash-ATC-PC Operating Account,09/13/2023,THE HARTFORD/GBDORMBLAC 427496425857 LAW OFFICE OF JULIE M.,Cash-ATC-PC Operating Account
,Cash-ATC-PC Operating Account,09/13/2023,THE HARTFORD/GBDORMBLAC 427496425857 LAW OFFICE OF JULIE M.,Insurance Expense
,Cash-ATC-PC Operating Account,12/19/2023,THE HARTFORD/GBDORMBLAC 427496425857 LAW OFFICE OF JULIE M.,Cash-ATC-PC Operating Account
,Cash-ATC-PC Operating Account,12/19/2023,THE HARTFORD/GBDORMBLAC 427496425857 LAW OFFICE OF JULIE M.,Insurance Expense
,Cash-ATC-PC Operating Account,03/11/2024,THE HARTFORD/GBDORMBLAC 427496425857 LAW OFFICE OF JULIE M.,Cash-ATC-PC Operating Account
,Cash-ATC-PC Operating Account,03/11/2024,THE HARTFORD/GBDORMBLAC 427496425857 LAW OFFICE OF JULIE M.,Insurance Expense
,Cash-ATC-PC Operating Account,04/02/2024,THE HARTFORD/GBDORMBLAC 427496425857 LAW OFFICE OF JULIE M.,Cash-ATC-PC Operating Account
,Cash-ATC-PC Operating Account,04/02/2024,THE HARTFORD/GBDORMBLAC 427496425857 LAW OFFICE OF JULIE M.,Insurance Expense
,Cash-ATC-PC Operating Account,06/25/2024,THE HARTFORD/GBDORMBLAC 427496425857 LAW OFFICE OF JULIE M.,Cash-ATC-PC Operating Account
,Cash-ATC-PC Operating Account,06/25/2024,THE HARTFORD/GBDORMBLAC 427496425857 LAW OFFICE OF JULIE M.,Insurance Expense
,Cash-ATC-PC Operating Account,09/11/2024,THE HARTFORD/GBDORMBLAC 427496425857 LAW OFFICE OF JULIE M.,Cash-ATC-PC Operating Account
,Cash-ATC-PC Operating Account,09/11/2024,THE HARTFORD/GBDORMBLAC 427496425857 LAW OFFICE OF JULIE M.,Insurance Expense
,Cash-ATC-PC Operating Account,10/02/2024,THE HARTFORD/GBDORMBLAC 427496425857 LAW OFFICE OF JULIE M.,Cash-ATC-PC Operating Account
,Cash-ATC-PC Operating Account,10/02/2024,THE HARTFORD/GBDORMBLAC 427496425857 LAW OFFICE OF JULIE M.,Insurance Expense
,Cash-ATC-PC Operating Account,01/09/2025,THE HARTFORD/GBDORMBLAC 427496425857 LAW OFFICE OF JULIE M.,Cash-ATC-PC Operating Account
,Cash-ATC-PC Operating Account,01/09/2025,THE HARTFORD/GBDORMBLAC 427496425857 LAW OFFICE OF JULIE M.,Insurance Expense
,Cash-ATC-PC Operating Account,04/08/2025,THE HARTFORD/GBDORMBLAC 427496425857 LAW OFFICE OF JULIE M.,Cash-ATC-PC Operating Account
,Cash-ATC-PC Operating Account,04/08/2025,THE HARTFORD/GBDORMBLAC 427496425857 LAW OFFICE OF JULIE M.,Insurance Expense
,Cash-ATC-PC Operating Account,06/16/2025,THE HARTFORD/GBDORMBLAC 427496425857 LAW OFFICE OF JULIE M.,Cash-ATC-PC Operating Account
,Cash-ATC-PC Operating Account,06/16/2025,THE HARTFORD/GBDORMBLAC 427496425857 LAW OFFICE OF JULIE M.,Insurance Expense
,Cash-ATC-PC Operating Account,09/15/2025,THE HARTFORD/GBDORMBLAC 427496425857 LAW OFFICE OF JULIE M.,Cash-ATC-PC Operating Account
,Cash-ATC-PC Operating Account,09/15/2025,THE HARTFORD/GBDORMBLAC 427496425857 LAW OFFICE OF JULIE M.,Insurance Expense
,Cash-ATC-PC Operating Account,10/03/2025,HARTFORD LIFE AN/PREMRMB696 RMR*IK*XXXXXXXX2599\ THE LAW OFFICE OF JULI,Cash-ATC-PC Operating Account
,Cash-ATC-PC Operating Account,10/03/2025,HARTFORD LIFE AN/PREMRMB696 RMR*IK*XXXXXXXX2599\ THE LAW OFFICE OF JULI,Insurance Expense
,Cash-ATC-PC Operating Account,01/08/2026,HARTFORD LIFE AN/PREMRMB103 RMR*IK*XXXXXXXX4825\ THE LAW OFFICE OF JULI,Cash-ATC-PC Operating Account
,Cash-ATC-PC Operating Account,01/08/2026,HARTFORD LIFE AN/PREMRMB103 RMR*IK*XXXXXXXX4825\ THE LAW OFFICE OF JULI,Insurance Expense
NYS DMV,,,,
,Cash-ATC-PC Operating Account,04/01/2022,,Cash-ATC-PC Operating Account
,Cash-ATC-PC Operating Account,04/01/2022,,Vehicle Expense
,Cash-ATC-PC Operating Account,11/21/2023,Check 3030,Cash-ATC-PC Operating Account
,Cash-ATC-PC Operating Account,11/21/2023,Check 3030,Fees & Licenses
,Cash-ATC-PC Operating Account,10/28/2024,Check 3165 Check,Cash-ATC-PC Operating Account
,Cash-ATC-PC Operating Account,10/28/2024,Check 3165 Check,Vehicle Expense
Jessica Dunn,,,,
,Cash-ATC-PC Operating Account,04/01/2022,,Cash-ATC-PC Operating Account
,Cash-ATC-PC Operating Account,04/01/2022,,Undeposited Funds-1
,Cash-ATC-PC Operating Account,06/10/2022,,Cash-ATC-PC Operating Account
,Cash-ATC-PC Operating Account,06/10/2022,,Due to Client
,Cash-ATC-PC Operating Account,06/10/2022,,ADK Retainer Account
,Cash-ATC-PC Operating Account,06/10/2022,,Undeposited Funds-1
Philip Cline,,,,
,Cash-ATC-PC Operating Account,04/04/2022,MyCase/WEB PMTS The Law Office of Juli,Cash-ATC-PC Operating Account
,Cash-ATC-PC Operating Account,04/04/2022,MyCase/WEB PMTS The Law Office of Juli,Prepaid Client expenses
,Cash-ATC-PC Operating Account,06/01/2022,,Cash-ATC-PC Operating Account
,Cash-ATC-PC Operating Account,06/01/2022,,Due to Client
,Cash-ATC-PC Operating Account,06/01/2022,,ADK Retainer Account
,Cash-ATC-PC Operating Account,06/01/2022,,Undeposited Funds-1
Gideon Club,,,,
,Cash-ATC-PC Operating Account,04/15/2022,,Cash-ATC-PC Operating Account
,Cash-ATC-PC Operating Account,04/15/2022,,Gideon
,Cash-ATC-PC Operating Account,06/01/2022,,Cash-ATC-PC Operating Account
,Cash-ATC-PC Operating Account,06/01/2022,,Gideon
,Cash-ATC-PC Operating Account,06/17/2022,,Cash-ATC-PC Operating Account
,Cash-ATC-PC Operating Account,06/17/2022,,Gideon
,Cash-ATC-PC Operating Account,06/17/2022,,Cash-ATC-PC Operating Account
,Cash-ATC-PC Operating Account,06/17/2022,,Gideon
,Cash-ATC-PC Operating Account,07/29/2022,,Cash-ATC-PC Operating Account
,Cash-ATC-PC Operating Account,07/29/2022,,Gideon
,Cash-ATC-PC Operating Account,09/16/2022,,Cash-ATC-PC Operating Account
,Cash-ATC-PC Operating Account,09/16/2022,,Gideon
,Cash-ATC-PC Operating Account,11/04/2022,,Cash-ATC-PC Operating Account
,Cash-ATC-PC Operating Account,11/04/2022,,Gideon
,Cash-ATC-PC Operating Account,11/04/2022,,Cash-ATC-PC Operating Account
,Cash-ATC-PC Operating Account,11/04/2022,,Gideon
,Cash-ATC-PC Operating Account,12/29/2022,,Cash-ATC-PC Operating Account
,Cash-ATC-PC Operating Account,12/29/2022,,Gideon
,Cash-ATC-PC Operating Account,01/12/2023,,Cash-ATC-PC Operating Account
,Cash-ATC-PC Operating Account,01/12/2023,,Gideon
,Cash-ATC-PC Operating Account,01/25/2023,,Cash-ATC-PC Operating Account
,Cash-ATC-PC Operating Account,01/25/2023,,Gideon
,Cash-ATC-PC Operating Account,04/14/2023,Teller Check 2940,Cash-ATC-PC Operating Account
,Cash-ATC-PC Operating Account,04/14/2023,Teller Check 2940,Gideon
,Cash-ATC-PC Operating Account,04/21/2023,Teller Check 2941,Cash-ATC-PC Operating Account
,Cash-ATC-PC Operating Account,04/21/2023,Teller Check 2941,Gideon
,Cash-ATC-PC Operating Account,06/09/2023,Teller Check,Cash-ATC-PC Operating Account
,Cash-ATC-PC Operating Account,06/09/2023,Teller Check,Gideon
,Cash-ATC-PC Operating Account,08/11/2023,Teller Check 2992,Cash-ATC-PC Operating Account
,Cash-ATC-PC Operating Account,08/11/2023,Teller Check 2992,Gideon
,Cash-ATC-PC Operating Account,10/13/2023,Teller Check 3010,Cash-ATC-PC Operating Account
,Cash-ATC-PC Operating Account,10/13/2023,Teller Check 3010,Gideon
,Cash-ATC-PC Operating Account,10/20/2023,Teller Check 3018,Cash-ATC-PC Operating Account
,Cash-ATC-PC Operating Account,10/20/2023,Teller Check 3018,Gideon
,Cash-ATC-PC Operating Account,10/20/2023,Teller Check 3016,Cash-ATC-PC Operating Account
,Cash-ATC-PC Operating Account,10/20/2023,Teller Check 3016,Gideon
,Cash-ATC-PC Operating Account,11/20/2023,Teller Check,Cash-ATC-PC Operating Account
,Cash-ATC-PC Operating Account,11/20/2023,Teller Check,Interest Expense
,Cash-ATC-PC Operating Account,05/03/2024,Teller Check,Cash-ATC-PC Operating Account
,Cash-ATC-PC Operating Account,05/03/2024,Teller Check,Gideon
,Cash-ATC-PC Operating Account,08/02/2024,Teller Check,Cash-ATC-PC Operating Account
,Cash-ATC-PC Operating Account,08/02/2024,Teller Check,Gideon
,Cash-ATC-PC Operating Account,10/18/2024,Teller Check,Cash-ATC-PC Operating Account
,Cash-ATC-PC Operating Account,10/18/2024,Teller Check,Gideon
,Cash-ATC-PC Operating Account,10/18/2024,Teller Check,Cash-ATC-PC Operating Account
,Cash-ATC-PC Operating Account,10/18/2024,Teller Check,Gideon
,Cash-ATC-PC Operating Account,12/06/2024,Teller Check,Cash-ATC-PC Operating Account
,Cash-ATC-PC Operating Account,12/06/2024,Teller Check,Gideon
"Roohan, Marion",,,,
,Cash-ATC-PC Operating Account,04/20/2022,,Cash-ATC-PC Operating Account
,Cash-ATC-PC Operating Account,04/20/2022,,Due to Client
,Cash-ATC-PC Operating Account,04/20/2022,,ADK Retainer Account
,Cash-ATC-PC Operating Account,04/20/2022,MyCase Payment,Undeposited Funds-1
,Cash-ATC-PC Operating Account,06/02/2022,,Cash-ATC-PC Operating Account
,Cash-ATC-PC Operating Account,06/02/2022,,Due to Client
,Cash-ATC-PC Operating Account,06/02/2022,,ADK Retainer Account
,Cash-ATC-PC Operating Account,06/02/2022,,Undeposited Funds-1
,Cash-ATC-PC Operating Account,06/02/2022,,Cash-ATC-PC Operating Account
,Cash-ATC-PC Operating Account,06/02/2022,,Due to Client
,Cash-ATC-PC Operating Account,06/02/2022,,ADK Retainer Account
,Cash-ATC-PC Operating Account,06/02/2022,,Undeposited Funds-1
,Cash-ATC-PC Operating Account,06/10/2022,MyCase Payment,Cash-ATC-PC Operating Account
,Cash-ATC-PC Operating Account,06/10/2022,,Accounts Receivable
Northern Telephone Service,,,,
,Cash-ATC-PC Operating Account,04/26/2022,,Cash-ATC-PC Operating Account
,Cash-ATC-PC Operating Account,04/26/2022,,Utilities
,Cash-ATC-PC Operating Account,03/10/2023,,Cash-ATC-PC Operating Account
,Cash-ATC-PC Operating Account,03/10/2023,,Utilities
,Cash-ATC-PC Operating Account,11/21/2023,Check 3028,Cash-ATC-PC Operating Account
,Cash-ATC-PC Operating Account,11/21/2023,Check 3028,Office Supplies:Telephone & Internet Expense
,Cash-ATC-PC Operating Account,02/07/2024,Check 3057 Check,Cash-ATC-PC Operating Account
,Cash-ATC-PC Operating Account,02/07/2024,Check 3057 Check,Utilities
,Cash-ATC-PC Operating Account,06/25/2024,Check 3107 Check,Cash-ATC-PC Operating Account
,Cash-ATC-PC Operating Account,06/25/2024,Check 3107 Check,Utilities
,Cash-ATC-PC Operating Account,09/13/2024,Check 3130 Check,Cash-ATC-PC Operating Account
,Cash-ATC-PC Operating Account,09/13/2024,Check 3130 Check,Utilities
,Cash-ATC-PC Operating Account,09/13/2024,Check 3133 Check,Cash-ATC-PC Operating Account
,Cash-ATC-PC Operating Account,09/13/2024,Check 3133 Check,Utilities
Dara Halliday,,,,
,Cash-ATC-PC Operating Account,04/26/2022,,Cash-ATC-PC Operating Account
,Cash-ATC-PC Operating Account,04/26/2022,,Sales
,Cash-ATC-PC Operating Account,08/18/2022,,Cash-ATC-PC Operating Account
,Cash-ATC-PC Operating Account,08/18/2022,,Due to Client
,Cash-ATC-PC Operating Account,08/18/2022,,ADK Retainer Account
,Cash-ATC-PC Operating Account,08/18/2022,MyCase Payment,Undeposited Funds-1
,Cash-ATC-PC Operating Account,11/09/2022,Voided,Cash-ATC-PC Operating Account
,Cash-ATC-PC Operating Account,11/09/2022,,Accounts Receivable
,Cash-ATC-PC Operating Account,11/09/2022,MyCase Payment,Cash-ATC-PC Operating Account
,Cash-ATC-PC Operating Account,11/09/2022,,Accounts Receivable
,Cash-ATC-PC Operating Account,02/08/2023,,Cash-ATC-PC Operating Account
,Cash-ATC-PC Operating Account,02/08/2023,,Due to Client
,Cash-ATC-PC Operating Account,02/08/2023,,ADK Retainer Account
,Cash-ATC-PC Operating Account,02/08/2023,,Undeposited Funds-1
,Cash-ATC-PC Operating Account,02/08/2023,,Cash-ATC-PC Operating Account
,Cash-ATC-PC Operating Account,02/08/2023,,Due to Client
,Cash-ATC-PC Operating Account,02/08/2023,,ADK Retainer Account
,Cash-ATC-PC Operating Account,02/08/2023,,Undeposited Funds-1
Pamela Toth,,,,
,Cash-ATC-PC Operating Account,04/28/2022,,Cash-ATC-PC Operating Account
,Cash-ATC-PC Operating Account,04/28/2022,,Due to Client
,Cash-ATC-PC Operating Account,04/28/2022,,ADK Retainer Account
,Cash-ATC-PC Operating Account,04/28/2022,,Undeposited Funds-1
Sherry Gonyea-McElroy,,,,
,Cash-ATC-PC Operating Account,04/29/2022,MyCase/WEB PMTS The Law Office of Juli,Cash-ATC-PC Operating Account
,Cash-ATC-PC Operating Account,04/29/2022,MyCase/WEB PMTS The Law Office of Juli,Prepaid Client expenses
,Cash-ATC-PC Operating Account,06/01/2022,,Cash-ATC-PC Operating Account
,Cash-ATC-PC Operating Account,06/01/2022,,Due to Client
,Cash-ATC-PC Operating Account,06/01/2022,,ADK Retainer Account
,Cash-ATC-PC Operating Account,06/01/2022,MyCase Payment,Undeposited Funds-1
,Cash-ATC-PC Operating Account,06/01/2022,,Cash-ATC-PC Operating Account
,Cash-ATC-PC Operating Account,06/01/2022,,Due to Client
,Cash-ATC-PC Operating Account,06/01/2022,,ADK Retainer Account
,Cash-ATC-PC Operating Account,06/01/2022,MyCase Payment,Undeposited Funds-1
,Cash-ATC-PC Operating Account,08/18/2022,,Cash-ATC-PC Operating Account
,Cash-ATC-PC Operating Account,08/18/2022,,Due to Client
,Cash-ATC-PC Operating Account,08/18/2022,,ADK Retainer Account
,Cash-ATC-PC Operating Account,08/18/2022,,Undeposited Funds-1
,Cash-ATC-PC Operating Account,08/18/2022,,Cash-ATC-PC Operating Account
,Cash-ATC-PC Operating Account,08/18/2022,,Due to Client
,Cash-ATC-PC Operating Account,08/18/2022,,ADK Retainer Account
,Cash-ATC-PC Operating Account,08/18/2022,,Undeposited Funds-1
,Cash-ATC-PC Operating Account,11/22/2022,MyCase/WEB PMTS The Law Office of Juli,Cash-ATC-PC Operating Account
,Cash-ATC-PC Operating Account,11/22/2022,MyCase/WEB PMTS The Law Office of Juli,Prepaid Client expenses
,Cash-ATC-PC Operating Account,12/02/2022,MyCase/WEB PMTS The Law Office of Juli,Cash-ATC-PC Operating Account
,Cash-ATC-PC Operating Account,12/02/2022,MyCase/WEB PMTS The Law Office of Juli,Prepaid Client expenses
,Cash-ATC-PC Operating Account,03/22/2023,,Cash-ATC-PC Operating Account
,Cash-ATC-PC Operating Account,03/22/2023,,Undeposited Funds-1
,Cash-ATC-PC Operating Account,07/26/2023,,Cash-ATC-PC Operating Account
,Cash-ATC-PC Operating Account,07/26/2023,,Undeposited Funds-1
,Cash-ATC-PC Operating Account,07/28/2023,MyCase/WEB PMTS The Law Office of Juli,Cash-ATC-PC Operating Account
,Cash-ATC-PC Operating Account,07/28/2023,MyCase/WEB PMTS The Law Office of Juli,Prepaid Client expenses
,Cash-ATC-PC Operating Account,08/30/2023,,Cash-ATC-PC Operating Account
,Cash-ATC-PC Operating Account,08/30/2023,,Undeposited Funds-1
,Cash-ATC-PC Operating Account,09/01/2023,MyCase/WEB PMTS The Law Office of Juli,Cash-ATC-PC Operating Account
,Cash-ATC-PC Operating Account,09/01/2023,MyCase/WEB PMTS The Law Office of Juli,Prepaid Client expenses
,Cash-ATC-PC Operating Account,10/03/2023,,Cash-ATC-PC Operating Account
,Cash-ATC-PC Operating Account,10/03/2023,,Accounts Receivable
,Cash-ATC-PC Operating Account,10/05/2023,MyCase/WEB PMTS The Law Office of Juli,Cash-ATC-PC Operating Account
,Cash-ATC-PC Operating Account,10/05/2023,MyCase/WEB PMTS The Law Office of Juli,Prepaid Client expenses
,Cash-ATC-PC Operating Account,11/30/2023,,Cash-ATC-PC Operating Account
,Cash-ATC-PC Operating Account,11/30/2023,,Accounts Receivable
,Cash-ATC-PC Operating Account,12/04/2023,,Cash-ATC-PC Operating Account
,Cash-ATC-PC Operating Account,12/04/2023,,Accounts Receivable
,Cash-ATC-PC Operating Account,12/23/2023,MyCase/WEB PMTS The Law Office of Juli,Cash-ATC-PC Operating Account
,Cash-ATC-PC Operating Account,12/23/2023,MyCase/WEB PMTS The Law Office of Juli,Prepaid Client expenses
,Cash-ATC-PC Operating Account,01/02/2024,,Cash-ATC-PC Operating Account
,Cash-ATC-PC Operating Account,01/02/2024,,Accounts Receivable
,Cash-ATC-PC Operating Account,01/02/2024,,Cash-ATC-PC Operating Account
,Cash-ATC-PC Operating Account,01/02/2024,,Accounts Receivable
,Cash-ATC-PC Operating Account,03/04/2024,MYCASE/Funds Disb MyCase,Cash-ATC-PC Operating Account
,Cash-ATC-PC Operating Account,03/04/2024,MYCASE/Funds Disb MyCase,Legal Fee Income
,Cash-ATC-PC Operating Account,03/06/2024,MyCase/WEB PMTS The Law Office of Juli,Cash-ATC-PC Operating Account
,Cash-ATC-PC Operating Account,03/06/2024,MyCase/WEB PMTS The Law Office of Juli,Prepaid expenses
,Cash-ATC-PC Operating Account,06/11/2024,MYCASE/Funds Disb MyCase,Cash-ATC-PC Operating Account
,Cash-ATC-PC Operating Account,06/11/2024,MYCASE/Funds Disb MyCase,Legal Fee Income
,Cash-ATC-PC Operating Account,08/08/2024,MYCASE/Funds Disb MyCase,Cash-ATC-PC Operating Account
,Cash-ATC-PC Operating Account,08/08/2024,MYCASE/Funds Disb MyCase,Legal Fee Income
,Cash-ATC-PC Operating Account,08/12/2024,MyCase/WEB PMTS The Law Office of Juli,Cash-ATC-PC Operating Account
,Cash-ATC-PC Operating Account,08/12/2024,MyCase/WEB PMTS The Law Office of Juli,Prepaid Client expenses
,Cash-ATC-PC Operating Account,10/29/2024,MYCASE/Funds Disb MyCase,Cash-ATC-PC Operating Account
,Cash-ATC-PC Operating Account,10/29/2024,MYCASE/Funds Disb MyCase,Legal Fee Income
,Cash-ATC-PC Operating Account,10/31/2024,MyCase/WEB PMTS The Law Office of Juli,Cash-ATC-PC Operating Account
,Cash-ATC-PC Operating Account,10/31/2024,MyCase/WEB PMTS The Law Office of Juli,Prepaid Client expenses
Wal-Mart,,,,
,Cash-ATC-PC Operating Account,05/02/2022,POS Purchase Non-PIN WM SUPERCENTER # WILTON NY 205600 *****9214 05/01 10:50,Cash-ATC-PC Operating Account
,Cash-ATC-PC Operating Account,05/02/2022,POS Purchase Non-PIN WM SUPERCENTER # WILTON NY 205600 *****9214 05/01 10:50,Shareholder Distribution
,Cash-ATC-PC Operating Account,09/04/2024,POS Purchase Non-PIN WM SUPERCENTER #2116 QUEENSBURY NY 124042 *****9214 09/03 05:14,Cash-ATC-PC Operating Account
,Cash-ATC-PC Operating Account,09/04/2024,POS Purchase Non-PIN WM SUPERCENTER #2116 QUEENSBURY NY 124042 *****9214 09/03 05:14,Office expenses:Office supplies
Fresh Market,,,,
,Cash-ATC-PC Operating Account,05/02/2022,POS Purchase Non-PIN THE FRESH MARKET 172 SARATOGA SPRI NY 172 00 *****9214 04/30 04:29,Cash-ATC-PC Operating Account
,Cash-ATC-PC Operating Account,05/02/2022,POS Purchase Non-PIN THE FRESH MARKET 172 SARATOGA SPRI NY 172 00 *****9214 04/30 04:29,Meals and Entertainment
,Cash-ATC-PC Operating Account,09/23/2024,POS Purchase Non-PIN THE FRESH MARKET 172 SARATOGA SPRI NY 172 00 *****9214 09/22 06:38,Cash-ATC-PC Operating Account
,Cash-ATC-PC Operating Account,09/23/2024,POS Purchase Non-PIN THE FRESH MARKET 172 SARATOGA SPRI NY 172 00 *****9214 09/22 06:38,Meals and Entertainment
,Cash-ATC-PC Operating Account,01/10/2025,POS Purchase Non-PIN THE FRESH MARKET 172 SARATOGA SPRI NY 172 00 *****9214 01/09 02:01,Cash-ATC-PC Operating Account
,Cash-ATC-PC Operating Account,01/10/2025,POS Purchase Non-PIN THE FRESH MARKET 172 SARATOGA SPRI NY 172 00 *****9214 01/09 02:01,Meals and Entertainment
,Cash-ATC-PC Operating Account,10/03/2025,POS Purchase Non-PIN THE FRESH MARKET 172 SARATOGA SPRI NY 172 001 *****9214 10/02 02:08,Cash-ATC-PC Operating Account
,Cash-ATC-PC Operating Account,10/03/2025,POS Purchase Non-PIN THE FRESH MARKET 172 SARATOGA SPRI NY 172 001 *****9214 10/02 02:08,Meals and Entertainment
,Cash-ATC-PC Operating Account,10/07/2025,POS Purchase Non-PIN THE FRESH MARKET 172 SARATOGA SPRI NY 172 001 *****9214 10/06 01:54,Cash-ATC-PC Operating Account
,Cash-ATC-PC Operating Account,10/07/2025,POS Purchase Non-PIN THE FRESH MARKET 172 SARATOGA SPRI NY 172 001 *****9214 10/06 01:54,Meals and Entertainment
Dunkin Donuts,,,,
,Cash-ATC-PC Operating Account,05/03/2022,POS Purchase Non-PIN DUNKIN #355243 MALTA NY 355202 *****9214 05/02 07:04,Cash-ATC-PC Operating Account
,Cash-ATC-PC Operating Account,05/03/2022,POS Purchase Non-PIN DUNKIN #355243 MALTA NY 355202 *****9214 05/02 07:04,Meals and Entertainment
Subway,,,,
,Cash-ATC-PC Operating Account,05/04/2022,POS Purchase Non-PIN Subway 47274 Wilton NY 754722 *****9214 05/03 14:35,Cash-ATC-PC Operating Account
,Cash-ATC-PC Operating Account,05/04/2022,POS Purchase Non-PIN Subway 47274 Wilton NY 754722 *****9214 05/03 14:35,Meals and Entertainment
Joanne Hamilton Estate,,,,
,Cash-ATC-PC Operating Account,05/10/2022,,Cash-ATC-PC Operating Account
,Cash-ATC-PC Operating Account,05/10/2022,,Due to Client
,Cash-ATC-PC Operating Account,05/10/2022,,ADK Retainer Account
,Cash-ATC-PC Operating Account,05/10/2022,,Undeposited Funds-1
,Cash-ATC-PC Operating Account,05/02/2023,Deposit,Cash-ATC-PC Operating Account
,Cash-ATC-PC Operating Account,05/02/2023,Deposit,Ask My Accountant
Kirk Scott,,,,
,Cash-ATC-PC Operating Account,06/02/2022,,Cash-ATC-PC Operating Account
,Cash-ATC-PC Operating Account,06/02/2022,,Due to Client
,Cash-ATC-PC Operating Account,06/02/2022,,ADK Retainer Account
,Cash-ATC-PC Operating Account,06/02/2022,,Undeposited Funds-1
,Cash-ATC-PC Operating Account,08/18/2022,,Cash-ATC-PC Operating Account
,Cash-ATC-PC Operating Account,08/18/2022,,Due to Client
,Cash-ATC-PC Operating Account,08/18/2022,,ADK Retainer Account
,Cash-ATC-PC Operating Account,08/18/2022,,Undeposited Funds-1
,Cash-ATC-PC Operating Account,09/16/2022,,Cash-ATC-PC Operating Account
,Cash-ATC-PC Operating Account,09/16/2022,,Due to Client
,Cash-ATC-PC Operating Account,09/16/2022,,ADK Retainer Account
,Cash-ATC-PC Operating Account,09/16/2022,,Undeposited Funds-1
,Cash-ATC-PC Operating Account,10/19/2022,,Cash-ATC-PC Operating Account
,Cash-ATC-PC Operating Account,10/19/2022,,Undeposited Funds-1
,Cash-ATC-PC Operating Account,03/20/2023,,Cash-ATC-PC Operating Account
,Cash-ATC-PC Operating Account,03/20/2023,,Accounts Receivable
,Cash-ATC-PC Operating Account,03/21/2023,,Cash-ATC-PC Operating Account
,Cash-ATC-PC Operating Account,03/21/2023,,Due to Client
,Cash-ATC-PC Operating Account,03/21/2023,,ADK Retainer Account
,Cash-ATC-PC Operating Account,03/21/2023,,Undeposited Funds-1
,Cash-ATC-PC Operating Account,06/19/2023,,Cash-ATC-PC Operating Account
,Cash-ATC-PC Operating Account,06/19/2023,,Accounts Receivable
,Cash-ATC-PC Operating Account,08/01/2023,,Cash-ATC-PC Operating Account
,Cash-ATC-PC Operating Account,08/01/2023,,Accounts Receivable
,Cash-ATC-PC Operating Account,09/05/2023,,Cash-ATC-PC Operating Account
,Cash-ATC-PC Operating Account,09/05/2023,,Accounts Receivable
,Cash-ATC-PC Operating Account,11/06/2023,,Cash-ATC-PC Operating Account
,Cash-ATC-PC Operating Account,11/06/2023,,Accounts Receivable
,Cash-ATC-PC Operating Account,12/13/2023,,Cash-ATC-PC Operating Account
,Cash-ATC-PC Operating Account,12/13/2023,,Accounts Receivable
,Cash-ATC-PC Operating Account,01/19/2024,,Cash-ATC-PC Operating Account
,Cash-ATC-PC Operating Account,01/19/2024,,Accounts Receivable
,Cash-ATC-PC Operating Account,02/14/2024,,Cash-ATC-PC Operating Account
,Cash-ATC-PC Operating Account,02/14/2024,,Accounts Receivable
,Cash-ATC-PC Operating Account,03/18/2024,,Cash-ATC-PC Operating Account
,Cash-ATC-PC Operating Account,03/18/2024,,Accounts Receivable
,Cash-ATC-PC Operating Account,04/22/2024,,Cash-ATC-PC Operating Account
,Cash-ATC-PC Operating Account,04/22/2024,,Accounts Receivable
,Cash-ATC-PC Operating Account,05/31/2024,,Cash-ATC-PC Operating Account
,Cash-ATC-PC Operating Account,05/31/2024,,Accounts Receivable
,Cash-ATC-PC Operating Account,06/21/2024,,Cash-ATC-PC Operating Account
,Cash-ATC-PC Operating Account,06/21/2024,,Accounts Receivable
,Cash-ATC-PC Operating Account,08/13/2024,,Cash-ATC-PC Operating Account
,Cash-ATC-PC Operating Account,08/13/2024,,Accounts Receivable
,Cash-ATC-PC Operating Account,09/05/2024,,Cash-ATC-PC Operating Account
,Cash-ATC-PC Operating Account,09/05/2024,,Accounts Receivable
,Cash-ATC-PC Operating Account,10/01/2024,,Cash-ATC-PC Operating Account
,Cash-ATC-PC Operating Account,10/01/2024,,Accounts Receivable
,Cash-ATC-PC Operating Account,10/21/2024,,Cash-ATC-PC Operating Account
,Cash-ATC-PC Operating Account,10/21/2024,,Accounts Receivable
,Cash-ATC-PC Operating Account,12/10/2024,,Cash-ATC-PC Operating Account
,Cash-ATC-PC Operating Account,12/10/2024,,Accounts Receivable
McGregor Links Country Club,,,,
,Cash-ATC-PC Operating Account,06/17/2022,,Cash-ATC-PC Operating Account
,Cash-ATC-PC Operating Account,06/17/2022,,Shareholder Distribution
Kate Berrigan,,,,
,Cash-ATC-PC Operating Account,07/08/2022,,Cash-ATC-PC Operating Account
,Cash-ATC-PC Operating Account,07/08/2022,,Payroll Expense
Jacob Heber,,,,
,Cash-ATC-PC Operating Account,07/12/2022,,Cash-ATC-PC Operating Account
,Cash-ATC-PC Operating Account,07/12/2022,,Due to Client
,Cash-ATC-PC Operating Account,07/12/2022,,ADK Retainer Account
,Cash-ATC-PC Operating Account,07/12/2022,MyCase Payment,Undeposited Funds-1
,Cash-ATC-PC Operating Account,07/13/2022,,Cash-ATC-PC Operating Account
,Cash-ATC-PC Operating Account,07/13/2022,,Due to Client
,Cash-ATC-PC Operating Account,07/13/2022,,ADK Retainer Account
,Cash-ATC-PC Operating Account,07/13/2022,MyCase Payment,Undeposited Funds-1
"Woodruff, Mark",,,,
,Cash-ATC-PC Operating Account,08/03/2022,MyCase Payment,Cash-ATC-PC Operating Account
,Cash-ATC-PC Operating Account,08/03/2022,,Accounts Receivable
Volunteers For Versaci,,,,
,Cash-ATC-PC Operating Account,08/04/2022,,Cash-ATC-PC Operating Account
,Cash-ATC-PC Operating Account,08/04/2022,,Shareholder Distribution
Aubrey Guri,,,,
,Cash-ATC-PC Operating Account,08/15/2022,,Cash-ATC-PC Operating Account
,Cash-ATC-PC Operating Account,08/15/2022,24 Pinehurst Ln.,Shareholder Distribution
Desiree Farley,,,,
,Cash-ATC-PC Operating Account,08/18/2022,,Cash-ATC-PC Operating Account
,Cash-ATC-PC Operating Account,08/18/2022,,Undeposited Funds-1
Christopher & Mary Breslin,,,,
,Cash-ATC-PC Operating Account,08/18/2022,,Cash-ATC-PC Operating Account
,Cash-ATC-PC Operating Account,08/18/2022,,Due to Client
,Cash-ATC-PC Operating Account,08/18/2022,,ADK Retainer Account
,Cash-ATC-PC Operating Account,08/18/2022,MyCase Payment,Undeposited Funds-1
,Cash-ATC-PC Operating Account,11/09/2022,,Cash-ATC-PC Operating Account
,Cash-ATC-PC Operating Account,11/09/2022,,Due to Client
,Cash-ATC-PC Operating Account,11/09/2022,,ADK Retainer Account
,Cash-ATC-PC Operating Account,11/09/2022,MyCase Payment,Undeposited Funds-1
,Cash-ATC-PC Operating Account,11/09/2022,,Cash-ATC-PC Operating Account
,Cash-ATC-PC Operating Account,11/09/2022,,Due to Client
,Cash-ATC-PC Operating Account,11/09/2022,,ADK Retainer Account
,Cash-ATC-PC Operating Account,11/09/2022,,Undeposited Funds-1
,Cash-ATC-PC Operating Account,11/29/2022,,Cash-ATC-PC Operating Account
,Cash-ATC-PC Operating Account,11/29/2022,,Accounts Receivable
Kaarn Florio,,,,
,Cash-ATC-PC Operating Account,08/18/2022,,Cash-ATC-PC Operating Account
,Cash-ATC-PC Operating Account,08/18/2022,,Due to Client
,Cash-ATC-PC Operating Account,08/18/2022,,ADK Retainer Account
,Cash-ATC-PC Operating Account,08/18/2022,,Undeposited Funds-1
,Cash-ATC-PC Operating Account,08/18/2022,,Cash-ATC-PC Operating Account
,Cash-ATC-PC Operating Account,08/18/2022,,Due to Client
,Cash-ATC-PC Operating Account,08/18/2022,,ADK Retainer Account
,Cash-ATC-PC Operating Account,08/18/2022,,Undeposited Funds-1
,Cash-ATC-PC Operating Account,10/19/2022,,Cash-ATC-PC Operating Account
,Cash-ATC-PC Operating Account,10/19/2022,,Sales
,Cash-ATC-PC Operating Account,10/20/2022,,Cash-ATC-PC Operating Account
,Cash-ATC-PC Operating Account,10/20/2022,,Undeposited Funds-1
,Cash-ATC-PC Operating Account,02/13/2023,,Cash-ATC-PC Operating Account
,Cash-ATC-PC Operating Account,02/13/2023,,Undeposited Funds-1
,Cash-ATC-PC Operating Account,03/22/2023,,Cash-ATC-PC Operating Account
,Cash-ATC-PC Operating Account,03/22/2023,,Undeposited Funds-1
,Cash-ATC-PC Operating Account,03/30/2023,,Cash-ATC-PC Operating Account
,Cash-ATC-PC Operating Account,03/30/2023,,Accounts Receivable
,Cash-ATC-PC Operating Account,04/28/2023,,Cash-ATC-PC Operating Account
,Cash-ATC-PC Operating Account,04/28/2023,,Accounts Receivable
,Cash-ATC-PC Operating Account,05/24/2023,,Cash-ATC-PC Operating Account
,Cash-ATC-PC Operating Account,05/24/2023,,Accounts Receivable
,Cash-ATC-PC Operating Account,06/13/2023,,Cash-ATC-PC Operating Account
,Cash-ATC-PC Operating Account,06/13/2023,,Accounts Receivable
,Cash-ATC-PC Operating Account,07/24/2023,,Cash-ATC-PC Operating Account
,Cash-ATC-PC Operating Account,07/24/2023,,Accounts Receivable
,Cash-ATC-PC Operating Account,08/24/2023,,Cash-ATC-PC Operating Account
,Cash-ATC-PC Operating Account,08/24/2023,,Accounts Receivable
,Cash-ATC-PC Operating Account,09/27/2023,,Cash-ATC-PC Operating Account
,Cash-ATC-PC Operating Account,09/27/2023,,Accounts Receivable
,Cash-ATC-PC Operating Account,10/23/2023,,Cash-ATC-PC Operating Account
,Cash-ATC-PC Operating Account,10/23/2023,,Accounts Receivable
,Cash-ATC-PC Operating Account,01/12/2024,,Cash-ATC-PC Operating Account
,Cash-ATC-PC Operating Account,01/12/2024,,Accounts Receivable
,Cash-ATC-PC Operating Account,02/07/2024,,Cash-ATC-PC Operating Account
,Cash-ATC-PC Operating Account,02/07/2024,,Accounts receivable (A/R)
,Cash-ATC-PC Operating Account,02/22/2024,,Cash-ATC-PC Operating Account
,Cash-ATC-PC Operating Account,02/22/2024,,Accounts receivable (A/R)
,Cash-ATC-PC Operating Account,03/21/2024,,Cash-ATC-PC Operating Account
,Cash-ATC-PC Operating Account,03/21/2024,,Accounts receivable (A/R)
,Cash-ATC-PC Operating Account,04/25/2024,,Cash-ATC-PC Operating Account
,Cash-ATC-PC Operating Account,04/25/2024,,Accounts receivable (A/R)
,Cash-ATC-PC Operating Account,05/25/2024,,Cash-ATC-PC Operating Account
,Cash-ATC-PC Operating Account,05/25/2024,,Accounts receivable (A/R)
,Cash-ATC-PC Operating Account,06/28/2024,,Cash-ATC-PC Operating Account
,Cash-ATC-PC Operating Account,06/28/2024,,Accounts receivable (A/R)
,Cash-ATC-PC Operating Account,07/26/2024,,Cash-ATC-PC Operating Account
,Cash-ATC-PC Operating Account,07/26/2024,,Accounts receivable (A/R)
,Cash-ATC-PC Operating Account,08/27/2024,,Cash-ATC-PC Operating Account
,Cash-ATC-PC Operating Account,08/27/2024,,Accounts receivable (A/R)
,Cash-ATC-PC Operating Account,09/20/2024,,Cash-ATC-PC Operating Account
,Cash-ATC-PC Operating Account,09/20/2024,,Accounts receivable (A/R)
,Cash-ATC-PC Operating Account,10/24/2024,,Cash-ATC-PC Operating Account
,Cash-ATC-PC Operating Account,10/24/2024,,Accounts receivable (A/R)
,Cash-ATC-PC Operating Account,12/09/2024,,Cash-ATC-PC Operating Account
,Cash-ATC-PC Operating Account,12/09/2024,,Accounts receivable (A/R)
,Cash-ATC-PC Operating Account,12/23/2024,PAY Florio Inv 19995 FROM: DDXXXX2666,Cash-ATC-PC Operating Account
,Cash-ATC-PC Operating Account,12/23/2024,PAY Florio Inv 19995 FROM: DDXXXX2666,Due to Client
,Cash-ATC-PC Operating Account,12/23/2024,PAY Florio Inv 19995 FROM: DDXXXX2666,ADK Retainer Account
,Cash-ATC-PC Operating Account,12/23/2024,PAY Florio Inv 19995 FROM: DDXXXX2666,Legal Fee Income
Ralph Burger,,,,
,Cash-ATC-PC Operating Account,09/16/2022,,Cash-ATC-PC Operating Account
,Cash-ATC-PC Operating Account,09/16/2022,,Due to Client
,Cash-ATC-PC Operating Account,09/16/2022,,ADK Retainer Account
,Cash-ATC-PC Operating Account,09/16/2022,MyCase Payment,Undeposited Funds-1
Gregory Rifenburg,,,,
,Cash-ATC-PC Operating Account,09/16/2022,,Cash-ATC-PC Operating Account
,Cash-ATC-PC Operating Account,09/16/2022,,Due to Client
,Cash-ATC-PC Operating Account,09/16/2022,,ADK Retainer Account
,Cash-ATC-PC Operating Account,09/16/2022,,Undeposited Funds-1
,Cash-ATC-PC Operating Account,01/27/2023,,Cash-ATC-PC Operating Account
,Cash-ATC-PC Operating Account,01/27/2023,,Due to Client
,Cash-ATC-PC Operating Account,01/27/2023,,ADK Retainer Account
,Cash-ATC-PC Operating Account,01/27/2023,,Undeposited Funds-1
,Cash-ATC-PC Operating Account,06/08/2023,,Cash-ATC-PC Operating Account
,Cash-ATC-PC Operating Account,06/08/2023,,Due to Client
,Cash-ATC-PC Operating Account,06/08/2023,,ADK Retainer Account
,Cash-ATC-PC Operating Account,06/08/2023,,Undeposited Funds-1
,Cash-ATC-PC Operating Account,09/25/2024,Deposit - inv 20017,Cash-ATC-PC Operating Account
,Cash-ATC-PC Operating Account,09/25/2024,Deposit - inv 20017,Legal Fee Income
Florence Bennett,,,,
,Cash-ATC-PC Operating Account,10/19/2022,,Cash-ATC-PC Operating Account
,Cash-ATC-PC Operating Account,10/19/2022,,Sales
,Cash-ATC-PC Operating Account,01/10/2023,,Cash-ATC-PC Operating Account
,Cash-ATC-PC Operating Account,01/10/2023,,Due to Client
,Cash-ATC-PC Operating Account,01/10/2023,,ADK Retainer Account
,Cash-ATC-PC Operating Account,01/10/2023,,Undeposited Funds-1
,Cash-ATC-PC Operating Account,02/10/2023,,Cash-ATC-PC Operating Account
,Cash-ATC-PC Operating Account,02/10/2023,,Due to Client
,Cash-ATC-PC Operating Account,02/10/2023,,ADK Retainer Account
,Cash-ATC-PC Operating Account,02/10/2023,,Undeposited Funds-1
,Cash-ATC-PC Operating Account,03/21/2023,,Cash-ATC-PC Operating Account
,Cash-ATC-PC Operating Account,03/21/2023,,Due to Client
,Cash-ATC-PC Operating Account,03/21/2023,,ADK Retainer Account
,Cash-ATC-PC Operating Account,03/21/2023,,Undeposited Funds-1
,Cash-ATC-PC Operating Account,06/13/2023,,Cash-ATC-PC Operating Account
,Cash-ATC-PC Operating Account,06/13/2023,,Due to Client
,Cash-ATC-PC Operating Account,06/13/2023,,ADK Retainer Account
,Cash-ATC-PC Operating Account,06/13/2023,,Undeposited Funds-1
,Cash-ATC-PC Operating Account,06/26/2023,,Cash-ATC-PC Operating Account
,Cash-ATC-PC Operating Account,06/26/2023,,Accounts Receivable
,Cash-ATC-PC Operating Account,06/29/2023,,Cash-ATC-PC Operating Account
,Cash-ATC-PC Operating Account,06/29/2023,,Due to Client
,Cash-ATC-PC Operating Account,06/29/2023,,ADK Retainer Account
,Cash-ATC-PC Operating Account,06/29/2023,,Undeposited Funds-1
,Cash-ATC-PC Operating Account,11/16/2023,,Cash-ATC-PC Operating Account
,Cash-ATC-PC Operating Account,11/16/2023,,Accounts Receivable
Michael & Christina Pilkington,,,,
,Cash-ATC-PC Operating Account,10/19/2022,,Cash-ATC-PC Operating Account
,Cash-ATC-PC Operating Account,10/19/2022,,Due to Client
,Cash-ATC-PC Operating Account,10/19/2022,,ADK Retainer Account
,Cash-ATC-PC Operating Account,10/19/2022,MyCase Payment,Undeposited Funds-1
Saratoga County Clerk,,,,
,Cash-ATC-PC Operating Account,11/03/2022,,Cash-ATC-PC Operating Account
,Cash-ATC-PC Operating Account,11/03/2022,,filing fees
,Cash-ATC-PC Operating Account,12/14/2022,,Cash-ATC-PC Operating Account
,Cash-ATC-PC Operating Account,12/14/2022,,filing fees
,Cash-ATC-PC Operating Account,12/14/2022,,Cash-ATC-PC Operating Account
,Cash-ATC-PC Operating Account,12/14/2022,,filing fees
,Cash-ATC-PC Operating Account,06/17/2024,Check 3106 Check,Cash-ATC-PC Operating Account
,Cash-ATC-PC Operating Account,06/17/2024,Check 3106 Check,Prepaid Client expenses
"Alan Schroeder, Jr",,,,
,Cash-ATC-PC Operating Account,11/03/2022,,Cash-ATC-PC Operating Account
,Cash-ATC-PC Operating Account,11/03/2022,,Due to Client
,Cash-ATC-PC Operating Account,11/03/2022,,ADK Retainer Account
,Cash-ATC-PC Operating Account,11/03/2022,MyCase Payment,Undeposited Funds-1
,Cash-ATC-PC Operating Account,11/03/2022,,Cash-ATC-PC Operating Account
,Cash-ATC-PC Operating Account,11/03/2022,,Due to Client
,Cash-ATC-PC Operating Account,11/03/2022,,ADK Retainer Account
,Cash-ATC-PC Operating Account,11/03/2022,,Undeposited Funds-1
,Cash-ATC-PC Operating Account,11/09/2022,MyCase Payment,Cash-ATC-PC Operating Account
,Cash-ATC-PC Operating Account,11/09/2022,,Accounts Receivable
,Cash-ATC-PC Operating Account,11/10/2022,MyCase Payment,Cash-ATC-PC Operating Account
,Cash-ATC-PC Operating Account,11/10/2022,,Accounts Receivable
,Cash-ATC-PC Operating Account,04/26/2023,,Cash-ATC-PC Operating Account
,Cash-ATC-PC Operating Account,04/26/2023,,Accounts Receivable
,Cash-ATC-PC Operating Account,05/02/2023,MyCase/WEB PMTS The Law Office of Juli,Cash-ATC-PC Operating Account
,Cash-ATC-PC Operating Account,05/02/2023,MyCase/WEB PMTS The Law Office of Juli,Prepaid Client expenses
,Cash-ATC-PC Operating Account,06/02/2023,,Cash-ATC-PC Operating Account
,Cash-ATC-PC Operating Account,06/02/2023,,Accounts Receivable
,Cash-ATC-PC Operating Account,06/08/2023,MyCase/WEB PMTS The Law Office of Juli,Cash-ATC-PC Operating Account
,Cash-ATC-PC Operating Account,06/08/2023,MyCase/WEB PMTS The Law Office of Juli,Prepaid Client expenses
,Cash-ATC-PC Operating Account,07/06/2023,,Cash-ATC-PC Operating Account
,Cash-ATC-PC Operating Account,07/06/2023,,Undeposited Funds-1
,Cash-ATC-PC Operating Account,07/07/2023,MyCase/WEB PMTS The Law Office of Juli,Cash-ATC-PC Operating Account
,Cash-ATC-PC Operating Account,07/07/2023,MyCase/WEB PMTS The Law Office of Juli,Prepaid Client expenses
,Cash-ATC-PC Operating Account,08/03/2023,,Cash-ATC-PC Operating Account
,Cash-ATC-PC Operating Account,08/03/2023,,Undeposited Funds-1
,Cash-ATC-PC Operating Account,08/07/2023,MyCase/WEB PMTS The Law Office of Juli,Cash-ATC-PC Operating Account
,Cash-ATC-PC Operating Account,08/07/2023,MyCase/WEB PMTS The Law Office of Juli,Prepaid Client expenses
,Cash-ATC-PC Operating Account,09/06/2023,,Cash-ATC-PC Operating Account
,Cash-ATC-PC Operating Account,09/06/2023,,Accounts Receivable
,Cash-ATC-PC Operating Account,09/07/2023,MyCase/WEB PMTS The Law Office of Juli,Cash-ATC-PC Operating Account
,Cash-ATC-PC Operating Account,09/07/2023,MyCase/WEB PMTS The Law Office of Juli,Prepaid Client expenses
,Cash-ATC-PC Operating Account,09/29/2023,,Cash-ATC-PC Operating Account
,Cash-ATC-PC Operating Account,09/29/2023,,Accounts Receivable
,Cash-ATC-PC Operating Account,10/03/2023,MyCase/WEB PMTS The Law Office of Juli,Cash-ATC-PC Operating Account
,Cash-ATC-PC Operating Account,10/03/2023,MyCase/WEB PMTS The Law Office of Juli,Prepaid Client expenses
,Cash-ATC-PC Operating Account,11/06/2023,,Cash-ATC-PC Operating Account
,Cash-ATC-PC Operating Account,11/06/2023,,Accounts Receivable
,Cash-ATC-PC Operating Account,11/06/2023,MyCase/WEB PMTS The Law Office of Juli,Cash-ATC-PC Operating Account
,Cash-ATC-PC Operating Account,11/06/2023,MyCase/WEB PMTS The Law Office of Juli,Prepaid Client expenses
,Cash-ATC-PC Operating Account,12/01/2023,,Cash-ATC-PC Operating Account
,Cash-ATC-PC Operating Account,12/01/2023,,Accounts Receivable
,Cash-ATC-PC Operating Account,12/06/2023,MyCase/WEB PMTS The Law Office of Juli,Cash-ATC-PC Operating Account
,Cash-ATC-PC Operating Account,12/06/2023,MyCase/WEB PMTS The Law Office of Juli,Prepaid Client expenses
,Cash-ATC-PC Operating Account,01/10/2024,ei Schroeder Invoice 19987 FROM: DDXXXX2 666,Cash-ATC-PC Operating Account
,Cash-ATC-PC Operating Account,01/10/2024,ei Schroeder Invoice 19987 FROM: DDXXXX2 666,ADK Retainer Account
,Cash-ATC-PC Operating Account,01/10/2024,19987,Legal Fee Income
,Cash-ATC-PC Operating Account,01/10/2024,ei Schroeder Invoice 19987 FROM: DDXXXX2 666,Due to Client
,Cash-ATC-PC Operating Account,01/10/2024,19985,Legal Fee Income
,Cash-ATC-PC Operating Account,01/10/2024,19961,Legal Fee Income
Charles Usas,,,,
,Cash-ATC-PC Operating Account,11/09/2022,MyCase Payment,Cash-ATC-PC Operating Account
,Cash-ATC-PC Operating Account,11/09/2022,,Accounts Receivable
,Cash-ATC-PC Operating Account,12/21/2022,,Cash-ATC-PC Operating Account
,Cash-ATC-PC Operating Account,12/21/2022,,Due to Client
,Cash-ATC-PC Operating Account,12/21/2022,,ADK Retainer Account
,Cash-ATC-PC Operating Account,12/21/2022,,Undeposited Funds-1
,Cash-ATC-PC Operating Account,02/03/2023,,Cash-ATC-PC Operating Account
,Cash-ATC-PC Operating Account,02/03/2023,,Undeposited Funds-1
,Cash-ATC-PC Operating Account,03/22/2023,,Cash-ATC-PC Operating Account
,Cash-ATC-PC Operating Account,03/22/2023,,Due to Client
,Cash-ATC-PC Operating Account,03/22/2023,,Cash-ATC-PC Operating Account
,Cash-ATC-PC Operating Account,03/22/2023,,Undeposited Funds-1
,Cash-ATC-PC Operating Account,11/01/2023,,Cash-ATC-PC Operating Account
,Cash-ATC-PC Operating Account,11/01/2023,,Accounts Receivable
James Turner,,,,
,Cash-ATC-PC Operating Account,11/09/2022,MyCase Payment,Cash-ATC-PC Operating Account
,Cash-ATC-PC Operating Account,11/09/2022,,Accounts Receivable
,Cash-ATC-PC Operating Account,11/09/2022,,Cash-ATC-PC Operating Account
,Cash-ATC-PC Operating Account,11/09/2022,,Due to Client
,Cash-ATC-PC Operating Account,11/09/2022,,ADK Retainer Account
,Cash-ATC-PC Operating Account,11/09/2022,MyCase Payment,Undeposited Funds-1
,Cash-ATC-PC Operating Account,11/09/2022,,Cash-ATC-PC Operating Account
,Cash-ATC-PC Operating Account,11/09/2022,,Due to Client
,Cash-ATC-PC Operating Account,11/09/2022,,ADK Retainer Account
,Cash-ATC-PC Operating Account,11/09/2022,,Undeposited Funds-1
,Cash-ATC-PC Operating Account,01/10/2023,,Cash-ATC-PC Operating Account
,Cash-ATC-PC Operating Account,01/10/2023,,Due to Client
,Cash-ATC-PC Operating Account,01/10/2023,,ADK Retainer Account
,Cash-ATC-PC Operating Account,01/10/2023,,Undeposited Funds-1
,Cash-ATC-PC Operating Account,02/17/2023,,Cash-ATC-PC Operating Account
,Cash-ATC-PC Operating Account,02/17/2023,,Undeposited Funds-1
,Cash-ATC-PC Operating Account,04/21/2023,Deposit,Cash-ATC-PC Operating Account
,Cash-ATC-PC Operating Account,04/21/2023,Deposit,Due to Client
,Cash-ATC-PC Operating Account,06/07/2023,,Cash-ATC-PC Operating Account
,Cash-ATC-PC Operating Account,06/07/2023,,Due to Client
,Cash-ATC-PC Operating Account,06/07/2023,,ADK Retainer Account
,Cash-ATC-PC Operating Account,06/07/2023,,Undeposited Funds-1
,Cash-ATC-PC Operating Account,06/07/2023,,Undeposited Funds-1
,Cash-ATC-PC Operating Account,08/10/2023,,Cash-ATC-PC Operating Account
,Cash-ATC-PC Operating Account,08/10/2023,,Accounts Receivable
,Cash-ATC-PC Operating Account,08/23/2023,,Cash-ATC-PC Operating Account
,Cash-ATC-PC Operating Account,08/23/2023,,Due to Client
,Cash-ATC-PC Operating Account,08/23/2023,,ADK Retainer Account
,Cash-ATC-PC Operating Account,08/23/2023,,Undeposited Funds-1
Warren County Clerk,,,,
,Cash-ATC-PC Operating Account,11/09/2022,,Cash-ATC-PC Operating Account
,Cash-ATC-PC Operating Account,11/09/2022,,filing fees
,Cash-ATC-PC Operating Account,11/09/2022,,Cash-ATC-PC Operating Account
,Cash-ATC-PC Operating Account,11/09/2022,,filing fees
,Cash-ATC-PC Operating Account,02/14/2023,,Cash-ATC-PC Operating Account
,Cash-ATC-PC Operating Account,02/14/2023,,filing fees
Spring Nails Salon,,,,
,Cash-ATC-PC Operating Account,12/21/2022,,Cash-ATC-PC Operating Account
,Cash-ATC-PC Operating Account,12/21/2022,,Shareholder Distribution
Jason Leboeuf,,,,
,Cash-ATC-PC Operating Account,12/22/2022,,Cash-ATC-PC Operating Account
,Cash-ATC-PC Operating Account,12/22/2022,client paid in cash which Julie kept,Shareholder Distribution
,Cash-ATC-PC Operating Account,12/22/2022,,Undeposited Funds-1
,Cash-ATC-PC Operating Account,01/09/2023,,Cash-ATC-PC Operating Account
,Cash-ATC-PC Operating Account,01/09/2023,,Due to Client
,Cash-ATC-PC Operating Account,01/09/2023,,ADK Retainer Account
,Cash-ATC-PC Operating Account,01/09/2023,,Undeposited Funds-1
,Cash-ATC-PC Operating Account,02/13/2023,,Cash-ATC-PC Operating Account
,Cash-ATC-PC Operating Account,02/13/2023,,Due to Client
,Cash-ATC-PC Operating Account,02/13/2023,,ADK Retainer Account
,Cash-ATC-PC Operating Account,02/13/2023,,Undeposited Funds-1
,Cash-ATC-PC Operating Account,10/19/2023,,Cash-ATC-PC Operating Account
,Cash-ATC-PC Operating Account,10/19/2023,,Due to Client
,Cash-ATC-PC Operating Account,10/19/2023,,ADK Retainer Account
,Cash-ATC-PC Operating Account,10/19/2023,,Undeposited Funds-1
,Cash-ATC-PC Operating Account,12/01/2023,,Cash-ATC-PC Operating Account
,Cash-ATC-PC Operating Account,12/01/2023,,Due to Client
,Cash-ATC-PC Operating Account,12/01/2023,,ADK Retainer Account
,Cash-ATC-PC Operating Account,12/01/2023,,Undeposited Funds-1
,Cash-ATC-PC Operating Account,07/02/2024,MYCASE/Funds Disb MyCase,Cash-ATC-PC Operating Account
,Cash-ATC-PC Operating Account,07/02/2024,MYCASE/Funds Disb MyCase,Legal Fee Income
,Cash-ATC-PC Operating Account,07/05/2024,MyCase/WEB PMTS The Law Office of Juli,Cash-ATC-PC Operating Account
,Cash-ATC-PC Operating Account,07/05/2024,MyCase/WEB PMTS The Law Office of Juli,Prepaid Client expenses
,Cash-ATC-PC Operating Account,08/20/2024,MYCASE/Funds Disb MyCase,Cash-ATC-PC Operating Account
,Cash-ATC-PC Operating Account,08/20/2024,MYCASE/Funds Disb MyCase,Legal Fee Income
,Cash-ATC-PC Operating Account,08/22/2024,MyCase/WEB PMTS The Law Office of Juli,Cash-ATC-PC Operating Account
,Cash-ATC-PC Operating Account,08/22/2024,MyCase/WEB PMTS The Law Office of Juli,Prepaid Client expenses
,Cash-ATC-PC Operating Account,09/17/2024,MYCASE/Funds Disb MyCase,Cash-ATC-PC Operating Account
,Cash-ATC-PC Operating Account,09/17/2024,MYCASE/Funds Disb MyCase,Legal Fee Income
,Cash-ATC-PC Operating Account,09/19/2024,MyCase/WEB PMTS The Law Office of Juli,Cash-ATC-PC Operating Account
,Cash-ATC-PC Operating Account,09/19/2024,MyCase/WEB PMTS The Law Office of Juli,Prepaid Client expenses
,Cash-ATC-PC Operating Account,10/16/2024,MYCASE/Funds Disb MyCase,Cash-ATC-PC Operating Account
,Cash-ATC-PC Operating Account,10/16/2024,MYCASE/Funds Disb MyCase,Legal Fee Income
,Cash-ATC-PC Operating Account,10/17/2024,MyCase/WEB PMTS The Law Office of Juli,Cash-ATC-PC Operating Account
,Cash-ATC-PC Operating Account,10/17/2024,MyCase/WEB PMTS The Law Office of Juli,Prepaid Client expenses
,Cash-ATC-PC Operating Account,11/04/2024,MYCASE/Funds Disb MyCase,Cash-ATC-PC Operating Account
,Cash-ATC-PC Operating Account,11/04/2024,MYCASE/Funds Disb MyCase,Legal Fee Income
,Cash-ATC-PC Operating Account,11/06/2024,MyCase/WEB PMTS The Law Office of Juli,Cash-ATC-PC Operating Account
,Cash-ATC-PC Operating Account,11/06/2024,MyCase/WEB PMTS The Law Office of Juli,Prepaid Client expenses
Christopher Greco,,,,
,Cash-ATC-PC Operating Account,12/28/2022,,Cash-ATC-PC Operating Account
,Cash-ATC-PC Operating Account,12/28/2022,,Undeposited Funds-1
Gary Reed,,,,
,Cash-ATC-PC Operating Account,12/28/2022,,Cash-ATC-PC Operating Account
,Cash-ATC-PC Operating Account,12/28/2022,,Undeposited Funds-1
,Cash-ATC-PC Operating Account,02/08/2023,,Cash-ATC-PC Operating Account
,Cash-ATC-PC Operating Account,02/08/2023,,Due to Client
,Cash-ATC-PC Operating Account,02/08/2023,,ADK Retainer Account
,Cash-ATC-PC Operating Account,02/08/2023,,Undeposited Funds-1
,Cash-ATC-PC Operating Account,04/20/2023,,Cash-ATC-PC Operating Account
,Cash-ATC-PC Operating Account,04/20/2023,,Due to Client
,Cash-ATC-PC Operating Account,04/20/2023,,ADK Retainer Account
,Cash-ATC-PC Operating Account,04/20/2023,,Undeposited Funds-1
,Cash-ATC-PC Operating Account,08/23/2023,,Cash-ATC-PC Operating Account
,Cash-ATC-PC Operating Account,08/23/2023,,Due to Client
,Cash-ATC-PC Operating Account,08/23/2023,,ADK Retainer Account
,Cash-ATC-PC Operating Account,08/23/2023,,Undeposited Funds-1
,Cash-ATC-PC Operating Account,08/23/2023,,Cash-ATC-PC Operating Account
,Cash-ATC-PC Operating Account,08/23/2023,,Due to Client
,Cash-ATC-PC Operating Account,08/23/2023,,ADK Retainer Account
,Cash-ATC-PC Operating Account,08/23/2023,,Undeposited Funds-1
Capitaland Motors,,,,
,Cash-ATC-PC Operating Account,12/30/2022,,Cash-ATC-PC Operating Account
,Cash-ATC-PC Operating Account,12/30/2022,GMC Yukon XL,Vehicles
,Cash-ATC-PC Operating Account,12/30/2022,,Vehicle Expense
Shane Wallimann,,,,
,Cash-ATC-PC Operating Account,01/09/2023,,Cash-ATC-PC Operating Account
,Cash-ATC-PC Operating Account,01/09/2023,,Due to Client
,Cash-ATC-PC Operating Account,01/09/2023,,ADK Retainer Account
,Cash-ATC-PC Operating Account,01/09/2023,,Undeposited Funds-1
,Cash-ATC-PC Operating Account,01/27/2023,,Cash-ATC-PC Operating Account
,Cash-ATC-PC Operating Account,01/27/2023,,Due to Client
,Cash-ATC-PC Operating Account,01/27/2023,,ADK Retainer Account
,Cash-ATC-PC Operating Account,01/27/2023,,Undeposited Funds-1
,Cash-ATC-PC Operating Account,03/03/2023,,Cash-ATC-PC Operating Account
,Cash-ATC-PC Operating Account,03/03/2023,,Due to Client
,Cash-ATC-PC Operating Account,03/03/2023,,ADK Retainer Account
,Cash-ATC-PC Operating Account,03/03/2023,,Undeposited Funds-1
,Cash-ATC-PC Operating Account,03/31/2023,,Cash-ATC-PC Operating Account
,Cash-ATC-PC Operating Account,03/31/2023,,Undeposited Funds-1
,Cash-ATC-PC Operating Account,04/20/2023,,Cash-ATC-PC Operating Account
,Cash-ATC-PC Operating Account,04/20/2023,,Due to Client
,Cash-ATC-PC Operating Account,04/20/2023,,ADK Retainer Account
,Cash-ATC-PC Operating Account,04/20/2023,,Undeposited Funds-1
,Cash-ATC-PC Operating Account,05/17/2023,,Cash-ATC-PC Operating Account
,Cash-ATC-PC Operating Account,05/17/2023,,Undeposited Funds-1
Nicole LaFayette,,,,
,Cash-ATC-PC Operating Account,01/10/2023,,Cash-ATC-PC Operating Account
,Cash-ATC-PC Operating Account,01/10/2023,,Due to Client
,Cash-ATC-PC Operating Account,01/10/2023,,ADK Retainer Account
,Cash-ATC-PC Operating Account,01/10/2023,,Undeposited Funds-1
,Cash-ATC-PC Operating Account,02/10/2023,,Cash-ATC-PC Operating Account
,Cash-ATC-PC Operating Account,02/10/2023,,Due to Client
,Cash-ATC-PC Operating Account,02/10/2023,,ADK Retainer Account
,Cash-ATC-PC Operating Account,02/10/2023,,Undeposited Funds-1
,Cash-ATC-PC Operating Account,03/21/2023,,Cash-ATC-PC Operating Account
,Cash-ATC-PC Operating Account,03/21/2023,,Due to Client
,Cash-ATC-PC Operating Account,03/21/2023,,ADK Retainer Account
,Cash-ATC-PC Operating Account,03/21/2023,,Undeposited Funds-1
,Cash-ATC-PC Operating Account,06/03/2024,MYCASE/Funds Disb MyCase,Cash-ATC-PC Operating Account
,Cash-ATC-PC Operating Account,06/03/2024,MYCASE/Funds Disb MyCase,Legal Fee Income
,Cash-ATC-PC Operating Account,06/05/2024,MyCase/WEB PMTS The Law Office of Juli,Cash-ATC-PC Operating Account
,Cash-ATC-PC Operating Account,06/05/2024,MyCase/WEB PMTS The Law Office of Juli,Prepaid Client expenses
,Cash-ATC-PC Operating Account,06/13/2024,MyCase/WEB PMTS The Law Office of Juli,Cash-ATC-PC Operating Account
,Cash-ATC-PC Operating Account,06/13/2024,MyCase/WEB PMTS The Law Office of Juli,Prepaid Client expenses
,Cash-ATC-PC Operating Account,07/05/2024,MYCASE/Funds Disb MyCase,Cash-ATC-PC Operating Account
,Cash-ATC-PC Operating Account,07/05/2024,MYCASE/Funds Disb MyCase,Legal Fee Income
,Cash-ATC-PC Operating Account,07/08/2024,MyCase/WEB PMTS The Law Office of Juli,Cash-ATC-PC Operating Account
,Cash-ATC-PC Operating Account,07/08/2024,MyCase/WEB PMTS The Law Office of Juli,Prepaid Client expenses
,Cash-ATC-PC Operating Account,08/02/2024,MYCASE/Funds Disb MyCase,Cash-ATC-PC Operating Account
,Cash-ATC-PC Operating Account,08/02/2024,MYCASE/Funds Disb MyCase,Legal Fee Income
,Cash-ATC-PC Operating Account,08/06/2024,MyCase/WEB PMTS The Law Office of Juli,Cash-ATC-PC Operating Account
,Cash-ATC-PC Operating Account,08/06/2024,MyCase/WEB PMTS The Law Office of Juli,Prepaid Client expenses
Spa Cafe On Broadway,,,,
,Cash-ATC-PC Operating Account,01/12/2023,,Cash-ATC-PC Operating Account
,Cash-ATC-PC Operating Account,01/12/2023,,Meals and Entertainment
,Cash-ATC-PC Operating Account,10/20/2023,Teller Check 3013  5/26-9/13,Cash-ATC-PC Operating Account
,Cash-ATC-PC Operating Account,10/20/2023,Teller Check 3013  5/26-9/13,Meals and Entertainment
Kimberly Trapani,,,,
,Cash-ATC-PC Operating Account,03/16/2023,,Cash-ATC-PC Operating Account
,Cash-ATC-PC Operating Account,03/16/2023,,Due to Client
,Cash-ATC-PC Operating Account,03/16/2023,,ADK Retainer Account
,Cash-ATC-PC Operating Account,03/16/2023,,Undeposited Funds-1
,Cash-ATC-PC Operating Account,03/16/2023,,Cash-ATC-PC Operating Account
,Cash-ATC-PC Operating Account,03/16/2023,,Due to Client
,Cash-ATC-PC Operating Account,03/16/2023,,ADK Retainer Account
,Cash-ATC-PC Operating Account,03/16/2023,,Undeposited Funds-1
,Cash-ATC-PC Operating Account,04/24/2023,,Cash-ATC-PC Operating Account
,Cash-ATC-PC Operating Account,04/24/2023,,Due to Client
,Cash-ATC-PC Operating Account,04/24/2023,,ADK Retainer Account
,Cash-ATC-PC Operating Account,04/24/2023,,Undeposited Funds-1
,Cash-ATC-PC Operating Account,12/05/2023,,Cash-ATC-PC Operating Account
,Cash-ATC-PC Operating Account,12/05/2023,,Accounts Receivable
,Cash-ATC-PC Operating Account,12/07/2023,MyCase/WEB PMTS The Law Office of Juli,Cash-ATC-PC Operating Account
,Cash-ATC-PC Operating Account,12/07/2023,MyCase/WEB PMTS The Law Office of Juli,Prepaid Client expenses
,Cash-ATC-PC Operating Account,12/11/2023,MyCase/WEB PMTS The Law Office of Juli,Cash-ATC-PC Operating Account
,Cash-ATC-PC Operating Account,12/11/2023,MyCase/WEB PMTS The Law Office of Juli,Prepaid Client expenses
Saratoga County Treasurer,,,,
,Cash-ATC-PC Operating Account,03/29/2023,Check 2932 - 14 bennington loop,Cash-ATC-PC Operating Account
,Cash-ATC-PC Operating Account,03/29/2023,Check 2932 - 14 bennington loop,Prepaid Client expenses
Melissa Schreifels,,,,
,Cash-ATC-PC Operating Account,03/29/2023,MyCase/WEB PMTS The Law Office of Juli,Cash-ATC-PC Operating Account
,Cash-ATC-PC Operating Account,03/29/2023,MyCase/WEB PMTS The Law Office of Juli,Prepaid Client expenses
,Cash-ATC-PC Operating Account,06/07/2023,,Cash-ATC-PC Operating Account
,Cash-ATC-PC Operating Account,06/07/2023,,Due to Client
,Cash-ATC-PC Operating Account,06/07/2023,,ADK Retainer Account
,Cash-ATC-PC Operating Account,06/07/2023,,Undeposited Funds-1
Fidelis,,,,
,Cash-ATC-PC Operating Account,04/19/2023,New York Quality/Fidelis Ca Katherine Haynes,Cash-ATC-PC Operating Account
,Cash-ATC-PC Operating Account,04/19/2023,New York Quality/Fidelis Ca Katherine Haynes,Health Insurance
,Cash-ATC-PC Operating Account,05/15/2023,New York Quality/Fidelis Ca Katherine Haynes,Cash-ATC-PC Operating Account
,Cash-ATC-PC Operating Account,05/15/2023,New York Quality/Fidelis Ca Katherine Haynes,Health Insurance
,Cash-ATC-PC Operating Account,06/05/2023,New York Quality/Fidelis Ca of Julie M. Frances PC,Cash-ATC-PC Operating Account
,Cash-ATC-PC Operating Account,06/05/2023,New York Quality/Fidelis Ca of Julie M. Frances PC,Health Insurance
,Cash-ATC-PC Operating Account,07/11/2023,New York Quality/Fidelis Ca Katherine Haynes,Cash-ATC-PC Operating Account
,Cash-ATC-PC Operating Account,07/11/2023,New York Quality/Fidelis Ca Katherine Haynes,Health Insurance
,Cash-ATC-PC Operating Account,08/11/2023,New York Quality/Fidelis Ca ice of Julie M Frances,Cash-ATC-PC Operating Account
,Cash-ATC-PC Operating Account,08/11/2023,New York Quality/Fidelis Ca ice of Julie M Frances,Health Insurance
,Cash-ATC-PC Operating Account,10/18/2023,New York Quality/Fidelis Ca Julie M. Frances P.C.,Cash-ATC-PC Operating Account
,Cash-ATC-PC Operating Account,10/18/2023,New York Quality/Fidelis Ca Julie M. Frances P.C.,Health Insurance
Paul Ludwig,,,,
,Cash-ATC-PC Operating Account,04/24/2023,,Cash-ATC-PC Operating Account
,Cash-ATC-PC Operating Account,04/24/2023,,Due to Client
,Cash-ATC-PC Operating Account,04/24/2023,,ADK Retainer Account
,Cash-ATC-PC Operating Account,04/24/2023,,Undeposited Funds-1
,Cash-ATC-PC Operating Account,05/24/2023,MyCase/WEB PMTS The Law Office of Juli,Cash-ATC-PC Operating Account
,Cash-ATC-PC Operating Account,05/24/2023,MyCase/WEB PMTS The Law Office of Juli,Prepaid Client expenses
,Cash-ATC-PC Operating Account,06/07/2023,,Cash-ATC-PC Operating Account
,Cash-ATC-PC Operating Account,06/07/2023,,Due to Client
,Cash-ATC-PC Operating Account,06/07/2023,,ADK Retainer Account
,Cash-ATC-PC Operating Account,06/07/2023,,Undeposited Funds-1
,Cash-ATC-PC Operating Account,07/28/2023,,Cash-ATC-PC Operating Account
,Cash-ATC-PC Operating Account,07/28/2023,,Undeposited Funds-1
,Cash-ATC-PC Operating Account,08/01/2023,MyCase/WEB PMTS The Law Office of Juli,Cash-ATC-PC Operating Account
,Cash-ATC-PC Operating Account,08/01/2023,MyCase/WEB PMTS The Law Office of Juli,Prepaid Client expenses
,Cash-ATC-PC Operating Account,03/08/2024,MYCASE/Funds Disb MyCase,Cash-ATC-PC Operating Account
,Cash-ATC-PC Operating Account,03/08/2024,MYCASE/Funds Disb MyCase,Legal Fee Income
,Cash-ATC-PC Operating Account,03/12/2024,MyCase/WEB PMTS The Law Office of Juli,Cash-ATC-PC Operating Account
,Cash-ATC-PC Operating Account,03/12/2024,MyCase/WEB PMTS The Law Office of Juli,Prepaid expenses
Charles and Mary Lou Wheeler,,,,
,Cash-ATC-PC Operating Account,04/26/2023,,Cash-ATC-PC Operating Account
,Cash-ATC-PC Operating Account,04/26/2023,,Prepaid Client expenses
,Cash-ATC-PC Operating Account,05/19/2023,MyCase/WEB PMTS The Law Office of Juli,Cash-ATC-PC Operating Account
,Cash-ATC-PC Operating Account,05/19/2023,MyCase/WEB PMTS The Law Office of Juli,Prepaid Client expenses
"Mertzlofft, Leanne_C",,,,
,Cash-ATC-PC Operating Account,04/26/2023,,Cash-ATC-PC Operating Account
,Cash-ATC-PC Operating Account,04/26/2023,,Prepaid Client expenses
Katherine J. Holmes,,,,
,Cash-ATC-PC Operating Account,04/28/2023,Teller Check,Cash-ATC-PC Operating Account
,Cash-ATC-PC Operating Account,04/28/2023,Teller Check,Office Supplies:Telephone & Internet Expense
,Cash-ATC-PC Operating Account,06/02/2023,Teller Check,Cash-ATC-PC Operating Account
,Cash-ATC-PC Operating Account,06/02/2023,Teller Check,Office Supplies:Telephone & Internet Expense
,Cash-ATC-PC Operating Account,07/10/2023,Teller Check,Cash-ATC-PC Operating Account
,Cash-ATC-PC Operating Account,07/10/2023,Teller Check,Office Supplies:Telephone & Internet Expense
,Cash-ATC-PC Operating Account,08/15/2023,KJH August phobe TO: DDXXXX0727,Cash-ATC-PC Operating Account
,Cash-ATC-PC Operating Account,08/15/2023,KJH August phobe TO: DDXXXX0727,Office Supplies:Telephone & Internet Expense
,Cash-ATC-PC Operating Account,09/22/2023,KJH Sept cell phone reimbursement TO: DD XXXX0727,Cash-ATC-PC Operating Account
,Cash-ATC-PC Operating Account,09/22/2023,KJH Sept cell phone reimbursement TO: DD XXXX0727,Office Supplies:Telephone & Internet Expense
,Cash-ATC-PC Operating Account,12/07/2023,KJH December phone bill TO: DDXXXX0727,Cash-ATC-PC Operating Account
,Cash-ATC-PC Operating Account,12/07/2023,KJH December phone bill TO: DDXXXX0727,Office Supplies:Telephone & Internet Expense
,Cash-ATC-PC Operating Account,01/24/2024,KJH phone TO: DDXXXX0727,Cash-ATC-PC Operating Account
,Cash-ATC-PC Operating Account,01/24/2024,KJH phone TO: DDXXXX0727,Office Supplies:Telephone & Internet Expense
George Parker,,,,
,Cash-ATC-PC Operating Account,05/04/2023,MyCase/WEB PMTS The Law Office of Juli,Cash-ATC-PC Operating Account
,Cash-ATC-PC Operating Account,05/04/2023,MyCase/WEB PMTS The Law Office of Juli,Prepaid Client expenses
,Cash-ATC-PC Operating Account,06/07/2023,,Cash-ATC-PC Operating Account
,Cash-ATC-PC Operating Account,06/07/2023,,Due to Client
,Cash-ATC-PC Operating Account,06/07/2023,,ADK Retainer Account
,Cash-ATC-PC Operating Account,06/07/2023,,Undeposited Funds-1
,Cash-ATC-PC Operating Account,06/29/2023,,Cash-ATC-PC Operating Account
,Cash-ATC-PC Operating Account,06/29/2023,,Due to Client
,Cash-ATC-PC Operating Account,06/29/2023,,ADK Retainer Account
,Cash-ATC-PC Operating Account,06/29/2023,,Undeposited Funds-1
,Cash-ATC-PC Operating Account,08/10/2023,,Cash-ATC-PC Operating Account
,Cash-ATC-PC Operating Account,08/10/2023,,Due to Client
,Cash-ATC-PC Operating Account,08/10/2023,,ADK Retainer Account
,Cash-ATC-PC Operating Account,08/10/2023,,Undeposited Funds-1
,Cash-ATC-PC Operating Account,08/10/2023,,Cash-ATC-PC Operating Account
,Cash-ATC-PC Operating Account,08/10/2023,,Due to Client
,Cash-ATC-PC Operating Account,08/10/2023,,ADK Retainer Account
,Cash-ATC-PC Operating Account,08/10/2023,,Undeposited Funds-1
,Cash-ATC-PC Operating Account,09/18/2023,,Cash-ATC-PC Operating Account
,Cash-ATC-PC Operating Account,09/18/2023,,Due to Client
,Cash-ATC-PC Operating Account,09/18/2023,,ADK Retainer Account
,Cash-ATC-PC Operating Account,09/18/2023,,Undeposited Funds-1
,Cash-ATC-PC Operating Account,10/19/2023,,Cash-ATC-PC Operating Account
,Cash-ATC-PC Operating Account,10/19/2023,,Due to Client
,Cash-ATC-PC Operating Account,10/19/2023,,ADK Retainer Account
,Cash-ATC-PC Operating Account,10/19/2023,,Undeposited Funds-1
,Cash-ATC-PC Operating Account,10/25/2023,MyCase/WEB PMTS The Law Office of Juli,Cash-ATC-PC Operating Account
,Cash-ATC-PC Operating Account,10/25/2023,MyCase/WEB PMTS The Law Office of Juli,Prepaid Client expenses
,Cash-ATC-PC Operating Account,03/28/2024,24-03-28 Parker Pay Inv. 20042 FROM: DDX XXX2666,Cash-ATC-PC Operating Account
,Cash-ATC-PC Operating Account,03/28/2024,inv 20042,Legal Fee Income
,Cash-ATC-PC Operating Account,03/28/2024,24-03-28 Parker Pay Inv. 20042 FROM: DDX XXX2666,Due to Client
,Cash-ATC-PC Operating Account,03/28/2024,24-03-28 Parker Pay Inv. 20042 FROM: DDX XXX2666,ADK Retainer Account
,Cash-ATC-PC Operating Account,04/08/2024,MYCASE/Funds Disb MyCase,Cash-ATC-PC Operating Account
,Cash-ATC-PC Operating Account,04/08/2024,MYCASE/Funds Disb MyCase,Legal Fee Income
,Cash-ATC-PC Operating Account,04/10/2024,MyCase/WEB PMTS The Law Office of Juli,Cash-ATC-PC Operating Account
,Cash-ATC-PC Operating Account,04/10/2024,MyCase/WEB PMTS The Law Office of Juli,Prepaid expenses
,Cash-ATC-PC Operating Account,05/13/2024,MYCASE/Funds Disb MyCase,Cash-ATC-PC Operating Account
,Cash-ATC-PC Operating Account,05/13/2024,MYCASE/Funds Disb MyCase,Legal Fee Income
,Cash-ATC-PC Operating Account,05/15/2024,MyCase/WEB PMTS The Law Office of Juli,Cash-ATC-PC Operating Account
,Cash-ATC-PC Operating Account,05/15/2024,MyCase/WEB PMTS The Law Office of Juli,Prepaid Client expenses
,Cash-ATC-PC Operating Account,07/29/2024,Deposit,Cash-ATC-PC Operating Account
,Cash-ATC-PC Operating Account,07/29/2024,Deposit,Legal Fee Income
,Cash-ATC-PC Operating Account,10/10/2024,MYCASE/Funds Disb MyCase inv 20086,Cash-ATC-PC Operating Account
,Cash-ATC-PC Operating Account,10/10/2024,MYCASE/Funds Disb MyCase inv 20086,Legal Fee Income
,Cash-ATC-PC Operating Account,10/15/2024,MyCase/WEB PMTS The Law Office of Juli,Cash-ATC-PC Operating Account
,Cash-ATC-PC Operating Account,10/15/2024,MyCase/WEB PMTS The Law Office of Juli,Prepaid Client expenses
Cash,,,,
,Cash-ATC-PC Operating Account,05/10/2023,Check 2950,Cash-ATC-PC Operating Account
,Cash-ATC-PC Operating Account,05/10/2023,Check 2950,Shareholder Distribution
Daniel Sullivan,,,,
,Cash-ATC-PC Operating Account,05/31/2023,MyCase/WEB PMTS The Law Office of Juli,Cash-ATC-PC Operating Account
,Cash-ATC-PC Operating Account,05/31/2023,MyCase/WEB PMTS The Law Office of Juli,Prepaid Client expenses
,Cash-ATC-PC Operating Account,08/23/2023,,Cash-ATC-PC Operating Account
,Cash-ATC-PC Operating Account,08/23/2023,,Due to Client
,Cash-ATC-PC Operating Account,08/23/2023,,ADK Retainer Account
,Cash-ATC-PC Operating Account,08/23/2023,,Undeposited Funds-1
,Cash-ATC-PC Operating Account,10/19/2023,,Cash-ATC-PC Operating Account
,Cash-ATC-PC Operating Account,10/19/2023,,Due to Client
,Cash-ATC-PC Operating Account,10/19/2023,,ADK Retainer Account
,Cash-ATC-PC Operating Account,10/19/2023,,Undeposited Funds-1
,Cash-ATC-PC Operating Account,10/19/2023,,Cash-ATC-PC Operating Account
,Cash-ATC-PC Operating Account,10/19/2023,,Due to Client
,Cash-ATC-PC Operating Account,10/19/2023,,ADK Retainer Account
,Cash-ATC-PC Operating Account,10/19/2023,,Undeposited Funds-1
,Cash-ATC-PC Operating Account,10/19/2023,,Cash-ATC-PC Operating Account
,Cash-ATC-PC Operating Account,10/19/2023,,Due to Client
,Cash-ATC-PC Operating Account,10/19/2023,,ADK Retainer Account
,Cash-ATC-PC Operating Account,10/19/2023,,Undeposited Funds-1
,Cash-ATC-PC Operating Account,11/21/2023,,Cash-ATC-PC Operating Account
,Cash-ATC-PC Operating Account,11/21/2023,,Due to Client
,Cash-ATC-PC Operating Account,11/21/2023,,ADK Retainer Account
,Cash-ATC-PC Operating Account,11/21/2023,,Undeposited Funds-1
,Cash-ATC-PC Operating Account,11/27/2023,MyCase/WEB PMTS The Law Office of Juli,Cash-ATC-PC Operating Account
,Cash-ATC-PC Operating Account,11/27/2023,MyCase/WEB PMTS The Law Office of Juli,Prepaid Client expenses
,Cash-ATC-PC Operating Account,02/02/2024,24-02-02 Sullivan payment Inv20010 FROM: DDXXXX2666,Cash-ATC-PC Operating Account
,Cash-ATC-PC Operating Account,02/02/2024,24-02-02 Sullivan payment Inv20010 FROM: DDXXXX2666,Legal Fee Income
,Cash-ATC-PC Operating Account,02/02/2024,24-02-02 Sullivan payment Inv20010 FROM: DDXXXX2666,Prepaid Client expenses
,Cash-ATC-PC Operating Account,02/02/2024,24-02-02 Sullivan payment Inv20010 FROM: DDXXXX2666,Due to Client
,Cash-ATC-PC Operating Account,02/02/2024,24-02-02 Sullivan payment Inv20010 FROM: DDXXXX2666,ADK Retainer Account
,Cash-ATC-PC Operating Account,02/14/2024,MyCase/WEB PMTS The Law Office of Juli,Cash-ATC-PC Operating Account
,Cash-ATC-PC Operating Account,02/14/2024,MyCase/WEB PMTS The Law Office of Juli,Prepaid expenses
,Cash-ATC-PC Operating Account,03/19/2024,24-03-19 Sullivan pay 20038 FROM: DDXXXX 2666,Cash-ATC-PC Operating Account
,Cash-ATC-PC Operating Account,03/19/2024,24-03-19 Sullivan pay 20038 FROM: DDXXXX 2666,Legal Fee Income
,Cash-ATC-PC Operating Account,03/19/2024,24-03-19 Sullivan pay 20038 FROM: DDXXXX 2666,Due to Client
,Cash-ATC-PC Operating Account,03/19/2024,24-03-19 Sullivan pay 20038 FROM: DDXXXX 2666,ADK Retainer Account
,Cash-ATC-PC Operating Account,03/19/2024,24-03-19 Sullivan pay Inv 20038 FROM: DD XXXX2666,Cash-ATC-PC Operating Account
,Cash-ATC-PC Operating Account,03/19/2024,Inv 20010,Legal Fee Income
,Cash-ATC-PC Operating Account,03/19/2024,24-03-19 Sullivan pay Inv 20038 FROM: DD XXXX2666,Due to Client
,Cash-ATC-PC Operating Account,03/19/2024,24-03-19 Sullivan pay Inv 20038 FROM: DD XXXX2666,ADK Retainer Account
,Cash-ATC-PC Operating Account,03/25/2024,MyCase/WEB PMTS The Law Office of Juli,Cash-ATC-PC Operating Account
,Cash-ATC-PC Operating Account,03/25/2024,MyCase/WEB PMTS The Law Office of Juli,Prepaid expenses
,Cash-ATC-PC Operating Account,07/22/2024,Sullivan Pay Inv 20064 FROM: DDXXXX2666,Cash-ATC-PC Operating Account
,Cash-ATC-PC Operating Account,07/22/2024,inv 20064,Legal Fee Income
,Cash-ATC-PC Operating Account,07/22/2024,Sullivan Pay Inv 20064 FROM: DDXXXX2666,Due to Client
,Cash-ATC-PC Operating Account,07/22/2024,Sullivan Pay Inv 20064 FROM: DDXXXX2666,ADK Retainer Account
,Cash-ATC-PC Operating Account,07/30/2024,EI PAY Sullivan Inv 20067 FROM: DDXXXX26 66,Cash-ATC-PC Operating Account
,Cash-ATC-PC Operating Account,07/30/2024,inv 20067,Legal Fee Income
,Cash-ATC-PC Operating Account,07/30/2024,EI PAY Sullivan Inv 20067 FROM: DDXXXX26 66,Due to Client
,Cash-ATC-PC Operating Account,07/30/2024,EI PAY Sullivan Inv 20067 FROM: DDXXXX26 66,ADK Retainer Account
,Cash-ATC-PC Operating Account,07/30/2024,MyCase/WEB PMTS The Law Office of Juli,Cash-ATC-PC Operating Account
,Cash-ATC-PC Operating Account,07/30/2024,MyCase/WEB PMTS The Law Office of Juli,Prepaid Client expenses
Jo A Shuh,,,,
,Cash-ATC-PC Operating Account,06/01/2023,,Cash-ATC-PC Operating Account
,Cash-ATC-PC Operating Account,06/01/2023,,Sales
,Cash-ATC-PC Operating Account,06/20/2023,,Cash-ATC-PC Operating Account
,Cash-ATC-PC Operating Account,06/20/2023,,Due to Client
,Cash-ATC-PC Operating Account,06/20/2023,,ADK Retainer Account
,Cash-ATC-PC Operating Account,06/20/2023,,Undeposited Funds-1
Mark Dempsey,,,,
,Cash-ATC-PC Operating Account,06/02/2023,,Cash-ATC-PC Operating Account
,Cash-ATC-PC Operating Account,06/02/2023,,Due to Client
,Cash-ATC-PC Operating Account,06/02/2023,,ADK Retainer Account
,Cash-ATC-PC Operating Account,06/02/2023,,Undeposited Funds-1
,Cash-ATC-PC Operating Account,06/16/2023,,Cash-ATC-PC Operating Account
,Cash-ATC-PC Operating Account,06/16/2023,,Due to Client
,Cash-ATC-PC Operating Account,06/16/2023,,ADK Retainer Account
,Cash-ATC-PC Operating Account,06/16/2023,,Undeposited Funds-1
,Cash-ATC-PC Operating Account,08/10/2023,,Cash-ATC-PC Operating Account
,Cash-ATC-PC Operating Account,08/10/2023,,Due to Client
,Cash-ATC-PC Operating Account,08/10/2023,,ADK Retainer Account
,Cash-ATC-PC Operating Account,08/10/2023,,Undeposited Funds-1
,Cash-ATC-PC Operating Account,11/08/2023,,Cash-ATC-PC Operating Account
,Cash-ATC-PC Operating Account,11/08/2023,,Due to Client
,Cash-ATC-PC Operating Account,11/08/2023,,ADK Retainer Account
,Cash-ATC-PC Operating Account,11/08/2023,,Undeposited Funds-1
,Cash-ATC-PC Operating Account,02/09/2024,24-02-09 Dempsey payment inv 20013 FROM: DDXXXX2666,Cash-ATC-PC Operating Account
,Cash-ATC-PC Operating Account,02/09/2024,24-02-09 Dempsey payment inv 20013 FROM: DDXXXX2666,Legal Fee Income
,Cash-ATC-PC Operating Account,02/09/2024,24-02-09 Dempsey payment inv 20013 FROM: DDXXXX2666,Due to Client
,Cash-ATC-PC Operating Account,02/09/2024,24-02-09 Dempsey payment inv 20013 FROM: DDXXXX2666,ADK Retainer Account
,Cash-ATC-PC Operating Account,02/21/2024,MyCase/WEB PMTS The Law Office of Juli,Cash-ATC-PC Operating Account
,Cash-ATC-PC Operating Account,02/21/2024,MyCase/WEB PMTS The Law Office of Juli,Prepaid expenses
,Cash-ATC-PC Operating Account,05/23/2024,Dempsey invoice 20057 FROM: DDXXXX2666,Cash-ATC-PC Operating Account
,Cash-ATC-PC Operating Account,05/23/2024,inv 20057,Legal Fee Income
,Cash-ATC-PC Operating Account,05/23/2024,Dempsey invoice 20057 FROM: DDXXXX2666,Due to Client
,Cash-ATC-PC Operating Account,05/23/2024,Dempsey invoice 20057 FROM: DDXXXX2666,ADK Retainer Account
,Cash-ATC-PC Operating Account,05/23/2024,inv 20013,Legal Fee Income
Andrew Alexander,,,,
,Cash-ATC-PC Operating Account,06/08/2023,,Cash-ATC-PC Operating Account
,Cash-ATC-PC Operating Account,06/08/2023,,Due to Client
,Cash-ATC-PC Operating Account,06/08/2023,,ADK Retainer Account
,Cash-ATC-PC Operating Account,06/08/2023,,Undeposited Funds-1
Michelle Marlow,,,,
,Cash-ATC-PC Operating Account,06/08/2023,,Cash-ATC-PC Operating Account
,Cash-ATC-PC Operating Account,06/08/2023,,Due to Client
,Cash-ATC-PC Operating Account,06/08/2023,,ADK Retainer Account
,Cash-ATC-PC Operating Account,06/08/2023,,Undeposited Funds-1
,Cash-ATC-PC Operating Account,06/29/2023,,Cash-ATC-PC Operating Account
,Cash-ATC-PC Operating Account,06/29/2023,,Due to Client
,Cash-ATC-PC Operating Account,06/29/2023,,ADK Retainer Account
,Cash-ATC-PC Operating Account,06/29/2023,,Undeposited Funds-1
,Cash-ATC-PC Operating Account,06/29/2023,,Cash-ATC-PC Operating Account
,Cash-ATC-PC Operating Account,06/29/2023,,Due to Client
,Cash-ATC-PC Operating Account,06/29/2023,,ADK Retainer Account
,Cash-ATC-PC Operating Account,06/29/2023,,Undeposited Funds-1
,Cash-ATC-PC Operating Account,08/10/2023,,Cash-ATC-PC Operating Account
,Cash-ATC-PC Operating Account,08/10/2023,,Due to Client
,Cash-ATC-PC Operating Account,08/10/2023,,ADK Retainer Account
,Cash-ATC-PC Operating Account,08/10/2023,,Undeposited Funds-1
,Cash-ATC-PC Operating Account,08/10/2023,,Cash-ATC-PC Operating Account
,Cash-ATC-PC Operating Account,08/10/2023,,Due to Client
,Cash-ATC-PC Operating Account,08/10/2023,,ADK Retainer Account
,Cash-ATC-PC Operating Account,08/10/2023,,Undeposited Funds-1
,Cash-ATC-PC Operating Account,08/16/2023,,Cash-ATC-PC Operating Account
,Cash-ATC-PC Operating Account,08/16/2023,,Accounts Receivable
,Cash-ATC-PC Operating Account,08/30/2023,,Cash-ATC-PC Operating Account
,Cash-ATC-PC Operating Account,08/30/2023,,Accounts Receivable
"Burger, Sarah",,,,
,Cash-ATC-PC Operating Account,06/12/2023,,Cash-ATC-PC Operating Account
,Cash-ATC-PC Operating Account,06/12/2023,,Accounts Receivable
Rachel Farchione,,,,
,Cash-ATC-PC Operating Account,06/13/2023,,Cash-ATC-PC Operating Account
,Cash-ATC-PC Operating Account,06/13/2023,,Accounts Receivable
,Cash-ATC-PC Operating Account,06/15/2023,MyCase/WEB PMTS The Law Office of Juli,Cash-ATC-PC Operating Account
,Cash-ATC-PC Operating Account,06/15/2023,MyCase/WEB PMTS The Law Office of Juli,Prepaid Client expenses
,Cash-ATC-PC Operating Account,09/12/2023,,Cash-ATC-PC Operating Account
,Cash-ATC-PC Operating Account,09/12/2023,,Due to Client
,Cash-ATC-PC Operating Account,09/12/2023,,ADK Retainer Account
,Cash-ATC-PC Operating Account,09/12/2023,,Undeposited Funds-1
,Cash-ATC-PC Operating Account,11/08/2023,,Cash-ATC-PC Operating Account
,Cash-ATC-PC Operating Account,11/08/2023,,Due to Client
,Cash-ATC-PC Operating Account,11/08/2023,,ADK Retainer Account
,Cash-ATC-PC Operating Account,11/08/2023,,Undeposited Funds-1
,Cash-ATC-PC Operating Account,12/29/2023,,Cash-ATC-PC Operating Account
,Cash-ATC-PC Operating Account,12/29/2023,,Due to Client
,Cash-ATC-PC Operating Account,12/29/2023,,ADK Retainer Account
,Cash-ATC-PC Operating Account,12/29/2023,,Undeposited Funds-1
,Cash-ATC-PC Operating Account,01/19/2024,24-01-19-Farchione pay inv19988 FROM: DD XXXX2666,Cash-ATC-PC Operating Account
,Cash-ATC-PC Operating Account,01/19/2024,24-01-19-Farchione pay inv19988 FROM: DD XXXX2666,Legal Fee Income
,Cash-ATC-PC Operating Account,01/19/2024,24-01-19-Farchione pay inv19988 FROM: DD XXXX2666,Due to Client
,Cash-ATC-PC Operating Account,01/19/2024,24-01-19-Farchione pay inv19988 FROM: DD XXXX2666,ADK Retainer Account
"Palmetto, Darin - Misc",,,,
,Cash-ATC-PC Operating Account,06/16/2023,,Cash-ATC-PC Operating Account
,Cash-ATC-PC Operating Account,06/16/2023,,Due to Client
,Cash-ATC-PC Operating Account,06/16/2023,,ADK Retainer Account
,Cash-ATC-PC Operating Account,06/16/2023,,Undeposited Funds-1
,Cash-ATC-PC Operating Account,06/16/2023,,Cash-ATC-PC Operating Account
,Cash-ATC-PC Operating Account,06/16/2023,,Due to Client
,Cash-ATC-PC Operating Account,06/16/2023,,ADK Retainer Account
,Cash-ATC-PC Operating Account,06/16/2023,,Undeposited Funds-1
David McKenzie,,,,
,Cash-ATC-PC Operating Account,06/16/2023,,Cash-ATC-PC Operating Account
,Cash-ATC-PC Operating Account,06/16/2023,,Due to Client
,Cash-ATC-PC Operating Account,06/16/2023,,ADK Retainer Account
,Cash-ATC-PC Operating Account,06/16/2023,,Undeposited Funds-1
,Cash-ATC-PC Operating Account,08/23/2023,,Cash-ATC-PC Operating Account
,Cash-ATC-PC Operating Account,08/23/2023,,Due to Client
,Cash-ATC-PC Operating Account,08/23/2023,,ADK Retainer Account
,Cash-ATC-PC Operating Account,08/23/2023,,Undeposited Funds-1
"Nicoll, Don",,,,
,Cash-ATC-PC Operating Account,06/29/2023,,Cash-ATC-PC Operating Account
,Cash-ATC-PC Operating Account,06/29/2023,,Due to Client
,Cash-ATC-PC Operating Account,06/29/2023,,ADK Retainer Account
,Cash-ATC-PC Operating Account,06/29/2023,,Undeposited Funds-1
,Cash-ATC-PC Operating Account,11/16/2023,,Cash-ATC-PC Operating Account
,Cash-ATC-PC Operating Account,11/16/2023,,Due to Client
,Cash-ATC-PC Operating Account,11/16/2023,,ADK Retainer Account
,Cash-ATC-PC Operating Account,11/16/2023,,Undeposited Funds-1
,Cash-ATC-PC Operating Account,12/22/2023,,Cash-ATC-PC Operating Account
,Cash-ATC-PC Operating Account,12/22/2023,,Due to Client
,Cash-ATC-PC Operating Account,12/22/2023,,ADK Retainer Account
,Cash-ATC-PC Operating Account,12/22/2023,,Undeposited Funds-1
,Cash-ATC-PC Operating Account,02/16/2024,Deposit,Cash-ATC-PC Operating Account
,Cash-ATC-PC Operating Account,02/16/2024,Deposit,Legal Fee Income
Saratoga County Bar Assoc,,,,
,Cash-ATC-PC Operating Account,06/30/2023,Teller Check,Cash-ATC-PC Operating Account
,Cash-ATC-PC Operating Account,06/30/2023,Teller Check,Dues and Subscriptions
"Ethan Holdings, LLC",,,,
,Cash-ATC-PC Operating Account,08/01/2023,Repay loan from EHLLC TO: DDXXXX4452,Cash-ATC-PC Operating Account
,Cash-ATC-PC Operating Account,08/01/2023,Repay loan from EHLLC TO: DDXXXX4452,Due to Ethan Holding
,Cash-ATC-PC Operating Account,10/19/2023,2nd 2k loan to JMF law FROM: DDXXXX4452,Cash-ATC-PC Operating Account
,Cash-ATC-PC Operating Account,10/19/2023,2nd 2k loan to JMF law FROM: DDXXXX4452,Due to Ethan Holding
Steven Whitcroft,,,,
,Cash-ATC-PC Operating Account,08/04/2023,,Cash-ATC-PC Operating Account
,Cash-ATC-PC Operating Account,08/04/2023,,Due to Client
,Cash-ATC-PC Operating Account,08/04/2023,,ADK Retainer Account
,Cash-ATC-PC Operating Account,08/04/2023,,Undeposited Funds-1
"Shein, Jeff",,,,
,Cash-ATC-PC Operating Account,08/07/2023,,Cash-ATC-PC Operating Account
,Cash-ATC-PC Operating Account,08/07/2023,,Sales
,Cash-ATC-PC Operating Account,09/18/2023,,Cash-ATC-PC Operating Account
,Cash-ATC-PC Operating Account,09/18/2023,,Due to Client
,Cash-ATC-PC Operating Account,09/18/2023,,ADK Retainer Account
,Cash-ATC-PC Operating Account,09/18/2023,,Undeposited Funds-1
,Cash-ATC-PC Operating Account,09/18/2023,,Cash-ATC-PC Operating Account
,Cash-ATC-PC Operating Account,09/18/2023,,Due to Client
,Cash-ATC-PC Operating Account,09/18/2023,,ADK Retainer Account
,Cash-ATC-PC Operating Account,09/18/2023,,Undeposited Funds-1
,Cash-ATC-PC Operating Account,09/18/2023,,Cash-ATC-PC Operating Account
,Cash-ATC-PC Operating Account,09/18/2023,,Undeposited Funds-1
,Cash-ATC-PC Operating Account,09/19/2023,MyCase/WEB PMTS The Law Office of Juli,Cash-ATC-PC Operating Account
,Cash-ATC-PC Operating Account,09/19/2023,MyCase/WEB PMTS The Law Office of Juli,Prepaid Client expenses
,Cash-ATC-PC Operating Account,09/22/2023,MyCase/WEB PMTS The Law Office of Juli,Cash-ATC-PC Operating Account
,Cash-ATC-PC Operating Account,09/22/2023,MyCase/WEB PMTS The Law Office of Juli,Prepaid Client expenses
,Cash-ATC-PC Operating Account,10/04/2023,,Cash-ATC-PC Operating Account
,Cash-ATC-PC Operating Account,10/04/2023,,Due to Client
,Cash-ATC-PC Operating Account,10/04/2023,,ADK Retainer Account
,Cash-ATC-PC Operating Account,10/04/2023,,Undeposited Funds-1
,Cash-ATC-PC Operating Account,10/04/2023,,Cash-ATC-PC Operating Account
,Cash-ATC-PC Operating Account,10/04/2023,,Due to Client
,Cash-ATC-PC Operating Account,10/04/2023,,ADK Retainer Account
,Cash-ATC-PC Operating Account,10/04/2023,,Undeposited Funds-1
,Cash-ATC-PC Operating Account,11/06/2023,MyCase/WEB PMTS The Law Office of Juli,Cash-ATC-PC Operating Account
,Cash-ATC-PC Operating Account,11/06/2023,MyCase/WEB PMTS The Law Office of Juli,Prepaid Client expenses
,Cash-ATC-PC Operating Account,11/07/2023,,Cash-ATC-PC Operating Account
,Cash-ATC-PC Operating Account,11/07/2023,,Due to Client
,Cash-ATC-PC Operating Account,11/07/2023,,ADK Retainer Account
,Cash-ATC-PC Operating Account,11/07/2023,,Undeposited Funds-1
,Cash-ATC-PC Operating Account,12/01/2023,,Cash-ATC-PC Operating Account
,Cash-ATC-PC Operating Account,12/01/2023,,Due to Client
,Cash-ATC-PC Operating Account,12/01/2023,,ADK Retainer Account
,Cash-ATC-PC Operating Account,12/01/2023,,Undeposited Funds-1
,Cash-ATC-PC Operating Account,12/05/2023,MyCase/WEB PMTS The Law Office of Juli,Cash-ATC-PC Operating Account
,Cash-ATC-PC Operating Account,12/05/2023,MyCase/WEB PMTS The Law Office of Juli,Prepaid Client expenses
,Cash-ATC-PC Operating Account,01/16/2024,ei Shein Invoice 19997 FROM: DDXXXX2666,Cash-ATC-PC Operating Account
,Cash-ATC-PC Operating Account,01/16/2024,inv 19997,Due to Client
,Cash-ATC-PC Operating Account,01/16/2024,ei Shein Invoice 19997 FROM: DDXXXX2666,ADK Retainer Account
,Cash-ATC-PC Operating Account,01/16/2024,ei Shein Invoice 19997 FROM: DDXXXX2666,Legal Fee Income
,Cash-ATC-PC Operating Account,02/09/2024,24-02-9 Shein payment Inv 20012 FROM: DD XXXX2666,Cash-ATC-PC Operating Account
,Cash-ATC-PC Operating Account,02/09/2024,24-02-9 Shein payment Inv 20012 FROM: DD XXXX2666,Legal Fee Income
,Cash-ATC-PC Operating Account,02/09/2024,24-02-9 Shein payment Inv 20012 FROM: DD XXXX2666,Due to Client
,Cash-ATC-PC Operating Account,02/09/2024,24-02-9 Shein payment Inv 20012 FROM: DD XXXX2666,ADK Retainer Account
,Cash-ATC-PC Operating Account,02/21/2024,MyCase/WEB PMTS The Law Office of Juli,Cash-ATC-PC Operating Account
,Cash-ATC-PC Operating Account,02/21/2024,MyCase/WEB PMTS The Law Office of Juli,Prepaid expenses
,Cash-ATC-PC Operating Account,03/21/2024,24-03-21 Shein pay invoice 20040 FROM: D DXXXX2666,Cash-ATC-PC Operating Account
,Cash-ATC-PC Operating Account,03/21/2024,24-03-21 Shein pay invoice 20040 FROM: D DXXXX2666,Legal Fee Income
,Cash-ATC-PC Operating Account,03/21/2024,24-03-21 Shein pay invoice 20040 FROM: D DXXXX2666,Due to Client
,Cash-ATC-PC Operating Account,03/21/2024,24-03-21 Shein pay invoice 20040 FROM: D DXXXX2666,ADK Retainer Account
,Cash-ATC-PC Operating Account,03/21/2024,24-03-21 Shein pay invoice 20040 FROM: D DXXXX2666,Prepaid Client expenses
,Cash-ATC-PC Operating Account,04/01/2024,Deposit - also transferred funds from ADK,Cash-ATC-PC Operating Account
,Cash-ATC-PC Operating Account,04/01/2024,Deposit - also transferred funds from ADK,Ask My Accountant
,Cash-ATC-PC Operating Account,04/15/2024,,Cash-ATC-PC Operating Account
,Cash-ATC-PC Operating Account,04/15/2024,,Due to Client
,Cash-ATC-PC Operating Account,04/15/2024,,ADK Retainer Account
,Cash-ATC-PC Operating Account,04/15/2024,,Undeposited Funds-1
,Cash-ATC-PC Operating Account,05/08/2024,,Cash-ATC-PC Operating Account
,Cash-ATC-PC Operating Account,05/08/2024,,Accounts receivable (A/R)
,Cash-ATC-PC Operating Account,05/28/2024,MYCASE/Funds Disb MyCase,Cash-ATC-PC Operating Account
,Cash-ATC-PC Operating Account,05/28/2024,MYCASE/Funds Disb MyCase,Legal Fee Income
,Cash-ATC-PC Operating Account,05/28/2024,MYCASE/Funds Disb MyCase,Prepaid Client expenses
,Cash-ATC-PC Operating Account,05/29/2024,MyCase/WEB PMTS The Law Office of Juli,Cash-ATC-PC Operating Account
,Cash-ATC-PC Operating Account,05/29/2024,MyCase/WEB PMTS The Law Office of Juli,Prepaid Client expenses
,Cash-ATC-PC Operating Account,07/16/2024,MYCASE/Funds Disb MyCase,Cash-ATC-PC Operating Account
,Cash-ATC-PC Operating Account,07/16/2024,MYCASE/Funds Disb MyCase,Legal Fee Income
,Cash-ATC-PC Operating Account,07/18/2024,MyCase/WEB PMTS The Law Office of Juli,Cash-ATC-PC Operating Account
,Cash-ATC-PC Operating Account,07/18/2024,MyCase/WEB PMTS The Law Office of Juli,Prepaid Client expenses
Fulton County Clerk,,,,
,Cash-ATC-PC Operating Account,08/08/2023,Check 2983 - sweeney,Cash-ATC-PC Operating Account
,Cash-ATC-PC Operating Account,08/08/2023,Check 2983 - sweeney,Prepaid Client expenses
Janet Rogers,,,,
,Cash-ATC-PC Operating Account,08/15/2023,MyCase/WEB PMTS The Law Office of Juli,Cash-ATC-PC Operating Account
,Cash-ATC-PC Operating Account,08/15/2023,MyCase/WEB PMTS The Law Office of Juli,Prepaid Client expenses
"Tatar, Robert",,,,
,Cash-ATC-PC Operating Account,08/16/2023,MyCase/WEB PMTS The Law Office of Juli,Cash-ATC-PC Operating Account
,Cash-ATC-PC Operating Account,08/16/2023,MyCase/WEB PMTS The Law Office of Juli,Prepaid Client expenses
Estate of Earl Dearborn,,,,
,Cash-ATC-PC Operating Account,08/23/2023,,Cash-ATC-PC Operating Account
,Cash-ATC-PC Operating Account,08/23/2023,,Due to Client
,Cash-ATC-PC Operating Account,08/23/2023,,ADK Retainer Account
,Cash-ATC-PC Operating Account,08/23/2023,,Undeposited Funds-1
,Cash-ATC-PC Operating Account,10/19/2023,,Cash-ATC-PC Operating Account
,Cash-ATC-PC Operating Account,10/19/2023,,Due to Client
,Cash-ATC-PC Operating Account,10/19/2023,,ADK Retainer Account
,Cash-ATC-PC Operating Account,10/19/2023,,Undeposited Funds-1
,Cash-ATC-PC Operating Account,02/02/2024,24-02-02 Dearborn payment Inv20011 FROM: DDXXXX2666,Cash-ATC-PC Operating Account
,Cash-ATC-PC Operating Account,02/02/2024,inv 20011,Legal Fee Income
,Cash-ATC-PC Operating Account,02/02/2024,24-02-02 Dearborn payment Inv20011 FROM: DDXXXX2666,Due to Client
,Cash-ATC-PC Operating Account,02/02/2024,24-02-02 Dearborn payment Inv20011 FROM: DDXXXX2666,ADK Retainer Account
,Cash-ATC-PC Operating Account,02/23/2024,Deposit,Cash-ATC-PC Operating Account
,Cash-ATC-PC Operating Account,02/23/2024,Deposit,Legal Fee Income
,Cash-ATC-PC Operating Account,02/23/2024,24-02-23 Dearborn Pay Inv 20033 FROM: DD XXXX2666,Cash-ATC-PC Operating Account
,Cash-ATC-PC Operating Account,02/23/2024,24-02-23 Dearborn Pay Inv 20033 FROM: DD XXXX2666,Legal Fee Income
,Cash-ATC-PC Operating Account,02/23/2024,24-02-23 Dearborn Pay Inv 20033 FROM: DD XXXX2666,Due to Client
,Cash-ATC-PC Operating Account,02/23/2024,24-02-23 Dearborn Pay Inv 20033 FROM: DD XXXX2666,ADK Retainer Account
,Cash-ATC-PC Operating Account,04/25/2024,Deposit,Cash-ATC-PC Operating Account
,Cash-ATC-PC Operating Account,04/25/2024,Deposit,Legal Fee Income
Nathan Morency,,,,
,Cash-ATC-PC Operating Account,08/23/2023,,Cash-ATC-PC Operating Account
,Cash-ATC-PC Operating Account,08/23/2023,,Due to Client
,Cash-ATC-PC Operating Account,08/23/2023,,ADK Retainer Account
,Cash-ATC-PC Operating Account,08/23/2023,,Undeposited Funds-1
,Cash-ATC-PC Operating Account,01/12/2024,,Cash-ATC-PC Operating Account
,Cash-ATC-PC Operating Account,01/12/2024,,Accounts receivable (A/R)
Breckenbaugh,,,,
,Cash-ATC-PC Operating Account,09/05/2023,,Cash-ATC-PC Operating Account
,Cash-ATC-PC Operating Account,09/05/2023,,Sales
Saratoga County Surrogate Court,,,,
,Cash-ATC-PC Operating Account,09/07/2023,Check 2997 Dearborn,Cash-ATC-PC Operating Account
,Cash-ATC-PC Operating Account,09/07/2023,Check 2997 Dearborn,Prepaid Client expenses
,Cash-ATC-PC Operating Account,12/21/2023,Check 3042 Check,Cash-ATC-PC Operating Account
,Cash-ATC-PC Operating Account,12/21/2023,Check 3042 Check,Prepaid Client expenses
,Cash-ATC-PC Operating Account,03/07/2024,Check 3063 Check,Cash-ATC-PC Operating Account
,Cash-ATC-PC Operating Account,03/07/2024,Check 3063 Check,Prepaid Client expenses
"Steinberger, Jennifer & Jesse",,,,
,Cash-ATC-PC Operating Account,09/13/2023,,Cash-ATC-PC Operating Account
,Cash-ATC-PC Operating Account,09/13/2023,,Due to Client
,Cash-ATC-PC Operating Account,09/13/2023,,ADK Retainer Account
,Cash-ATC-PC Operating Account,09/13/2023,,Undeposited Funds-1
"Hughes, Kevin",,,,
,Cash-ATC-PC Operating Account,09/19/2023,,Cash-ATC-PC Operating Account
,Cash-ATC-PC Operating Account,09/19/2023,,Due to Client
,Cash-ATC-PC Operating Account,09/19/2023,,ADK Retainer Account
,Cash-ATC-PC Operating Account,09/19/2023,,Undeposited Funds-1
,Cash-ATC-PC Operating Account,10/19/2023,,Cash-ATC-PC Operating Account
,Cash-ATC-PC Operating Account,10/19/2023,,Due to Client
,Cash-ATC-PC Operating Account,10/19/2023,,ADK Retainer Account
,Cash-ATC-PC Operating Account,10/19/2023,,Undeposited Funds-1
,Cash-ATC-PC Operating Account,11/16/2023,,Cash-ATC-PC Operating Account
,Cash-ATC-PC Operating Account,11/16/2023,,Due to Client
,Cash-ATC-PC Operating Account,11/16/2023,,ADK Retainer Account
,Cash-ATC-PC Operating Account,11/16/2023,,Undeposited Funds-1
,Cash-ATC-PC Operating Account,11/16/2023,,Cash-ATC-PC Operating Account
,Cash-ATC-PC Operating Account,11/16/2023,,Due to Client
,Cash-ATC-PC Operating Account,11/16/2023,,ADK Retainer Account
,Cash-ATC-PC Operating Account,11/16/2023,,Undeposited Funds-1
,Cash-ATC-PC Operating Account,01/19/2024,24-01-19 Hughes payment inv 20005 FROM: DDXXXX2666,Cash-ATC-PC Operating Account
,Cash-ATC-PC Operating Account,01/19/2024,inv 20005,Legal Fee Income
,Cash-ATC-PC Operating Account,01/19/2024,24-01-19 Hughes payment inv 20005 FROM: DDXXXX2666,ADK Retainer Account
,Cash-ATC-PC Operating Account,01/19/2024,24-01-19 Hughes payment inv 20005 FROM: DDXXXX2666,Due to Client
,Cash-ATC-PC Operating Account,01/19/2024,24-01-19 Hughes payment inv 20005 FROM: DDXXXX2666,Prepaid Client expenses
,Cash-ATC-PC Operating Account,01/19/2024,24-01-19 Hughes payment inv 20005 FROM: DDXXXX2666,Accounts Receivable
Verizon Wireless,,,,
,Cash-ATC-PC Operating Account,09/21/2023,POS Purchase Non-PIN VERIZON WRLS D0099-01 SARATOGA SPRI NY 707419 *****9214 09/19 15:44,Cash-ATC-PC Operating Account
,Cash-ATC-PC Operating Account,09/21/2023,POS Purchase Non-PIN VERIZON WRLS D0099-01 SARATOGA SPRI NY 707419 *****9214 09/19 15:44,Office Supplies:Telephone & Internet Expense
,Cash-ATC-PC Operating Account,09/25/2023,POS Purchase Non-PIN VERIZON WRLS D0099-01 SARATOGA SPRI NY 707419 *****9214 09/23 15:33,Cash-ATC-PC Operating Account
,Cash-ATC-PC Operating Account,09/25/2023,POS Purchase Non-PIN VERIZON WRLS D0099-01 SARATOGA SPRI NY 707419 *****9214 09/23 15:33,Office Supplies:Telephone & Internet Expense
,Cash-ATC-PC Operating Account,12/26/2023,Verizon debit for phone TO: DDXXXX3165,Cash-ATC-PC Operating Account
,Cash-ATC-PC Operating Account,12/26/2023,Verizon debit for phone TO: DDXXXX3165,Office Supplies:Telephone & Internet Expense
,Cash-ATC-PC Operating Account,12/23/2025,POS Purchase Non-PIN VERIZON WRLS D0099-01 SARATOGA SPRI NY 70741952 *****9214 12/21 15:59,Cash-ATC-PC Operating Account
,Cash-ATC-PC Operating Account,12/23/2025,POS Purchase Non-PIN VERIZON WRLS D0099-01 SARATOGA SPRI NY 70741952 *****9214 12/21 15:59,Office Supplies:Telephone & Internet Expense
Ciox Health,,,,
,Cash-ATC-PC Operating Account,09/27/2023,Check 2996,Cash-ATC-PC Operating Account
,Cash-ATC-PC Operating Account,09/27/2023,Check 2996,Ask My Accountant
"Scala, Joe",,,,
,Cash-ATC-PC Operating Account,10/05/2023,,Cash-ATC-PC Operating Account
,Cash-ATC-PC Operating Account,10/05/2023,,Sales
,Cash-ATC-PC Operating Account,03/19/2024,24-03-19 Scala pay Invoice 20028 FROM: D DXXXX2666,Cash-ATC-PC Operating Account
,Cash-ATC-PC Operating Account,03/19/2024,24-03-19 Scala pay Invoice 20028 FROM: D DXXXX2666,Due to Client
,Cash-ATC-PC Operating Account,03/19/2024,24-03-19 Scala pay Invoice 20028 FROM: D DXXXX2666,ADK Retainer Account
,Cash-ATC-PC Operating Account,03/19/2024,20028,Legal Fee Income
"Tater, Bob",,,,
,Cash-ATC-PC Operating Account,10/19/2023,,Cash-ATC-PC Operating Account
,Cash-ATC-PC Operating Account,10/19/2023,,Due to Client
,Cash-ATC-PC Operating Account,10/19/2023,,ADK Retainer Account
,Cash-ATC-PC Operating Account,10/19/2023,,Undeposited Funds-1
Brooks Investigators,,,,
,Cash-ATC-PC Operating Account,10/19/2023,Check 3006,Cash-ATC-PC Operating Account
,Cash-ATC-PC Operating Account,10/19/2023,Check 3006,Prepaid Client expenses
,Cash-ATC-PC Operating Account,10/19/2023,Check 3005,Cash-ATC-PC Operating Account
,Cash-ATC-PC Operating Account,10/19/2023,Check 3005,Prepaid Client expenses
,Cash-ATC-PC Operating Account,01/22/2024,Check 3044 Check,Cash-ATC-PC Operating Account
,Cash-ATC-PC Operating Account,01/22/2024,Check 3044 Check,Prepaid Client expenses
,Cash-ATC-PC Operating Account,01/22/2024,Check 3046 Check,Cash-ATC-PC Operating Account
,Cash-ATC-PC Operating Account,01/22/2024,Check 3046 Check,Prepaid Client expenses
,Cash-ATC-PC Operating Account,03/19/2024,Check 3072 Check,Cash-ATC-PC Operating Account
,Cash-ATC-PC Operating Account,03/19/2024,Check 3072 Check,Prepaid Client expenses
,Cash-ATC-PC Operating Account,03/19/2024,Check 3073 Check,Cash-ATC-PC Operating Account
,Cash-ATC-PC Operating Account,03/19/2024,Check 3073 Check,Prepaid Client expenses
,Cash-ATC-PC Operating Account,10/16/2024,Check 3154 Check,Cash-ATC-PC Operating Account
,Cash-ATC-PC Operating Account,10/16/2024,Check 3154 Check,Prepaid Client expenses
,Cash-ATC-PC Operating Account,10/16/2024,Check 3155 Check,Cash-ATC-PC Operating Account
,Cash-ATC-PC Operating Account,10/16/2024,Check 3155 Check,Prepaid Client expenses
,Cash-ATC-PC Operating Account,10/22/2024,Check 3160 Check,Cash-ATC-PC Operating Account
,Cash-ATC-PC Operating Account,10/22/2024,Check 3160 Check,Prepaid Client expenses
Karl Dewein,,,,
,Cash-ATC-PC Operating Account,10/31/2023,MyCase/WEB PMTS The Law Office of Juli,Cash-ATC-PC Operating Account
,Cash-ATC-PC Operating Account,10/31/2023,MyCase/WEB PMTS The Law Office of Juli,Prepaid Client expenses
,Cash-ATC-PC Operating Account,12/08/2023,,Cash-ATC-PC Operating Account
,Cash-ATC-PC Operating Account,12/08/2023,,Due to Client
,Cash-ATC-PC Operating Account,12/08/2023,,ADK Retainer Account
,Cash-ATC-PC Operating Account,12/08/2023,,Undeposited Funds-1
,Cash-ATC-PC Operating Account,12/08/2023,,Cash-ATC-PC Operating Account
,Cash-ATC-PC Operating Account,12/08/2023,,Due to Client
,Cash-ATC-PC Operating Account,12/08/2023,,ADK Retainer Account
,Cash-ATC-PC Operating Account,12/08/2023,,Undeposited Funds-1
,Cash-ATC-PC Operating Account,01/23/2024,24-01-23 Dewein Payment 19996 FROM: DDXX XX2666,Cash-ATC-PC Operating Account
,Cash-ATC-PC Operating Account,01/23/2024,inv 19996,ADK Retainer Account
,Cash-ATC-PC Operating Account,01/23/2024,24-01-23 Dewein Payment 19996 FROM: DDXX XX2666,Due to Client
,Cash-ATC-PC Operating Account,01/23/2024,,Undeposited Funds-1
,Cash-ATC-PC Operating Account,07/22/2024,DeWein Pay Inv 19996 FROM: DDXXXX2666,Cash-ATC-PC Operating Account
,Cash-ATC-PC Operating Account,07/22/2024,DeWein Pay Inv 19996 FROM: DDXXXX2666,ADK Retainer Account
,Cash-ATC-PC Operating Account,07/22/2024,DeWein Pay Inv 19996 FROM: DDXXXX2666,Due to Client
,Cash-ATC-PC Operating Account,07/22/2024,,Undeposited Funds-1
,Cash-ATC-PC Operating Account,10/01/2024,24-10-01-PAY DeWein Inv 19996 FROM: DDXX XX2666,Cash-ATC-PC Operating Account
,Cash-ATC-PC Operating Account,10/01/2024,24-10-01-PAY DeWein Inv 19996 FROM: DDXX XX2666,Due to Client
,Cash-ATC-PC Operating Account,10/01/2024,24-10-01-PAY DeWein Inv 19996 FROM: DDXX XX2666,ADK Retainer Account
,Cash-ATC-PC Operating Account,10/01/2024,,Undeposited Funds-1
,Cash-ATC-PC Operating Account,12/23/2024,,Cash-ATC-PC Operating Account
,Cash-ATC-PC Operating Account,12/23/2024,,Due to Client
,Cash-ATC-PC Operating Account,12/23/2024,,ADK Retainer Account
,Cash-ATC-PC Operating Account,12/23/2024,,Undeposited Funds-1
"Newland Wills, Jacqueline",,,,
,Cash-ATC-PC Operating Account,11/02/2023,MyCase/WEB PMTS The Law Office of Juli,Cash-ATC-PC Operating Account
,Cash-ATC-PC Operating Account,11/02/2023,MyCase/WEB PMTS The Law Office of Juli,Prepaid Client expenses
,Cash-ATC-PC Operating Account,11/09/2023,MyCase/WEB PMTS The Law Office of Juli,Cash-ATC-PC Operating Account
,Cash-ATC-PC Operating Account,11/09/2023,MyCase/WEB PMTS The Law Office of Juli,Prepaid Client expenses
,Cash-ATC-PC Operating Account,06/07/2024,Wills PAY Invoice 20052 FROM: DDXXXX2666,Cash-ATC-PC Operating Account
,Cash-ATC-PC Operating Account,06/07/2024,inv 20115,Due to Client
,Cash-ATC-PC Operating Account,06/07/2024,Wills PAY Invoice 20052 FROM: DDXXXX2666,Legal Fee Income
,Cash-ATC-PC Operating Account,06/07/2024,Wills PAY Invoice 20052 FROM: DDXXXX2666,ADK Retainer Account
,Cash-ATC-PC Operating Account,06/07/2024,Wills PAY Invoice 20052 FROM: DDXXXX2666,Prepaid Client expenses
"Taft, Jennifer",,,,
,Cash-ATC-PC Operating Account,11/06/2023,,Cash-ATC-PC Operating Account
,Cash-ATC-PC Operating Account,11/06/2023,,Prepaid Client expenses
,Cash-ATC-PC Operating Account,11/07/2023,,Cash-ATC-PC Operating Account
,Cash-ATC-PC Operating Account,11/07/2023,,Due to Client
,Cash-ATC-PC Operating Account,11/07/2023,,ADK Retainer Account
,Cash-ATC-PC Operating Account,11/07/2023,,Undeposited Funds-1
,Cash-ATC-PC Operating Account,11/07/2023,,Cash-ATC-PC Operating Account
,Cash-ATC-PC Operating Account,11/07/2023,,Due to Client
,Cash-ATC-PC Operating Account,11/07/2023,,ADK Retainer Account
,Cash-ATC-PC Operating Account,11/07/2023,,Undeposited Funds-1
,Cash-ATC-PC Operating Account,03/21/2024,24-03-21 Taft pay inv. 40037 FROM: DDXXX X2666,Cash-ATC-PC Operating Account
,Cash-ATC-PC Operating Account,03/21/2024,inv 20037,Legal Fee Income
,Cash-ATC-PC Operating Account,03/21/2024,24-03-21 Taft pay inv. 40037 FROM: DDXXX X2666,Due to Client
,Cash-ATC-PC Operating Account,03/21/2024,24-03-21 Taft pay inv. 40037 FROM: DDXXX X2666,ADK Retainer Account
,Cash-ATC-PC Operating Account,08/12/2024,24-08-12 Taft PAY Inv 20077 FROM: DDXXXX 2666,Cash-ATC-PC Operating Account
,Cash-ATC-PC Operating Account,08/12/2024,inv 20077,Legal Fee Income
,Cash-ATC-PC Operating Account,08/12/2024,24-08-12 Taft PAY Inv 20077 FROM: DDXXXX 2666,Due to Client
,Cash-ATC-PC Operating Account,08/12/2024,24-08-12 Taft PAY Inv 20077 FROM: DDXXXX 2666,ADK Retainer Account
,Cash-ATC-PC Operating Account,08/12/2024,24-08-12 Taft PAY Inv 20078 FROM: DDXXXX 2666,Cash-ATC-PC Operating Account
,Cash-ATC-PC Operating Account,08/12/2024,inv 20078,Legal Fee Income
,Cash-ATC-PC Operating Account,08/12/2024,24-08-12 Taft PAY Inv 20078 FROM: DDXXXX 2666,Due to Client
,Cash-ATC-PC Operating Account,08/12/2024,24-08-12 Taft PAY Inv 20078 FROM: DDXXXX 2666,ADK Retainer Account
,Cash-ATC-PC Operating Account,08/12/2024,24-08-12 Taft PAY Inv 200779 FROM: DDXXX X2666,Cash-ATC-PC Operating Account
,Cash-ATC-PC Operating Account,08/12/2024,inv 20079,Legal Fee Income
,Cash-ATC-PC Operating Account,08/12/2024,24-08-12 Taft PAY Inv 200779 FROM: DDXXX X2666,Due to Client
,Cash-ATC-PC Operating Account,08/12/2024,24-08-12 Taft PAY Inv 200779 FROM: DDXXX X2666,ADK Retainer Account
"Milich, Arianna",,,,
,Cash-ATC-PC Operating Account,11/06/2023,,Cash-ATC-PC Operating Account
,Cash-ATC-PC Operating Account,11/06/2023,,Prepaid Client expenses
,Cash-ATC-PC Operating Account,11/07/2023,,Cash-ATC-PC Operating Account
,Cash-ATC-PC Operating Account,11/07/2023,,Due to Client
,Cash-ATC-PC Operating Account,11/07/2023,,ADK Retainer Account
,Cash-ATC-PC Operating Account,11/07/2023,,Undeposited Funds-1
"Starks, Emily",,,,
,Cash-ATC-PC Operating Account,12/08/2023,,Cash-ATC-PC Operating Account
,Cash-ATC-PC Operating Account,12/08/2023,cc fee,Prepaid Client expenses
"Vargas, Edward",,,,
,Cash-ATC-PC Operating Account,12/08/2023,,Cash-ATC-PC Operating Account
,Cash-ATC-PC Operating Account,12/08/2023,,Prepaid Client expenses
,Cash-ATC-PC Operating Account,03/01/2024,24-03-01 Vargas Payment inv 60025 FROM: DDXXXX2666,Cash-ATC-PC Operating Account
,Cash-ATC-PC Operating Account,03/01/2024,24-03-01 Vargas Payment inv 60025 FROM: DDXXXX2666,Legal Fee Income
,Cash-ATC-PC Operating Account,03/01/2024,24-03-01 Vargas Payment inv 60025 FROM: DDXXXX2666,Due to Client
,Cash-ATC-PC Operating Account,03/01/2024,24-03-01 Vargas Payment inv 60025 FROM: DDXXXX2666,ADK Retainer Account
,Cash-ATC-PC Operating Account,03/21/2024,24-03-21 Vargas pay Inv.20033 FROM: DDXX XX2666,Cash-ATC-PC Operating Account
,Cash-ATC-PC Operating Account,03/21/2024,inv 20033,Legal Fee Income
,Cash-ATC-PC Operating Account,03/21/2024,24-03-21 Vargas pay Inv.20033 FROM: DDXX XX2666,Due to Client
,Cash-ATC-PC Operating Account,03/21/2024,24-03-21 Vargas pay Inv.20033 FROM: DDXX XX2666,ADK Retainer Account
,Cash-ATC-PC Operating Account,04/23/2024,MYCASE/Funds Disb MyCase,Cash-ATC-PC Operating Account
,Cash-ATC-PC Operating Account,04/23/2024,MYCASE/Funds Disb MyCase,Legal Fee Income
,Cash-ATC-PC Operating Account,04/25/2024,MyCase/WEB PMTS The Law Office of Juli,Cash-ATC-PC Operating Account
,Cash-ATC-PC Operating Account,04/25/2024,MyCase/WEB PMTS The Law Office of Juli,Prepaid expenses
,Cash-ATC-PC Operating Account,04/26/2024,MYCASE/Funds Disb MyCase,Cash-ATC-PC Operating Account
,Cash-ATC-PC Operating Account,04/26/2024,MYCASE/Funds Disb MyCase,Legal Fee Income
,Cash-ATC-PC Operating Account,04/30/2024,MyCase/WEB PMTS The Law Office of Juli,Cash-ATC-PC Operating Account
,Cash-ATC-PC Operating Account,04/30/2024,MyCase/WEB PMTS The Law Office of Juli,Prepaid expenses
,Cash-ATC-PC Operating Account,06/25/2024,MYCASE/Funds Disb MyCase,Cash-ATC-PC Operating Account
,Cash-ATC-PC Operating Account,06/25/2024,MYCASE/Funds Disb MyCase,Legal Fee Income
,Cash-ATC-PC Operating Account,06/27/2024,MyCase/WEB PMTS The Law Office of Juli,Cash-ATC-PC Operating Account
,Cash-ATC-PC Operating Account,06/27/2024,MyCase/WEB PMTS The Law Office of Juli,Prepaid Client expenses
,Cash-ATC-PC Operating Account,10/03/2024,MYCASE/Funds Disb MyCase,Cash-ATC-PC Operating Account
,Cash-ATC-PC Operating Account,10/03/2024,MYCASE/Funds Disb MyCase,Legal Fee Income
,Cash-ATC-PC Operating Account,10/07/2024,MyCase/WEB PMTS The Law Office of Juli,Cash-ATC-PC Operating Account
,Cash-ATC-PC Operating Account,10/07/2024,MyCase/WEB PMTS The Law Office of Juli,Prepaid Client expenses
,Cash-ATC-PC Operating Account,11/19/2024,MYCASE/Funds Disb MyCase,Cash-ATC-PC Operating Account
,Cash-ATC-PC Operating Account,11/19/2024,MYCASE/Funds Disb MyCase,Legal Fee Income
,Cash-ATC-PC Operating Account,11/19/2024,MYCASE/Funds Disb MyCase,Prepaid Client expenses
,Cash-ATC-PC Operating Account,11/21/2024,MyCase/WEB PMTS The Law Office of Juli,Cash-ATC-PC Operating Account
,Cash-ATC-PC Operating Account,11/21/2024,MyCase/WEB PMTS The Law Office of Juli,Prepaid Client expenses
NYS Tax & Finance,,,,
,Cash-ATC-PC Operating Account,12/18/2023,NYS DTF WT/Tax Paymnt WTWFXXXXXXXX11309,Cash-ATC-PC Operating Account
,Cash-ATC-PC Operating Account,12/18/2023,NYS DTF WT/Tax Paymnt WTWFXXXXXXXX11309,Payroll Liabilities
,Cash-ATC-PC Operating Account,01/17/2024,NYS DTF WT/Tax Paymnt WTWFXXXXXXXX15964,Cash-ATC-PC Operating Account
,Cash-ATC-PC Operating Account,01/17/2024,NYS DTF WT/Tax Paymnt WTWFXXXXXXXX15964,Payroll Liabilities
,Cash-ATC-PC Operating Account,02/16/2024,NYS DTF WT/Tax Paymnt WTWFXXXXXXXX24315,Cash-ATC-PC Operating Account
,Cash-ATC-PC Operating Account,02/16/2024,NYS DTF WT/Tax Paymnt WTWFXXXXXXXX24315,Payroll Liabilities
,Cash-ATC-PC Operating Account,03/18/2024,NYS DTF WT/Tax Paymnt WTWFXXXXXXXX11604,Cash-ATC-PC Operating Account
,Cash-ATC-PC Operating Account,03/18/2024,NYS DTF WT/Tax Paymnt WTWFXXXXXXXX11604,Payroll Liabilities
,Cash-ATC-PC Operating Account,04/16/2024,NYS DTF WT/Tax Paymnt WTWFXXXXXXXX03641,Cash-ATC-PC Operating Account
,Cash-ATC-PC Operating Account,04/16/2024,NYS DTF WT/Tax Paymnt WTWFXXXXXXXX03641,Payroll Liabilities
,Cash-ATC-PC Operating Account,05/16/2024,NYS DTF WT/Tax Paymnt WTWFXXXXXXXX15438,Cash-ATC-PC Operating Account
,Cash-ATC-PC Operating Account,05/16/2024,NYS DTF WT/Tax Paymnt WTWFXXXXXXXX15438,Payroll Liabilities
,Cash-ATC-PC Operating Account,06/18/2024,NYS DTF WT/Tax Paymnt WTWFXXXXXXXX13728,Cash-ATC-PC Operating Account
,Cash-ATC-PC Operating Account,06/18/2024,NYS DTF WT/Tax Paymnt WTWFXXXXXXXX13728,Payroll Liabilities
,Cash-ATC-PC Operating Account,07/16/2024,NYS DTF WT/Tax Paymnt WTWFXXXXXXXX08401,Cash-ATC-PC Operating Account
,Cash-ATC-PC Operating Account,07/16/2024,NYS DTF WT/Tax Paymnt WTWFXXXXXXXX08401,Payroll Liabilities
,Cash-ATC-PC Operating Account,08/16/2024,NYS DTF WT/Tax Paymnt WTWFXXXXXXXX19464,Cash-ATC-PC Operating Account
,Cash-ATC-PC Operating Account,08/16/2024,NYS DTF WT/Tax Paymnt WTWFXXXXXXXX19464,Payroll Liabilities
,Cash-ATC-PC Operating Account,09/17/2024,NYS DTF WT/Tax Paymnt WTWFXXXXXXXX12775,Cash-ATC-PC Operating Account
,Cash-ATC-PC Operating Account,09/17/2024,NYS DTF WT/Tax Paymnt WTWFXXXXXXXX12775,Payroll Liabilities
,Cash-ATC-PC Operating Account,10/16/2024,NYS DTF WT/Tax Paymnt WTWFXXXXXXXX10355,Cash-ATC-PC Operating Account
,Cash-ATC-PC Operating Account,10/16/2024,NYS DTF WT/Tax Paymnt WTWFXXXXXXXX10355,Payroll Liabilities
,Cash-ATC-PC Operating Account,11/18/2024,NYS DTF WT/Tax Paymnt WTWFXXXXXXXX21126,Cash-ATC-PC Operating Account
,Cash-ATC-PC Operating Account,11/18/2024,NYS DTF WT/Tax Paymnt WTWFXXXXXXXX21126,Payroll Liabilities
,Cash-ATC-PC Operating Account,12/17/2024,NYS DTF WT/Tax Paymnt WTWFXXXXXXXX12868,Cash-ATC-PC Operating Account
,Cash-ATC-PC Operating Account,12/17/2024,NYS DTF WT/Tax Paymnt WTWFXXXXXXXX12868,Payroll Liabilities
Henry Street Tap Room,,,,
,Cash-ATC-PC Operating Account,12/19/2023,POS Purchase Non-PIN HENRY STREET TAPROOM SARATOGA SPGS NY IN8700 *****9214 12/18 21:09,Cash-ATC-PC Operating Account
,Cash-ATC-PC Operating Account,12/19/2023,POS Purchase Non-PIN HENRY STREET TAPROOM SARATOGA SPGS NY IN8700 *****9214 12/18 21:09,Meals and Entertainment
,Cash-ATC-PC Operating Account,01/02/2025,POS Purchase Non-PIN HENRY STREET TAPROOM SARATOGA SPGS NY INC600 *****9214 01/01 21:01,Cash-ATC-PC Operating Account
,Cash-ATC-PC Operating Account,01/02/2025,POS Purchase Non-PIN HENRY STREET TAPROOM SARATOGA SPGS NY INC600 *****9214 01/01 21:01,Meals and Entertainment
,Cash-ATC-PC Operating Account,12/15/2025,POS Purchase Non-PIN HENRY STREET TAPROOM SARATOGA SPGS NY IN8800 *****9214 12/13 21:35,Cash-ATC-PC Operating Account
,Cash-ATC-PC Operating Account,12/15/2025,POS Purchase Non-PIN HENRY STREET TAPROOM SARATOGA SPGS NY IN8800 *****9214 12/13 21:35,Meals and Entertainment
Uncommon Grounds,,,,
,Cash-ATC-PC Operating Account,12/19/2023,POS Purchase Non-PIN TST* UNCOMMON GROUNDS - Saratoga Spri NY IN7600 *****9214 12/18 08:56,Cash-ATC-PC Operating Account
,Cash-ATC-PC Operating Account,12/19/2023,POS Purchase Non-PIN TST* UNCOMMON GROUNDS - Saratoga Spri NY IN7600 *****9214 12/18 08:56,Meals and Entertainment
,Cash-ATC-PC Operating Account,06/11/2024,POS Purchase Non-PIN TST* UNCOMMON GROUNDS - Saratoga Spri NY INB500 *****9214 06/10 09:41,Cash-ATC-PC Operating Account
,Cash-ATC-PC Operating Account,06/11/2024,POS Purchase Non-PIN TST* UNCOMMON GROUNDS - Saratoga Spri NY INB500 *****9214 06/10 09:41,Meals and Entertainment
Laurie Williams,,,,
,Cash-ATC-PC Operating Account,12/23/2023,,Cash-ATC-PC Operating Account
,Cash-ATC-PC Operating Account,12/23/2023,,Prepaid Client expenses
"Hernandez, Natalia",,,,
,Cash-ATC-PC Operating Account,01/02/2024,,Cash-ATC-PC Operating Account
,Cash-ATC-PC Operating Account,01/02/2024,,Sales
,Cash-ATC-PC Operating Account,01/26/2024,MyCase/WEB PMTS The Law Office of Juli,Cash-ATC-PC Operating Account
,Cash-ATC-PC Operating Account,01/26/2024,MyCase/WEB PMTS The Law Office of Juli,Prepaid expenses
Lloyd Stewart Investigations,,,,
,Cash-ATC-PC Operating Account,01/02/2024,Check 3032 Check,Cash-ATC-PC Operating Account
,Cash-ATC-PC Operating Account,01/02/2024,Check 3032 Check,Prepaid Client expenses
"Hammer, Carol",,,,
,Cash-ATC-PC Operating Account,01/12/2024,,Cash-ATC-PC Operating Account
,Cash-ATC-PC Operating Account,01/12/2024,,Sales
"Williams, Bobbi",,,,
,Cash-ATC-PC Operating Account,01/12/2024,Bobbi Williams initialconsul 19999 FROM: DDXXXX2666,Cash-ATC-PC Operating Account
,Cash-ATC-PC Operating Account,01/12/2024,Bobbi Williams initialconsul 19999 FROM: DDXXXX2666,Due to Client
,Cash-ATC-PC Operating Account,01/12/2024,cc fee,Prepaid Client expenses
,Cash-ATC-PC Operating Account,01/12/2024,19999,Legal Fee Income
,Cash-ATC-PC Operating Account,01/12/2024,Bobbi Williams initialconsul 19999 FROM: DDXXXX2666,ADK Retainer Account
,Cash-ATC-PC Operating Account,02/20/2024,,Cash-ATC-PC Operating Account
,Cash-ATC-PC Operating Account,02/20/2024,,ADK Retainer Account
,Cash-ATC-PC Operating Account,02/20/2024,,Due to Client
,Cash-ATC-PC Operating Account,02/20/2024,,Undeposited Funds-1
,Cash-ATC-PC Operating Account,02/29/2024,MyCase/WEB PMTS The Law Office of Juli,Cash-ATC-PC Operating Account
,Cash-ATC-PC Operating Account,02/29/2024,MyCase/WEB PMTS The Law Office of Juli,Prepaid expenses
,Cash-ATC-PC Operating Account,03/28/2024,24-03-28 Williams PAY Inv 20030 FROM: DD XXXX2666,Cash-ATC-PC Operating Account
,Cash-ATC-PC Operating Account,03/28/2024,24-03-28 Williams PAY Inv 20030 FROM: DD XXXX2666,Due to Client
,Cash-ATC-PC Operating Account,03/28/2024,24-03-28 Williams PAY Inv 20030 FROM: DD XXXX2666,Legal Fee Income
,Cash-ATC-PC Operating Account,03/28/2024,24-03-28 Williams PAY Inv 20030 FROM: DD XXXX2666,ADK Retainer Account
,Cash-ATC-PC Operating Account,06/17/2024,Deposit - inv 20046,Cash-ATC-PC Operating Account
,Cash-ATC-PC Operating Account,06/17/2024,Deposit - inv 20046,Legal Fee Income
,Cash-ATC-PC Operating Account,08/06/2024,Williams PAY Invoice 20070 FROM: DDXXXX2 666,Cash-ATC-PC Operating Account
,Cash-ATC-PC Operating Account,08/06/2024,inv 20070,Due to Client
,Cash-ATC-PC Operating Account,08/06/2024,inv 20070,ADK Retainer Account
,Cash-ATC-PC Operating Account,08/06/2024,inv 20070,Legal Fee Income
,Cash-ATC-PC Operating Account,08/23/2024,Deposit,Cash-ATC-PC Operating Account
,Cash-ATC-PC Operating Account,08/23/2024,Deposit,Ask My Accountant
,Cash-ATC-PC Operating Account,11/14/2024,Deposit,Cash-ATC-PC Operating Account
,Cash-ATC-PC Operating Account,11/14/2024,Deposit,Legal Fee Income
,Cash-ATC-PC Operating Account,11/14/2024,Deposit,Prepaid Client expenses
,Cash-ATC-PC Operating Account,06/20/2025,Deposit,Cash-ATC-PC Operating Account
,Cash-ATC-PC Operating Account,06/20/2025,inv. 20211,Legal Fee Income
,Cash-ATC-PC Operating Account,06/20/2025,inv 20210,Legal Fee Income
,Cash-ATC-PC Operating Account,06/20/2025,inv. 20194,Legal Fee Income
"Wales, Tim",,,,
,Cash-ATC-PC Operating Account,01/12/2024,Wales Initial Consult- Inv 20001 FROM: D DXXXX2666,Cash-ATC-PC Operating Account
,Cash-ATC-PC Operating Account,01/12/2024,Wales Initial Consult- Inv 20001 FROM: D DXXXX2666,Legal Fee Income
,Cash-ATC-PC Operating Account,01/12/2024,Wales Initial Consult- Inv 20001 FROM: D DXXXX2666,Due to Client
,Cash-ATC-PC Operating Account,01/12/2024,Wales Initial Consult- Inv 20001 FROM: D DXXXX2666,ADK Retainer Account
,Cash-ATC-PC Operating Account,02/20/2024,24-02-20 Wales Pay 20024 FROM: DDXXXX266 6,Cash-ATC-PC Operating Account
,Cash-ATC-PC Operating Account,02/20/2024,24-02-20 Wales Pay 20024 FROM: DDXXXX266 6,ADK Retainer Account
,Cash-ATC-PC Operating Account,02/20/2024,24-02-20 Wales Pay 20024 FROM: DDXXXX266 6,Legal Fee Income
,Cash-ATC-PC Operating Account,02/20/2024,24-02-20 Wales Pay 20024 FROM: DDXXXX266 6,Due to Client
,Cash-ATC-PC Operating Account,03/28/2024,24-03-28 Wales PAY inv 20043 FROM: DDXXX X2666,Cash-ATC-PC Operating Account
,Cash-ATC-PC Operating Account,03/28/2024,24-03-28 Wales PAY inv 20043 FROM: DDXXX X2666,ADK Retainer Account
,Cash-ATC-PC Operating Account,03/28/2024,24-03-28 Wales PAY inv 20043 FROM: DDXXX X2666,Legal Fee Income
,Cash-ATC-PC Operating Account,03/28/2024,24-03-28 Wales PAY inv 20043 FROM: DDXXX X2666,Due to Client
,Cash-ATC-PC Operating Account,04/15/2024,24-04-15 Wales PAY Inv 20045 FROM: DDXXX X2666,Cash-ATC-PC Operating Account
,Cash-ATC-PC Operating Account,04/15/2024,inv 20045,ADK Retainer Account
,Cash-ATC-PC Operating Account,04/15/2024,24-04-15 Wales PAY Inv 20045 FROM: DDXXX X2666,Legal Fee Income
,Cash-ATC-PC Operating Account,04/15/2024,24-04-15 Wales PAY Inv 20045 FROM: DDXXX X2666,Due to Client
,Cash-ATC-PC Operating Account,11/14/2024,Deposit - invoice 20089,Cash-ATC-PC Operating Account
,Cash-ATC-PC Operating Account,11/14/2024,Deposit - invoice 20089,Legal Fee Income
EZ Pass,,,,
,Cash-ATC-PC Operating Account,01/16/2024,EZPASSNYREBILL/REBILL_EZP JULIE *NEDWICK,Cash-ATC-PC Operating Account
,Cash-ATC-PC Operating Account,01/16/2024,EZPASSNYREBILL/REBILL_EZP JULIE *NEDWICK,Travel
,Cash-ATC-PC Operating Account,04/04/2024,EZPASSNYREBILL/REBILL_EZP JULIE *NEDWICK,Cash-ATC-PC Operating Account
,Cash-ATC-PC Operating Account,04/04/2024,EZPASSNYREBILL/REBILL_EZP JULIE *NEDWICK,Travel
,Cash-ATC-PC Operating Account,04/10/2024,EZPASSNYREBILL/REBILL_EZP JULIE *NEDWICK,Cash-ATC-PC Operating Account
,Cash-ATC-PC Operating Account,04/10/2024,EZPASSNYREBILL/REBILL_EZP JULIE *NEDWICK,Travel
,Cash-ATC-PC Operating Account,04/19/2024,EZPASSNYREBILL/REBILL_EZP JULIE *NEDWICK,Cash-ATC-PC Operating Account
,Cash-ATC-PC Operating Account,04/19/2024,EZPASSNYREBILL/REBILL_EZP JULIE *NEDWICK,Travel
,Cash-ATC-PC Operating Account,04/29/2024,EZPASSNYREBILL/REBILL_EZP JULIE *NEDWICK,Cash-ATC-PC Operating Account
,Cash-ATC-PC Operating Account,04/29/2024,EZPASSNYREBILL/REBILL_EZP JULIE *NEDWICK,Travel
,Cash-ATC-PC Operating Account,05/31/2024,EZPASSNYREBILL/REBILL_EZP JULIE *NEDWICK,Cash-ATC-PC Operating Account
,Cash-ATC-PC Operating Account,05/31/2024,EZPASSNYREBILL/REBILL_EZP JULIE *NEDWICK,Travel
,Cash-ATC-PC Operating Account,06/10/2024,EZPASSNYREBILL/REBILL_EZP JULIE *NEDWICK,Cash-ATC-PC Operating Account
,Cash-ATC-PC Operating Account,06/10/2024,EZPASSNYREBILL/REBILL_EZP JULIE *NEDWICK,Travel
,Cash-ATC-PC Operating Account,06/17/2024,EZPASSNYREBILL/REBILL_EZP JULIE *NEDWICK,Cash-ATC-PC Operating Account
,Cash-ATC-PC Operating Account,06/17/2024,EZPASSNYREBILL/REBILL_EZP JULIE *NEDWICK,Travel
,Cash-ATC-PC Operating Account,06/24/2024,EZPASSNYREBILL/REBILL_EZP JULIE *NEDWICK,Cash-ATC-PC Operating Account
,Cash-ATC-PC Operating Account,06/24/2024,EZPASSNYREBILL/REBILL_EZP JULIE *NEDWICK,Travel
,Cash-ATC-PC Operating Account,07/15/2024,EZPASSNYREBILL/REBILL_EZP JULIE *NEDWICK,Cash-ATC-PC Operating Account
,Cash-ATC-PC Operating Account,07/15/2024,EZPASSNYREBILL/REBILL_EZP JULIE *NEDWICK,Travel
,Cash-ATC-PC Operating Account,08/02/2024,EZPASSNYREBILL/REBILL_EZP JULIE *NEDWICK,Cash-ATC-PC Operating Account
,Cash-ATC-PC Operating Account,08/02/2024,EZPASSNYREBILL/REBILL_EZP JULIE *NEDWICK,Travel
,Cash-ATC-PC Operating Account,04/07/2025,EZPASSNYREBILL/REBILL_EZP JULIE *NEDWICK,Cash-ATC-PC Operating Account
,Cash-ATC-PC Operating Account,04/07/2025,EZPASSNYREBILL/REBILL_EZP JULIE *NEDWICK,Vehicle Expense
,Cash-ATC-PC Operating Account,06/16/2025,EZPASSNYREBILL/REBILL_EZP JULIE *NEDWICK,Cash-ATC-PC Operating Account
,Cash-ATC-PC Operating Account,06/16/2025,EZPASSNYREBILL/REBILL_EZP JULIE *NEDWICK,Vehicle Expense
New York Quality,,,,
,Cash-ATC-PC Operating Account,01/16/2024,"New York Quality/Fidelis Ca Julie M Frances, P.C.",Cash-ATC-PC Operating Account
,Cash-ATC-PC Operating Account,01/16/2024,"New York Quality/Fidelis Ca Julie M Frances, P.C.",Insurance
,Cash-ATC-PC Operating Account,02/09/2024,"New York Quality/Fidelis Ca Julie M Frances, P.C.",Cash-ATC-PC Operating Account
,Cash-ATC-PC Operating Account,02/09/2024,"New York Quality/Fidelis Ca Julie M Frances, P.C.",Insurance
,Cash-ATC-PC Operating Account,03/18/2024,"New York Quality/Fidelis Ca Julie M Frances, P.C.",Cash-ATC-PC Operating Account
,Cash-ATC-PC Operating Account,03/18/2024,"New York Quality/Fidelis Ca Julie M Frances, P.C.",Insurance
,Cash-ATC-PC Operating Account,04/08/2024,"New York Quality/Fidelis Ca Julie M Frances, P.C.",Cash-ATC-PC Operating Account
,Cash-ATC-PC Operating Account,04/08/2024,"New York Quality/Fidelis Ca Julie M Frances, P.C.",Insurance
,Cash-ATC-PC Operating Account,06/04/2024,"New York Quality/Fidelis Ca Julie M Frances, P.C.",Cash-ATC-PC Operating Account
,Cash-ATC-PC Operating Account,06/04/2024,"New York Quality/Fidelis Ca Julie M Frances, P.C.",Insurance
,Cash-ATC-PC Operating Account,07/11/2024,"New York Quality/Fidelis Ca Julie M Frances, P.C.",Cash-ATC-PC Operating Account
,Cash-ATC-PC Operating Account,07/11/2024,"New York Quality/Fidelis Ca Julie M Frances, P.C.",Insurance
,Cash-ATC-PC Operating Account,08/06/2024,"New York Quality/Fidelis Ca Julie M Frances, P.C.",Cash-ATC-PC Operating Account
,Cash-ATC-PC Operating Account,08/06/2024,"New York Quality/Fidelis Ca Julie M Frances, P.C.",Insurance
,Cash-ATC-PC Operating Account,12/24/2024,"New York Quality/Fidelis Ca Julie M Frances, P.C.",Cash-ATC-PC Operating Account
,Cash-ATC-PC Operating Account,12/24/2024,"New York Quality/Fidelis Ca Julie M Frances, P.C.",Insurance
,Cash-ATC-PC Operating Account,12/24/2024,"New York Quality/Fidelis Ca Julie M Frances, P.C.",Cash-ATC-PC Operating Account
,Cash-ATC-PC Operating Account,12/24/2024,"New York Quality/Fidelis Ca Julie M Frances, P.C.",Insurance
,Cash-ATC-PC Operating Account,12/24/2024,"Rev: New York Quality/Fidelis Ca Julie M Frances, P.C.",Cash-ATC-PC Operating Account
,Cash-ATC-PC Operating Account,12/24/2024,"Rev: New York Quality/Fidelis Ca Julie M Frances, P.C.",Insurance
,Cash-ATC-PC Operating Account,12/24/2024,"Rev: New York Quality/Fidelis Ca Julie M Frances, P.C.",Cash-ATC-PC Operating Account
,Cash-ATC-PC Operating Account,12/24/2024,"Rev: New York Quality/Fidelis Ca Julie M Frances, P.C.",Insurance
The Beagle School,,,,
,Cash-ATC-PC Operating Account,01/16/2024,Beagle + more TO: DDXXXX3165,Cash-ATC-PC Operating Account
,Cash-ATC-PC Operating Account,01/16/2024,Beagle + more TO: DDXXXX3165,Shareholder Distribution
NYS Department of State,,,,
,Cash-ATC-PC Operating Account,01/24/2024,POS Purchase Non-PIN NYS DEPARTMENT OF STATE 518-4744429 NY 257460 *****9214 01/23 03:29,Cash-ATC-PC Operating Account
,Cash-ATC-PC Operating Account,01/24/2024,POS Purchase Non-PIN NYS DEPARTMENT OF STATE 518-4744429 NY 257460 *****9214 01/23 03:29,Fees & Licenses
NYS Employment Taxes,,,,
,Cash-ATC-PC Operating Account,01/31/2024,NYS DOL UI/Tax Paymnt UXXXXXXX0470,Cash-ATC-PC Operating Account
,Cash-ATC-PC Operating Account,01/31/2024,NYS DOL UI/Tax Paymnt UXXXXXXX0470,Payroll Liabilities
,Cash-ATC-PC Operating Account,04/30/2024,NYS DOL UI/Tax Paymnt UXXXXXXX2342,Cash-ATC-PC Operating Account
,Cash-ATC-PC Operating Account,04/30/2024,NYS DOL UI/Tax Paymnt UXXXXXXX2342,Payroll Liabilities
,Cash-ATC-PC Operating Account,10/31/2024,NYS DOL UI/Tax Paymnt UXXXXXXX2468,Cash-ATC-PC Operating Account
,Cash-ATC-PC Operating Account,10/31/2024,NYS DOL UI/Tax Paymnt UXXXXXXX2468,Payroll Liabilities
Cutter,,,,
,Cash-ATC-PC Operating Account,02/07/2024,,Cash-ATC-PC Operating Account
,Cash-ATC-PC Operating Account,02/07/2024,,Accounts receivable (A/R)
"Grigas, Michael",,,,
,Cash-ATC-PC Operating Account,02/16/2024,MyCase/WEB PMTS The Law Office of Juli,Cash-ATC-PC Operating Account
,Cash-ATC-PC Operating Account,02/16/2024,MyCase/WEB PMTS The Law Office of Juli,Prepaid expenses
,Cash-ATC-PC Operating Account,07/22/2024,EI Grigas Invoice 20063 FROM: DDXXXX2666,Cash-ATC-PC Operating Account
,Cash-ATC-PC Operating Account,07/22/2024,inv 20063,Due to Client
,Cash-ATC-PC Operating Account,07/22/2024,EI Grigas Invoice 20063 FROM: DDXXXX2666,Legal Fee Income
,Cash-ATC-PC Operating Account,07/22/2024,EI Grigas Invoice 20063 FROM: DDXXXX2666,ADK Retainer Account
"Morris, Francis",,,,
,Cash-ATC-PC Operating Account,02/23/2024,24-02-23 Morris pay Invoice 20026 FROM: DDXXXX2666,Cash-ATC-PC Operating Account
,Cash-ATC-PC Operating Account,02/23/2024,24-02-23 Morris pay Invoice 20026 FROM: DDXXXX2666,Legal Fee Income
,Cash-ATC-PC Operating Account,02/23/2024,24-02-23 Morris pay Invoice 20026 FROM: DDXXXX2666,Due to Client
,Cash-ATC-PC Operating Account,02/23/2024,24-02-23 Morris pay Invoice 20026 FROM: DDXXXX2666,ADK Retainer Account
,Cash-ATC-PC Operating Account,02/28/2024,MyCase/WEB PMTS The Law Office of Juli,Cash-ATC-PC Operating Account
,Cash-ATC-PC Operating Account,02/28/2024,MyCase/WEB PMTS The Law Office of Juli,Prepaid expenses
,Cash-ATC-PC Operating Account,09/06/2024,PAY Morris Inv 20083 FROM: DDXXXX2666,Cash-ATC-PC Operating Account
,Cash-ATC-PC Operating Account,09/06/2024,PAY Morris Inv 20083 FROM: DDXXXX2666,Legal Fee Income
,Cash-ATC-PC Operating Account,09/06/2024,PAY Morris Inv 20083 FROM: DDXXXX2666,Due to Client
,Cash-ATC-PC Operating Account,09/06/2024,PAY Morris Inv 20083 FROM: DDXXXX2666,ADK Retainer Account
"Wager, James",,,,
,Cash-ATC-PC Operating Account,03/11/2024,Wager Invoice 20027 FROM: DDXXXX2666,Cash-ATC-PC Operating Account
,Cash-ATC-PC Operating Account,03/11/2024,inv 20027,Legal Fee Income
,Cash-ATC-PC Operating Account,03/11/2024,Wager Invoice 20027 FROM: DDXXXX2666,Due to Client
,Cash-ATC-PC Operating Account,03/11/2024,Wager Invoice 20027 FROM: DDXXXX2666,ADK Retainer Account
NYS Dept of State,,,,
,Cash-ATC-PC Operating Account,03/19/2024,NYS DTF CT/Tax Paymnt CLXXXXXX0595,Cash-ATC-PC Operating Account
,Cash-ATC-PC Operating Account,03/19/2024,NYS DTF CT/Tax Paymnt CLXXXXXX0595,Taxes-Corp
"Warrington, Freda",,,,
,Cash-ATC-PC Operating Account,03/28/2024,24-03-22 Warrington Pay inv 20029 FROM: DDXXXX2666,Cash-ATC-PC Operating Account
,Cash-ATC-PC Operating Account,03/28/2024,inv 20029,Legal Fee Income
,Cash-ATC-PC Operating Account,03/28/2024,24-03-22 Warrington Pay inv 20029 FROM: DDXXXX2666,Due to Client
,Cash-ATC-PC Operating Account,03/28/2024,24-03-22 Warrington Pay inv 20029 FROM: DDXXXX2666,ADK Retainer Account
USPS,,,,
,Cash-ATC-PC Operating Account,04/01/2024,POS Purchase Non-PIN USPS PO XXXXXX0867 SARATOGA SPRI NY INB900 *****9214 03/29 04:31,Cash-ATC-PC Operating Account
,Cash-ATC-PC Operating Account,04/01/2024,POS Purchase Non-PIN USPS PO XXXXXX0867 SARATOGA SPRI NY INB900 *****9214 03/29 04:31,Office Supplies:Postage and Delivery
Deluxe,,,,
,Cash-ATC-PC Operating Account,04/02/2024,DELUXE BUS SYS./BUS PRODS UNKNOWN,Cash-ATC-PC Operating Account
,Cash-ATC-PC Operating Account,04/02/2024,DELUXE BUS SYS./BUS PRODS UNKNOWN,Office expenses:Office supplies
Wishing Well,,,,
,Cash-ATC-PC Operating Account,04/08/2024,POS Purchase Non-PIN WISHING WELL GANSEVOORT NY 034938 *****9214 04/05 14:31,Cash-ATC-PC Operating Account
,Cash-ATC-PC Operating Account,04/08/2024,POS Purchase Non-PIN WISHING WELL GANSEVOORT NY 034938 *****9214 04/05 14:31,Meals and Entertainment
,Cash-ATC-PC Operating Account,09/30/2024,POS Purchase Non-PIN WISHING WELL GANSEVOORT NY 034938 *****9214 09/27 16:15,Cash-ATC-PC Operating Account
,Cash-ATC-PC Operating Account,09/30/2024,POS Purchase Non-PIN WISHING WELL GANSEVOORT NY 034938 *****9214 09/27 16:15,Meals and Entertainment
,Cash-ATC-PC Operating Account,12/23/2024,POS Purchase Non-PIN WISHING WELL GANSEVOORT NY 034938 *****9214 12/21 13:41,Cash-ATC-PC Operating Account
,Cash-ATC-PC Operating Account,12/23/2024,POS Purchase Non-PIN WISHING WELL GANSEVOORT NY 034938 *****9214 12/21 13:41,Meals and Entertainment
Boca Bistro,,,,
,Cash-ATC-PC Operating Account,04/08/2024,POS Purchase Non-PIN BOCA BISTRO LLC SARATOGA SPRI NY 025994 *****9214 04/05 00:08,Cash-ATC-PC Operating Account
,Cash-ATC-PC Operating Account,04/08/2024,POS Purchase Non-PIN BOCA BISTRO LLC SARATOGA SPRI NY 025994 *****9214 04/05 00:08,Meals and Entertainment
,Cash-ATC-PC Operating Account,08/20/2024,POS Purchase Non-PIN BOCA BISTRO LLC SARATOGA SPRI NY 025994 *****9214 08/18 14:32,Cash-ATC-PC Operating Account
,Cash-ATC-PC Operating Account,08/20/2024,POS Purchase Non-PIN BOCA BISTRO LLC SARATOGA SPRI NY 025994 *****9214 08/18 14:32,Meals and Entertainment
VanVranken,,,,
,Cash-ATC-PC Operating Account,04/17/2024,,Cash-ATC-PC Operating Account
,Cash-ATC-PC Operating Account,04/17/2024,,Sales
"Dewein, Karl",,,,
,Cash-ATC-PC Operating Account,04/26/2024,MyCase/WEB PMTS The Law Office of Juli,Cash-ATC-PC Operating Account
,Cash-ATC-PC Operating Account,04/26/2024,MyCase/WEB PMTS The Law Office of Juli,Prepaid expenses
"Hobbins, Charlies",,,,
,Cash-ATC-PC Operating Account,05/24/2024,MYCASE/Funds Disb MyCase,Cash-ATC-PC Operating Account
,Cash-ATC-PC Operating Account,05/24/2024,MYCASE/Funds Disb MyCase,Legal Fee Income
,Cash-ATC-PC Operating Account,05/29/2024,MyCase/WEB PMTS The Law Office of Juli,Cash-ATC-PC Operating Account
,Cash-ATC-PC Operating Account,05/29/2024,MyCase/WEB PMTS The Law Office of Juli,Prepaid Client expenses
,Cash-ATC-PC Operating Account,09/09/2024,24-09-09 PAY Valentine Inv 20081 FROM: D DXXXX2666,Cash-ATC-PC Operating Account
,Cash-ATC-PC Operating Account,09/09/2024,inv 20081,Legal Fee Income
,Cash-ATC-PC Operating Account,09/09/2024,24-09-09 PAY Valentine Inv 20081 FROM: D DXXXX2666,Due to Client
,Cash-ATC-PC Operating Account,09/09/2024,24-09-09 PAY Valentine Inv 20081 FROM: D DXXXX2666,ADK Retainer Account
,Cash-ATC-PC Operating Account,09/13/2024,24-09-13 PAY Valentine Inv 20085 FROM: D DXXXX2666,Cash-ATC-PC Operating Account
,Cash-ATC-PC Operating Account,09/13/2024,inv 20085,Legal Fee Income
,Cash-ATC-PC Operating Account,09/13/2024,24-09-13 PAY Valentine Inv 20085 FROM: D DXXXX2666,ADK Retainer Account
,Cash-ATC-PC Operating Account,09/13/2024,24-09-13 PAY Valentine Inv 20085 FROM: D DXXXX2666,Due to Client
,Cash-ATC-PC Operating Account,10/03/2024,MyCase/WEB PMTS The Law Office of Juli,Cash-ATC-PC Operating Account
,Cash-ATC-PC Operating Account,10/03/2024,MyCase/WEB PMTS The Law Office of Juli,Prepaid Client expenses
,Cash-ATC-PC Operating Account,12/19/2024,MYCASE/Funds Disb MyCase,Cash-ATC-PC Operating Account
,Cash-ATC-PC Operating Account,12/19/2024,MYCASE/Funds Disb MyCase,Legal Fee Income
,Cash-ATC-PC Operating Account,12/23/2024,MyCase/WEB PMTS The Law Office of Juli,Cash-ATC-PC Operating Account
,Cash-ATC-PC Operating Account,12/23/2024,MyCase/WEB PMTS The Law Office of Juli,Prepaid Client expenses
Target,,,,
,Cash-ATC-PC Operating Account,05/28/2024,POS Purchase Non-PIN TARGET T-1271 Saratoga Spri NY 312710 *****9214 05/24 20:28,Cash-ATC-PC Operating Account
,Cash-ATC-PC Operating Account,05/28/2024,POS Purchase Non-PIN TARGET T-1271 Saratoga Spri NY 312710 *****9214 05/24 20:28,Office expenses:Office supplies
Forno Toscano Bistro,,,,
,Cash-ATC-PC Operating Account,06/03/2024,POS Purchase Non-PIN FORNO TOSCANO BISTRO SARATOGA SPRI NY 025962 *****9214 06/01 16:58,Cash-ATC-PC Operating Account
,Cash-ATC-PC Operating Account,06/03/2024,POS Purchase Non-PIN FORNO TOSCANO BISTRO SARATOGA SPRI NY 025962 *****9214 06/01 16:58,Meals and Entertainment
"Batz, Rachel",,,,
,Cash-ATC-PC Operating Account,06/03/2024,MyCase/WEB PMTS The Law Office of Juli,Cash-ATC-PC Operating Account
,Cash-ATC-PC Operating Account,06/03/2024,MyCase/WEB PMTS The Law Office of Juli,Prepaid Client expenses
CVS Pharmacy,,,,
,Cash-ATC-PC Operating Account,06/11/2024,POS Purchase Non-PIN CVS/PHARMACY #03379 Wilton NY 303379 *****9214 06/11 13:43,Cash-ATC-PC Operating Account
,Cash-ATC-PC Operating Account,06/11/2024,POS Purchase Non-PIN CVS/PHARMACY #03379 Wilton NY 303379 *****9214 06/11 13:43,Office expenses:Office supplies
,Cash-ATC-PC Operating Account,07/29/2024,POS Purchase Non-PIN CVS/PHARMACY #03379 Wilton NY 303379 *****9214 07/27 09:35,Cash-ATC-PC Operating Account
,Cash-ATC-PC Operating Account,07/29/2024,POS Purchase Non-PIN CVS/PHARMACY #03379 Wilton NY 303379 *****9214 07/27 09:35,Office expenses:Office supplies
,Cash-ATC-PC Operating Account,11/20/2024,POS Purchase Non-PIN CVS/PHARMACY #03379 Wilton NY 303379 *****9214 11/20 09:12,Cash-ATC-PC Operating Account
,Cash-ATC-PC Operating Account,11/20/2024,POS Purchase Non-PIN CVS/PHARMACY #03379 Wilton NY 303379 *****9214 11/20 09:12,Office expenses:Office supplies
,Cash-ATC-PC Operating Account,01/08/2025,POS Purchase Non-PIN CVS/PHARMACY #03379 Wilton NY 303379 *****9214 01/08 10:12,Cash-ATC-PC Operating Account
,Cash-ATC-PC Operating Account,01/08/2025,POS Purchase Non-PIN CVS/PHARMACY #03379 Wilton NY 303379 *****9214 01/08 10:12,Office Supplies
,Cash-ATC-PC Operating Account,12/23/2025,POS Purchase Non-PIN CVS/PHARMACY #03379 WILTON NY INA500 *****9214 12/22 05:02,Cash-ATC-PC Operating Account
,Cash-ATC-PC Operating Account,12/23/2025,POS Purchase Non-PIN CVS/PHARMACY #03379 WILTON NY INA500 *****9214 12/22 05:02,Office Supplies
Warren tire,,,,
,Cash-ATC-PC Operating Account,06/12/2024,POS Purchase Non-PIN WARREN TIRE SERVICE - 1 WILTON NY 980001 *****9214 06/11 15:55,Cash-ATC-PC Operating Account
,Cash-ATC-PC Operating Account,06/12/2024,POS Purchase Non-PIN WARREN TIRE SERVICE - 1 WILTON NY 980001 *****9214 06/11 15:55,Vehicle Expense
Blume,,,,
,Cash-ATC-PC Operating Account,06/21/2024,,Cash-ATC-PC Operating Account
,Cash-ATC-PC Operating Account,06/21/2024,,Accounts receivable (A/R)
DeLaze Laden Services,,,,
,Cash-ATC-PC Operating Account,06/25/2024,Check 3108 Check,Cash-ATC-PC Operating Account
,Cash-ATC-PC Operating Account,06/25/2024,Check 3108 Check,Prepaid Client expenses
"Horwedel, Kaysie",,,,
,Cash-ATC-PC Operating Account,06/25/2024,MyCase/WEB PMTS The Law Office of Juli,Cash-ATC-PC Operating Account
,Cash-ATC-PC Operating Account,06/25/2024,MyCase/WEB PMTS The Law Office of Juli,Prepaid Client expenses
,Cash-ATC-PC Operating Account,07/22/2024,Horwedel pay - 20062 FROM: DDXXXX2666,Cash-ATC-PC Operating Account
,Cash-ATC-PC Operating Account,07/22/2024,inv 20062,Legal Fee Income
,Cash-ATC-PC Operating Account,07/22/2024,Horwedel pay - 20062 FROM: DDXXXX2666,Due to Client
,Cash-ATC-PC Operating Account,07/22/2024,Horwedel pay - 20062 FROM: DDXXXX2666,ADK Retainer Account
,Cash-ATC-PC Operating Account,09/19/2024,,Cash-ATC-PC Operating Account
,Cash-ATC-PC Operating Account,09/19/2024,,Due to Client
,Cash-ATC-PC Operating Account,09/19/2024,,ADK Retainer Account
,Cash-ATC-PC Operating Account,09/19/2024,,Undeposited Funds-1
Cantina Saratoga Springs,,,,
,Cash-ATC-PC Operating Account,06/26/2024,POS Purchase Non-PIN CANTINA SARATOGA SPRI NY 035018 *****9214 06/24 14:32,Cash-ATC-PC Operating Account
,Cash-ATC-PC Operating Account,06/26/2024,POS Purchase Non-PIN CANTINA SARATOGA SPRI NY 035018 *****9214 06/24 14:32,Meals and Entertainment
,Cash-ATC-PC Operating Account,11/04/2024,POS Purchase Non-PIN CANTINA SARATOGA SPRI NY 035018 *****9214 11/02 15:21,Cash-ATC-PC Operating Account
,Cash-ATC-PC Operating Account,11/04/2024,POS Purchase Non-PIN CANTINA SARATOGA SPRI NY 035018 *****9214 11/02 15:21,Meals and Entertainment
,Cash-ATC-PC Operating Account,02/10/2025,POS Purchase Non-PIN CANTINA SARATOGA SPRI NY 035018 *****9214 02/07 16:13,Cash-ATC-PC Operating Account
,Cash-ATC-PC Operating Account,02/10/2025,POS Purchase Non-PIN CANTINA SARATOGA SPRI NY 035018 *****9214 02/07 16:13,Meals and Entertainment
,Cash-ATC-PC Operating Account,03/05/2025,POS Purchase Non-PIN CANTINA SARATOGA SPRI NY 035018 *****9214 03/03 14:59,Cash-ATC-PC Operating Account
,Cash-ATC-PC Operating Account,03/05/2025,POS Purchase Non-PIN CANTINA SARATOGA SPRI NY 035018 *****9214 03/03 14:59,Meals and Entertainment
,Cash-ATC-PC Operating Account,07/07/2025,POS Purchase Non-PIN CANTINA SARATOGA SPRI NY 035018 *****9214 07/03 13:20,Cash-ATC-PC Operating Account
,Cash-ATC-PC Operating Account,07/07/2025,POS Purchase Non-PIN CANTINA SARATOGA SPRI NY 035018 *****9214 07/03 13:20,Meals and Entertainment
,Cash-ATC-PC Operating Account,10/14/2025,POS Purchase Non-PIN CANTINA SARATOGA SPRI NY 03501812 *****9214 10/09 18:11,Cash-ATC-PC Operating Account
,Cash-ATC-PC Operating Account,10/14/2025,POS Purchase Non-PIN CANTINA SARATOGA SPRI NY 03501812 *****9214 10/09 18:11,Meals and Entertainment
,Cash-ATC-PC Operating Account,11/10/2025,POS Purchase Non-PIN CANTINA SARATOGA SPRI NY 03501812 *****9214 11/07 15:42,Cash-ATC-PC Operating Account
,Cash-ATC-PC Operating Account,11/10/2025,POS Purchase Non-PIN CANTINA SARATOGA SPRI NY 03501812 *****9214 11/07 15:42,Meals and Entertainment
BJ's Wholesale Club,,,,
,Cash-ATC-PC Operating Account,06/27/2024,POS Purchase Non-PIN BJS WHOLESALE #0066 SARATOGA NY IN7500 *****9214 06/26 03:37,Cash-ATC-PC Operating Account
,Cash-ATC-PC Operating Account,06/27/2024,POS Purchase Non-PIN BJS WHOLESALE #0066 SARATOGA NY IN7500 *****9214 06/26 03:37,Meals and Entertainment
,Cash-ATC-PC Operating Account,12/02/2024,POS Purchase Non-PIN BJS WHOLESALE #0066 SARATOGA NY INA500 *****9214 12/01 06:48,Cash-ATC-PC Operating Account
,Cash-ATC-PC Operating Account,12/02/2024,POS Purchase Non-PIN BJS WHOLESALE #0066 SARATOGA NY INA500 *****9214 12/01 06:48,Meals and Entertainment
,Cash-ATC-PC Operating Account,12/23/2024,POS Purchase Non-PIN BJS WHOLESALE #0066 SARATOGA NY IN6600 *****9214 12/22 06:51,Cash-ATC-PC Operating Account
,Cash-ATC-PC Operating Account,12/23/2024,POS Purchase Non-PIN BJS WHOLESALE #0066 SARATOGA NY IN6600 *****9214 12/22 06:51,Shareholder Distribution
"Balac, Elizabeth",,,,
,Cash-ATC-PC Operating Account,06/27/2024,Balac PAY Inv. 20058 FROM: DDXXXX2666,Cash-ATC-PC Operating Account
,Cash-ATC-PC Operating Account,06/27/2024,inv 20058,Legal Fee Income
,Cash-ATC-PC Operating Account,06/27/2024,Balac PAY Inv. 20058 FROM: DDXXXX2666,Due to Client
,Cash-ATC-PC Operating Account,06/27/2024,Balac PAY Inv. 20058 FROM: DDXXXX2666,ADK Retainer Account
,Cash-ATC-PC Operating Account,08/06/2024,24-08-06 Balac PAY Invoice 20072 FROM: D DXXXX2666,Cash-ATC-PC Operating Account
,Cash-ATC-PC Operating Account,08/06/2024,inv 20072,Legal Fee Income
,Cash-ATC-PC Operating Account,08/06/2024,24-08-06 Balac PAY Invoice 20072 FROM: D DXXXX2666,Due to Client
,Cash-ATC-PC Operating Account,08/06/2024,24-08-06 Balac PAY Invoice 20072 FROM: D DXXXX2666,ADK Retainer Account
,Cash-ATC-PC Operating Account,11/14/2024,Deposit - inv 20095,Cash-ATC-PC Operating Account
,Cash-ATC-PC Operating Account,11/14/2024,Deposit - inv 20095,Legal Fee Income
Max London's,,,,
,Cash-ATC-PC Operating Account,07/05/2024,POS Purchase Non-PIN MAX LONDON`S SARATOGA SPRI NY IN1400 *****9214 07/04 20:52,Cash-ATC-PC Operating Account
,Cash-ATC-PC Operating Account,07/05/2024,POS Purchase Non-PIN MAX LONDON`S SARATOGA SPRI NY IN1400 *****9214 07/04 20:52,Meals and Entertainment
,Cash-ATC-PC Operating Account,11/04/2024,POS Purchase Non-PIN MAX LONDON`S SARATOGA SPRI NY IN1090 *****9214 11/02 22:39,Cash-ATC-PC Operating Account
,Cash-ATC-PC Operating Account,11/04/2024,POS Purchase Non-PIN MAX LONDON`S SARATOGA SPRI NY IN1090 *****9214 11/02 22:39,Meals and Entertainment
,Cash-ATC-PC Operating Account,11/18/2024,POS Purchase Non-PIN MAX LONDON`S SARATOGA SPRI NY IN9000 *****9214 11/16 22:06,Cash-ATC-PC Operating Account
,Cash-ATC-PC Operating Account,11/18/2024,POS Purchase Non-PIN MAX LONDON`S SARATOGA SPRI NY IN9000 *****9214 11/16 22:06,Meals and Entertainment
,Cash-ATC-PC Operating Account,10/06/2025,POS Purchase Non-PIN MAX LONDON`S SARATOGA SPRI NY INB600 *****9214 10/04 22:59,Cash-ATC-PC Operating Account
,Cash-ATC-PC Operating Account,10/06/2025,POS Purchase Non-PIN MAX LONDON`S SARATOGA SPRI NY INB600 *****9214 10/04 22:59,Meals and Entertainment
Stewarts,,,,
,Cash-ATC-PC Operating Account,07/10/2024,POS Purchase Non-PIN STEWART'S SHOP 495 SARATOGA SPRI NY 232704 *****9214 07/09 00:33,Cash-ATC-PC Operating Account
,Cash-ATC-PC Operating Account,07/10/2024,POS Purchase Non-PIN STEWART'S SHOP 495 SARATOGA SPRI NY 232704 *****9214 07/09 00:33,Vehicle expenses:Vehicle gas & fuel
,Cash-ATC-PC Operating Account,10/07/2024,POS Purchase Non-PIN STEWARTS SHOP 246 GANSEVOORT NY 688744 *****9214 10/05 00:04,Cash-ATC-PC Operating Account
,Cash-ATC-PC Operating Account,10/07/2024,POS Purchase Non-PIN STEWARTS SHOP 246 GANSEVOORT NY 688744 *****9214 10/05 00:04,Vehicle expenses:Vehicle gas & fuel
Wheatfields,,,,
,Cash-ATC-PC Operating Account,07/11/2024,POS Purchase Non-PIN TST* WHEATFIELDS RESTAU Saratoga Spri NY IN1400 *****9214 07/10 09:57,Cash-ATC-PC Operating Account
,Cash-ATC-PC Operating Account,07/11/2024,POS Purchase Non-PIN TST* WHEATFIELDS RESTAU Saratoga Spri NY IN1400 *****9214 07/10 09:57,Meals and Entertainment
,Cash-ATC-PC Operating Account,09/12/2024,POS Purchase Non-PIN TST*WHEATFIELDS RESTAUR Saratoga Spri NY IN7200 *****9214 09/11 23:15,Cash-ATC-PC Operating Account
,Cash-ATC-PC Operating Account,09/12/2024,POS Purchase Non-PIN TST*WHEATFIELDS RESTAUR Saratoga Spri NY IN7200 *****9214 09/11 23:15,Meals and Entertainment
,Cash-ATC-PC Operating Account,01/02/2025,POS Purchase Non-PIN TST*WHEATFIELDS RESTAUR Saratoga Spri NY IN1410 *****9214 12/31 09:37,Cash-ATC-PC Operating Account
,Cash-ATC-PC Operating Account,01/02/2025,POS Purchase Non-PIN TST*WHEATFIELDS RESTAUR Saratoga Spri NY IN1410 *****9214 12/31 09:37,Meals and Entertainment
,Cash-ATC-PC Operating Account,01/21/2025,POS Purchase Non-PIN TST*WHEATFIELDS RESTAUR Saratoga Spri NY IN1400 *****9214 01/19 23:10,Cash-ATC-PC Operating Account
,Cash-ATC-PC Operating Account,01/21/2025,POS Purchase Non-PIN TST*WHEATFIELDS RESTAUR Saratoga Spri NY IN1400 *****9214 01/19 23:10,Meals and Entertainment
,Cash-ATC-PC Operating Account,11/17/2025,POS Purchase Non-PIN TST*WHEATFIELDS RESTAUR Saratoga Spri NY INB600 *****9214 11/15 02:53,Cash-ATC-PC Operating Account
,Cash-ATC-PC Operating Account,11/17/2025,POS Purchase Non-PIN TST*WHEATFIELDS RESTAUR Saratoga Spri NY INB600 *****9214 11/15 02:53,Meals and Entertainment
NYS Unemployment Insurance,,,,
,Cash-ATC-PC Operating Account,07/16/2024,Check 3114 Check,Cash-ATC-PC Operating Account
,Cash-ATC-PC Operating Account,07/16/2024,Check 3114 Check,Payroll Expense:Disability Insurance
Heeney,,,,
,Cash-ATC-PC Operating Account,07/23/2024,,Cash-ATC-PC Operating Account
,Cash-ATC-PC Operating Account,07/23/2024,,Sales
Delage Financial Services,,,,
,Cash-ATC-PC Operating Account,07/29/2024,Check 3116 Check,Cash-ATC-PC Operating Account
,Cash-ATC-PC Operating Account,07/29/2024,Check 3116 Check,Prepaid Client expenses
,Cash-ATC-PC Operating Account,09/11/2024,Check 3131 Check,Cash-ATC-PC Operating Account
,Cash-ATC-PC Operating Account,09/11/2024,Check 3131 Check,Office Supplies
,Cash-ATC-PC Operating Account,10/01/2024,Check 3141 Check,Cash-ATC-PC Operating Account
,Cash-ATC-PC Operating Account,10/01/2024,Check 3141 Check,Office expenses
,Cash-ATC-PC Operating Account,10/28/2024,Check 3157 Check,Cash-ATC-PC Operating Account
,Cash-ATC-PC Operating Account,10/28/2024,Check 3157 Check,Office expenses
"White, Michael",,,,
,Cash-ATC-PC Operating Account,07/30/2024,MYCASE/Funds Disb MyCase,Cash-ATC-PC Operating Account
,Cash-ATC-PC Operating Account,07/30/2024,MYCASE/Funds Disb MyCase,Legal Fee Income
,Cash-ATC-PC Operating Account,08/01/2024,MyCase/WEB PMTS The Law Office of Juli,Cash-ATC-PC Operating Account
,Cash-ATC-PC Operating Account,08/01/2024,MyCase/WEB PMTS The Law Office of Juli,Prepaid Client expenses
"Barton, Peter",,,,
,Cash-ATC-PC Operating Account,08/06/2024,24-08-06 Barton PAY Number 20073 FROM: D DXXXX2666,Cash-ATC-PC Operating Account
,Cash-ATC-PC Operating Account,08/06/2024,inv 20073,Due to Client
,Cash-ATC-PC Operating Account,08/06/2024,24-08-06 Barton PAY Number 20073 FROM: D DXXXX2666,ADK Retainer Account
,Cash-ATC-PC Operating Account,08/06/2024,24-08-06 Barton PAY Number 20073 FROM: D DXXXX2666,Legal Fee Income
,Cash-ATC-PC Operating Account,10/30/2024,Deposit - inv 20103,Cash-ATC-PC Operating Account
,Cash-ATC-PC Operating Account,10/30/2024,Deposit - inv 20103,Legal Fee Income
My Case,,,,
,Cash-ATC-PC Operating Account,08/09/2024,MyCase/WEB PMTS The Law Office of Juli,Cash-ATC-PC Operating Account
,Cash-ATC-PC Operating Account,08/09/2024,MyCase/WEB PMTS The Law Office of Juli,Prepaid Client expenses
,Cash-ATC-PC Operating Account,08/09/2024,MyCase/WEB PMTS The Law Office of Juli,Prepaid Client expenses
,Cash-ATC-PC Operating Account,08/16/2024,MyCase/WEB PMTS The Law Office of Juli,Cash-ATC-PC Operating Account
,Cash-ATC-PC Operating Account,08/16/2024,MyCase/WEB PMTS The Law Office of Juli,Prepaid Client expenses
,Cash-ATC-PC Operating Account,08/16/2024,MyCase/WEB PMTS The Law Office of Juli,Prepaid Client expenses
,Cash-ATC-PC Operating Account,10/01/2024,MyCase/WEB PMTS The Law Office of Juli,Cash-ATC-PC Operating Account
,Cash-ATC-PC Operating Account,10/01/2024,MyCase/WEB PMTS The Law Office of Juli,Prepaid Client expenses
,Cash-ATC-PC Operating Account,10/01/2024,MyCase/WEB PMTS The Law Office of Juli,Prepaid Client expenses
,Cash-ATC-PC Operating Account,12/19/2024,MyCase/WEB PMTS The Law Office of Juli,Cash-ATC-PC Operating Account
,Cash-ATC-PC Operating Account,12/19/2024,MyCase/WEB PMTS The Law Office of Juli,Prepaid Client expenses
,Cash-ATC-PC Operating Account,12/19/2024,MyCase/WEB PMTS The Law Office of Juli,Prepaid Client expenses
,Cash-ATC-PC Operating Account,12/19/2024,MyCase/WEB PMTS The Law Office of Juli,Prepaid Client expenses
"Kohls, Meagan",,,,
,Cash-ATC-PC Operating Account,08/13/2024,MyCase/WEB PMTS The Law Office of Juli,Cash-ATC-PC Operating Account
,Cash-ATC-PC Operating Account,08/13/2024,MyCase/WEB PMTS The Law Office of Juli,Prepaid Client expenses
,Cash-ATC-PC Operating Account,10/01/2024,24-10-01-PAY Kohls Inv 20094 FROM: DDXXX X2666,Cash-ATC-PC Operating Account
,Cash-ATC-PC Operating Account,10/01/2024,24-10-01-PAY Kohls Inv 20094 FROM: DDXXX X2666,Legal Fee Income
,Cash-ATC-PC Operating Account,10/01/2024,24-10-01-PAY Kohls Inv 20094 FROM: DDXXX X2666,ADK Retainer Account
,Cash-ATC-PC Operating Account,10/01/2024,24-10-01-PAY Kohls Inv 20094 FROM: DDXXX X2666,Due to Client
Mercantile Kitchen & Bar,,,,
,Cash-ATC-PC Operating Account,08/19/2024,POS Purchase Non-PIN MERCANTILE KITCHEN & BA SARATOGA SPRI NY 026095 *****9214 08/16 16:33,Cash-ATC-PC Operating Account
,Cash-ATC-PC Operating Account,08/19/2024,POS Purchase Non-PIN MERCANTILE KITCHEN & BA SARATOGA SPRI NY 026095 *****9214 08/16 16:33,Meals and Entertainment
,Cash-ATC-PC Operating Account,09/30/2024,POS Purchase Non-PIN MERCANTILE KITCHEN & BA SARATOGA SPRI NY 026095 *****9214 09/27 15:17,Cash-ATC-PC Operating Account
,Cash-ATC-PC Operating Account,09/30/2024,POS Purchase Non-PIN MERCANTILE KITCHEN & BA SARATOGA SPRI NY 026095 *****9214 09/27 15:17,Meals and Entertainment
,Cash-ATC-PC Operating Account,12/23/2024,POS Purchase Non-PIN MERCANTILE KITCHEN & BA SARATOGA SPRI NY 026095 *****9214 12/19 15:01,Cash-ATC-PC Operating Account
,Cash-ATC-PC Operating Account,12/23/2024,POS Purchase Non-PIN MERCANTILE KITCHEN & BA SARATOGA SPRI NY 026095 *****9214 12/19 15:01,Meals
,Cash-ATC-PC Operating Account,04/21/2025,POS Purchase Non-PIN MERCANTILE KITCHEN & BA SARATOGA SPRI NY 026095 *****9214 04/20 12:09,Cash-ATC-PC Operating Account
,Cash-ATC-PC Operating Account,04/21/2025,POS Purchase Non-PIN MERCANTILE KITCHEN & BA SARATOGA SPRI NY 026095 *****9214 04/20 12:09,Meals and Entertainment
,Cash-ATC-PC Operating Account,05/16/2025,POS Purchase Non-PIN MERCANTILE KITCHEN & BA SARATOGA SPRI NY 026095 *****9214 05/14 14:53,Cash-ATC-PC Operating Account
,Cash-ATC-PC Operating Account,05/16/2025,POS Purchase Non-PIN MERCANTILE KITCHEN & BA SARATOGA SPRI NY 026095 *****9214 05/14 14:53,Meals and Entertainment
,Cash-ATC-PC Operating Account,06/30/2025,POS Purchase Non-PIN MERCANTILE KITCHEN & BA SARATOGA SPRI NY 026095 *****9214 06/27 14:28,Cash-ATC-PC Operating Account
,Cash-ATC-PC Operating Account,06/30/2025,POS Purchase Non-PIN MERCANTILE KITCHEN & BA SARATOGA SPRI NY 026095 *****9214 06/27 14:28,Meals and Entertainment
,Cash-ATC-PC Operating Account,09/22/2025,POS Purchase Non-PIN MERCANTILE KITCHEN & BA SARATOGA SPRI NY 02609565 *****9214 09/19 14:12,Cash-ATC-PC Operating Account
,Cash-ATC-PC Operating Account,09/22/2025,POS Purchase Non-PIN MERCANTILE KITCHEN & BA SARATOGA SPRI NY 02609565 *****9214 09/19 14:12,Meals and Entertainment
,Cash-ATC-PC Operating Account,10/06/2025,POS Purchase Non-PIN MERCANTILE KITCHEN & BA SARATOGA SPRI NY 02609565 *****9214 10/04 12:46,Cash-ATC-PC Operating Account
,Cash-ATC-PC Operating Account,10/06/2025,POS Purchase Non-PIN MERCANTILE KITCHEN & BA SARATOGA SPRI NY 02609565 *****9214 10/04 12:46,Meals and Entertainment
"Emmitt, Rachael",,,,
,Cash-ATC-PC Operating Account,08/21/2024,MyCase/WEB PMTS The Law Office of Juli,Cash-ATC-PC Operating Account
,Cash-ATC-PC Operating Account,08/21/2024,MyCase/WEB PMTS The Law Office of Juli,Prepaid Client expenses
Ria Carley,,,,
,Cash-ATC-PC Operating Account,08/27/2024,Check 3132 Check,Cash-ATC-PC Operating Account
,Cash-ATC-PC Operating Account,08/27/2024,Check 3132 Check,Prepaid Client expenses
NYC Sheriff's office,,,,
,Cash-ATC-PC Operating Account,09/06/2024,Check 3120 Check,Cash-ATC-PC Operating Account
,Cash-ATC-PC Operating Account,09/06/2024,Check 3120 Check,Prepaid Client expenses
,Cash-ATC-PC Operating Account,10/09/2024,Check 3121 Check,Cash-ATC-PC Operating Account
,Cash-ATC-PC Operating Account,10/09/2024,Check 3121 Check,Prepaid Client expenses
Colaroutolo,,,,
,Cash-ATC-PC Operating Account,09/09/2024,PAY Colarutolo Inv 20082 FROM: DDXXXX266 6,Cash-ATC-PC Operating Account
,Cash-ATC-PC Operating Account,09/09/2024,PAY Colarutolo Inv 20082 FROM: DDXXXX266 6,Legal Fee Income
,Cash-ATC-PC Operating Account,09/09/2024,PAY Colarutolo Inv 20082 FROM: DDXXXX266 6,Due to Client
,Cash-ATC-PC Operating Account,09/09/2024,PAY Colarutolo Inv 20082 FROM: DDXXXX266 6,ADK Retainer Account
"Wallis, Cathleen",,,,
,Cash-ATC-PC Operating Account,09/19/2024,Deposit,Cash-ATC-PC Operating Account
,Cash-ATC-PC Operating Account,09/19/2024,Deposit,Ask My Accountant
"Keatley, Nancy",,,,
,Cash-ATC-PC Operating Account,09/20/2024,Deposit,Cash-ATC-PC Operating Account
,Cash-ATC-PC Operating Account,09/20/2024,Deposit,Ask My Accountant
"Voorhies, Rebecca",,,,
,Cash-ATC-PC Operating Account,09/25/2024,MyCase/WEB PMTS The Law Office of Juli,Cash-ATC-PC Operating Account
,Cash-ATC-PC Operating Account,09/25/2024,MyCase/WEB PMTS The Law Office of Juli,Prepaid Client expenses
DAH,,,,
,Cash-ATC-PC Operating Account,10/02/2024,Deposit,Cash-ATC-PC Operating Account
,Cash-ATC-PC Operating Account,10/02/2024,Deposit,Ask My Accountant
,Cash-ATC-PC Operating Account,10/04/2024,Deposit,Cash-ATC-PC Operating Account
,Cash-ATC-PC Operating Account,10/04/2024,Deposit,Ask My Accountant
,Cash-ATC-PC Operating Account,10/15/2024,Deposit,Cash-ATC-PC Operating Account
,Cash-ATC-PC Operating Account,10/15/2024,Deposit,Ask My Accountant
,Cash-ATC-PC Operating Account,10/21/2024,Deposit,Cash-ATC-PC Operating Account
,Cash-ATC-PC Operating Account,10/21/2024,Deposit,Ask My Accountant
,Cash-ATC-PC Operating Account,11/06/2024,Deposit,Cash-ATC-PC Operating Account
,Cash-ATC-PC Operating Account,11/06/2024,Deposit,Ask My Accountant
,Cash-ATC-PC Operating Account,11/18/2024,Deposit,Cash-ATC-PC Operating Account
,Cash-ATC-PC Operating Account,11/18/2024,Deposit,Ask My Accountant
,Cash-ATC-PC Operating Account,12/02/2024,Deposit,Cash-ATC-PC Operating Account
,Cash-ATC-PC Operating Account,12/02/2024,Deposit,Ask My Accountant
,Cash-ATC-PC Operating Account,12/19/2024,Deposit,Cash-ATC-PC Operating Account
,Cash-ATC-PC Operating Account,12/19/2024,Deposit,Ask My Accountant
Sunoco,,,,
,Cash-ATC-PC Operating Account,10/07/2024,POS Purchase Non-PIN SUNOCO XXXXXX2600 SARATOGA SPRI NY 052800 *****9214 10/05 04:40,Cash-ATC-PC Operating Account
,Cash-ATC-PC Operating Account,10/07/2024,POS Purchase Non-PIN SUNOCO XXXXXX2600 SARATOGA SPRI NY 052800 *****9214 10/05 04:40,Vehicle expenses:Vehicle gas & fuel
,Cash-ATC-PC Operating Account,10/15/2024,POS Purchase Non-PIN SUNOCO XXXXXX5400 GLOVERSVILLE NY 086600 *****9214 10/11 20:12,Cash-ATC-PC Operating Account
,Cash-ATC-PC Operating Account,10/15/2024,POS Purchase Non-PIN SUNOCO XXXXXX5400 GLOVERSVILLE NY 086600 *****9214 10/11 20:12,Vehicle expenses:Vehicle gas & fuel
"Zwijacz, Curtis",,,,
,Cash-ATC-PC Operating Account,10/10/2024,MyCase/WEB PMTS The Law Office of Juli,Cash-ATC-PC Operating Account
,Cash-ATC-PC Operating Account,10/10/2024,MyCase/WEB PMTS The Law Office of Juli,Prepaid Client expenses
Med X Waste,,,,
,Cash-ATC-PC Operating Account,10/11/2024,Check 3149 Check,Cash-ATC-PC Operating Account
,Cash-ATC-PC Operating Account,10/11/2024,Check 3149 Check,Utilities
,Cash-ATC-PC Operating Account,10/11/2024,Check 3153 Check,Cash-ATC-PC Operating Account
,Cash-ATC-PC Operating Account,10/11/2024,Check 3153 Check,Utilities
Coffee Planet,,,,
,Cash-ATC-PC Operating Account,10/17/2024,POS Purchase Non-PIN COFFEE PLANET INC MALTA NY 000084 *****9214 10/16 05:03,Cash-ATC-PC Operating Account
,Cash-ATC-PC Operating Account,10/17/2024,POS Purchase Non-PIN COFFEE PLANET INC MALTA NY 000084 *****9214 10/16 05:03,Meals and Entertainment
,Cash-ATC-PC Operating Account,11/19/2024,POS Purchase Non-PIN COFFEE PLANET INC MALTA NY 000084 *****9214 11/18 04:31,Cash-ATC-PC Operating Account
,Cash-ATC-PC Operating Account,11/19/2024,POS Purchase Non-PIN COFFEE PLANET INC MALTA NY 000084 *****9214 11/18 04:31,Meals and Entertainment
,Cash-ATC-PC Operating Account,02/25/2025,POS Purchase Non-PIN COFFEE PLANET INC MALTA NY 000084 *****9214 02/24 04:47,Cash-ATC-PC Operating Account
,Cash-ATC-PC Operating Account,02/25/2025,POS Purchase Non-PIN COFFEE PLANET INC MALTA NY 000084 *****9214 02/24 04:47,Meals
The Nook,,,,
,Cash-ATC-PC Operating Account,10/17/2024,Check 3161 Check,Cash-ATC-PC Operating Account
,Cash-ATC-PC Operating Account,10/17/2024,Check 3161 Check,Ask My Accountant
Maria Curley,,,,
,Cash-ATC-PC Operating Account,10/22/2024,Check 3164 Check,Cash-ATC-PC Operating Account
,Cash-ATC-PC Operating Account,10/22/2024,Check 3164 Check,Ask My Accountant
Mazzone Hospitality,,,,
,Cash-ATC-PC Operating Account,10/25/2024,Check 1002 Check,Cash-ATC-PC Operating Account
,Cash-ATC-PC Operating Account,10/25/2024,Check 1002 Check,Shareholder Distribution
NYC Comptroller,,,,
,Cash-ATC-PC Operating Account,10/29/2024,Check 3128 Check,Cash-ATC-PC Operating Account
,Cash-ATC-PC Operating Account,10/29/2024,Check 3128 Check,Prepaid Client expenses
Panera Bread,,,,
,Cash-ATC-PC Operating Account,11/01/2024,POS Purchase Non-PIN PANERA BREAD #600778 P SARATOGA SPRI NY INP700 *****9214 10/31 04:55,Cash-ATC-PC Operating Account
,Cash-ATC-PC Operating Account,11/01/2024,POS Purchase Non-PIN PANERA BREAD #600778 P SARATOGA SPRI NY INP700 *****9214 10/31 04:55,Meals and Entertainment
"Navin-Murray, Linda",,,,
,Cash-ATC-PC Operating Account,11/05/2024,MYCASE/Funds Disb MyCase,Cash-ATC-PC Operating Account
,Cash-ATC-PC Operating Account,11/05/2024,MYCASE/Funds Disb MyCase,Legal Fee Income
,Cash-ATC-PC Operating Account,11/07/2024,MyCase/WEB PMTS The Law Office of Juli,Cash-ATC-PC Operating Account
,Cash-ATC-PC Operating Account,11/07/2024,MyCase/WEB PMTS The Law Office of Juli,Prepaid Client expenses
"Nelson, Brett",,,,
,Cash-ATC-PC Operating Account,12/09/2024,Deposit,Cash-ATC-PC Operating Account
,Cash-ATC-PC Operating Account,12/09/2024,Deposit,Legal Fee Income
Gennaro's Pizza,,,,
,Cash-ATC-PC Operating Account,01/10/2025,POS Purchase Non-PIN GENNARO'S PIZZA PARLOR SARATOGA SPRI NY 650770 *****9214 01/09 00:09,Cash-ATC-PC Operating Account
,Cash-ATC-PC Operating Account,01/10/2025,POS Purchase Non-PIN GENNARO'S PIZZA PARLOR SARATOGA SPRI NY 650770 *****9214 01/09 00:09,Meals and Entertainment
Homegoods,,,,
,Cash-ATC-PC Operating Account,02/10/2025,POS Purchase Non-PIN HOMEGOODS # **** SARATOGA SPRI NY 114020 *****9214 02/08 16:32,Cash-ATC-PC Operating Account
,Cash-ATC-PC Operating Account,02/10/2025,POS Purchase Non-PIN HOMEGOODS # **** SARATOGA SPRI NY 114020 *****9214 02/08 16:32,Office Supplies
,Cash-ATC-PC Operating Account,06/30/2025,POS Purchase Non-PIN HOMEGOODS # **** SARATOGA SPRI NY IN2000 *****9214 06/28 04:32,Cash-ATC-PC Operating Account
,Cash-ATC-PC Operating Account,06/30/2025,POS Purchase Non-PIN HOMEGOODS # **** SARATOGA SPRI NY IN2000 *****9214 06/28 04:32,Office Supplies
,Cash-ATC-PC Operating Account,12/22/2025,POS Purchase Non-PIN HOMEGOODS # **** SARATOGA SPRI NY INC800 *****9214 12/21 06:48,Cash-ATC-PC Operating Account
,Cash-ATC-PC Operating Account,12/22/2025,POS Purchase Non-PIN HOMEGOODS # **** SARATOGA SPRI NY INC800 *****9214 12/21 06:48,Office Supplies
Kohl's,,,,
,Cash-ATC-PC Operating Account,02/10/2025,POS Purchase Non-PIN KOHL'S #1174 SARATOGA SPRI NY 107823 *****9214 02/08 00:45,Cash-ATC-PC Operating Account
,Cash-ATC-PC Operating Account,02/10/2025,POS Purchase Non-PIN KOHL'S #1174 SARATOGA SPRI NY 107823 *****9214 02/08 00:45,Shareholder Distribution
,Cash-ATC-PC Operating Account,11/24/2025,POS Purchase Non-PIN KOHL'S #1174 SARATOGA SPRI NY 13783216 *****9214 11/23 06:27,Cash-ATC-PC Operating Account
,Cash-ATC-PC Operating Account,11/24/2025,POS Purchase Non-PIN KOHL'S #1174 SARATOGA SPRI NY 13783216 *****9214 11/23 06:27,Shareholder Distribution
Christopher Nedwick,,,,
,Cash-ATC-PC Operating Account,06/11/2025,Nedwick Family bills TO: DDXXXX3165,Cash-ATC-PC Operating Account
,Cash-ATC-PC Operating Account,06/11/2025,Nedwick Family bills TO: DDXXXX3165,Shareholder Distribution
,Cash-ATC-PC Operating Account,07/11/2025,Nedwick Family bills TO: DDXXXX3165,Cash-ATC-PC Operating Account
,Cash-ATC-PC Operating Account,07/11/2025,Nedwick Family bills TO: DDXXXX3165,Shareholder Distribution
,Cash-ATC-PC Operating Account,07/16/2025,Nedwick family bills TO: DDXXXX3165,Cash-ATC-PC Operating Account
,Cash-ATC-PC Operating Account,07/16/2025,Nedwick family bills TO: DDXXXX3165,Shareholder Distribution
,Cash-ATC-PC Operating Account,07/16/2025,nedwick family bills TO: DDXXXX3165,Cash-ATC-PC Operating Account
,Cash-ATC-PC Operating Account,07/16/2025,nedwick family bills TO: DDXXXX3165,Shareholder Distribution
,Cash-ATC-PC Operating Account,07/31/2025,Nedwick Family bills TO: DDXXXX3165,Cash-ATC-PC Operating Account
,Cash-ATC-PC Operating Account,07/31/2025,Nedwick Family bills TO: DDXXXX3165,Shareholder Distribution
,Cash-ATC-PC Operating Account,08/28/2025,Nedwick Family bills TO: DDXXXX3165,Cash-ATC-PC Operating Account
,Cash-ATC-PC Operating Account,08/28/2025,Nedwick Family bills TO: DDXXXX3165,Shareholder Distribution
,Cash-ATC-PC Operating Account,09/10/2025,Nedwick Family Bills TO: DDXXXX3165,Cash-ATC-PC Operating Account
,Cash-ATC-PC Operating Account,09/10/2025,Nedwick Family Bills TO: DDXXXX3165,Shareholder Distribution
,Cash-ATC-PC Operating Account,09/23/2025,Nedwick family bills TO: DDXXXX3165,Cash-ATC-PC Operating Account
,Cash-ATC-PC Operating Account,09/23/2025,Nedwick family bills TO: DDXXXX3165,Shareholder Distribution
,Cash-ATC-PC Operating Account,10/07/2025,Nedwick bills TO: DDXXXX3165,Cash-ATC-PC Operating Account
,Cash-ATC-PC Operating Account,10/07/2025,Nedwick bills TO: DDXXXX3165,Shareholder Distribution
,Cash-ATC-PC Operating Account,11/25/2025,Nedwick Family bills TO: DDXXXX3165,Cash-ATC-PC Operating Account
,Cash-ATC-PC Operating Account,11/25/2025,Nedwick Family bills TO: DDXXXX3165,Shareholder Distribution
,Cash-ATC-PC Operating Account,11/25/2025,Nedwick Family bills TO: DDXXXX3165,Cash-ATC-PC Operating Account
,Cash-ATC-PC Operating Account,11/25/2025,Nedwick Family bills TO: DDXXXX3165,Shareholder Distribution
Franklin Square Market,,,,
,Cash-ATC-PC Operating Account,06/13/2025,POS Purchase Non-PIN FRANKLIN SQUARE MARKET SARATOGA SPRI NY 494767 *****9214 06/13 12:10,Cash-ATC-PC Operating Account
,Cash-ATC-PC Operating Account,06/13/2025,POS Purchase Non-PIN FRANKLIN SQUARE MARKET SARATOGA SPRI NY 494767 *****9214 06/13 12:10,Meals and Entertainment
,Cash-ATC-PC Operating Account,07/07/2025,POS Purchase Non-PIN FRANKLIN SQUARE MARKET SARATOGA SPRI NY 852228 *****9214 07/03 10:41,Cash-ATC-PC Operating Account
,Cash-ATC-PC Operating Account,07/07/2025,POS Purchase Non-PIN FRANKLIN SQUARE MARKET SARATOGA SPRI NY 852228 *****9214 07/03 10:41,Meals and Entertainment
,Cash-ATC-PC Operating Account,08/04/2025,POS Purchase Non-PIN FRANKLIN SQUARE MARKET SARATOGA SPRI NY 88344960 *****9214 08/02 11:44,Cash-ATC-PC Operating Account
,Cash-ATC-PC Operating Account,08/04/2025,POS Purchase Non-PIN FRANKLIN SQUARE MARKET SARATOGA SPRI NY 88344960 *****9214 08/02 11:44,Meals and Entertainment
,Cash-ATC-PC Operating Account,08/11/2025,POS Purchase With PIN FRANKLIN SQUARE MARKET SARATOGA SPRI NY 49476761 *****9214 08/09 10:24,Cash-ATC-PC Operating Account
,Cash-ATC-PC Operating Account,08/11/2025,POS Purchase With PIN FRANKLIN SQUARE MARKET SARATOGA SPRI NY 49476761 *****9214 08/09 10:24,Meals and Entertainment
,Cash-ATC-PC Operating Account,08/18/2025,POS Purchase Non-PIN FRANKLIN SQUARE MARKET SARATOGA SPRI NY 92105977 *****9214 08/15 13:09,Cash-ATC-PC Operating Account
,Cash-ATC-PC Operating Account,08/18/2025,POS Purchase Non-PIN FRANKLIN SQUARE MARKET SARATOGA SPRI NY 92105977 *****9214 08/15 13:09,Meals and Entertainment
,Cash-ATC-PC Operating Account,08/25/2025,POS Purchase Non-PIN FRANKLIN SQUARE MARKET SARATOGA SPRI NY 93620990 *****9214 08/22 09:58,Cash-ATC-PC Operating Account
,Cash-ATC-PC Operating Account,08/25/2025,POS Purchase Non-PIN FRANKLIN SQUARE MARKET SARATOGA SPRI NY 93620990 *****9214 08/22 09:58,Meals and Entertainment
,Cash-ATC-PC Operating Account,09/26/2025,POS Purchase Non-PIN TST* FRANKLIN SQUARE MA SARATOGA SPRI NY 91917422 *****9214 09/26 11:04,Cash-ATC-PC Operating Account
,Cash-ATC-PC Operating Account,09/26/2025,POS Purchase Non-PIN TST* FRANKLIN SQUARE MA SARATOGA SPRI NY 91917422 *****9214 09/26 11:04,Meals and Entertainment
,Cash-ATC-PC Operating Account,10/01/2025,POS Purchase Non-PIN TST* FRANKLIN SQUARE MA SARATOGA SPRI NY 87418914 *****9214 10/01 10:24,Cash-ATC-PC Operating Account
,Cash-ATC-PC Operating Account,10/01/2025,POS Purchase Non-PIN TST* FRANKLIN SQUARE MA SARATOGA SPRI NY 87418914 *****9214 10/01 10:24,Meals and Entertainment
,Cash-ATC-PC Operating Account,10/01/2025,POS Purchase With PIN FRANKLIN SQUARE MARKET SARATOGA SPRI NY 49476783 *****9214 09/30 17:28,Cash-ATC-PC Operating Account
,Cash-ATC-PC Operating Account,10/01/2025,POS Purchase With PIN FRANKLIN SQUARE MARKET SARATOGA SPRI NY 49476783 *****9214 09/30 17:28,Meals and Entertainment
,Cash-ATC-PC Operating Account,10/14/2025,POS Purchase Non-PIN FRANKLIN SQUARE MARKET SARATOGA SPRI NY 94042152 *****9214 10/10 12:27,Cash-ATC-PC Operating Account
,Cash-ATC-PC Operating Account,10/14/2025,POS Purchase Non-PIN FRANKLIN SQUARE MARKET SARATOGA SPRI NY 94042152 *****9214 10/10 12:27,Meals and Entertainment
,Cash-ATC-PC Operating Account,11/17/2025,POS Purchase Non-PIN FRANKLIN SQUARE MARKET SARATOGA SPRI NY 93386329 *****9214 11/14 17:56,Cash-ATC-PC Operating Account
,Cash-ATC-PC Operating Account,11/17/2025,POS Purchase Non-PIN FRANKLIN SQUARE MARKET SARATOGA SPRI NY 93386329 *****9214 11/14 17:56,Meals and Entertainment
,Cash-ATC-PC Operating Account,12/15/2025,POS Purchase Non-PIN FRANKLIN SQUARE MARKET SARATOGA SPRI NY 75543715 *****9214 12/14 09:39,Cash-ATC-PC Operating Account
,Cash-ATC-PC Operating Account,12/15/2025,POS Purchase Non-PIN FRANKLIN SQUARE MARKET SARATOGA SPRI NY 75543715 *****9214 12/14 09:39,Meals and Entertainment
,Cash-ATC-PC Operating Account,12/16/2025,POS Purchase Non-PIN FRANKLIN SQUARE MARKET SARATOGA SPRI NY 69956741 *****9214 12/15 09:54,Cash-ATC-PC Operating Account
,Cash-ATC-PC Operating Account,12/16/2025,POS Purchase Non-PIN FRANKLIN SQUARE MARKET SARATOGA SPRI NY 69956741 *****9214 12/15 09:54,Meals and Entertainment
,Cash-ATC-PC Operating Account,12/26/2025,POS Purchase Non-PIN TST* FRANKLIN SQUARE MA SARATOGA SPRI NY 88451740 *****9214 12/25 09:43,Cash-ATC-PC Operating Account
,Cash-ATC-PC Operating Account,12/26/2025,POS Purchase Non-PIN TST* FRANKLIN SQUARE MA SARATOGA SPRI NY 88451740 *****9214 12/25 09:43,Meals and Entertainment
Coach,,,,
,Cash-ATC-PC Operating Account,06/20/2025,POS Purchase Non-PIN COACH **** Lake George NY 048668 *****9214 06/19 16:26,Cash-ATC-PC Operating Account
,Cash-ATC-PC Operating Account,06/20/2025,POS Purchase Non-PIN COACH **** Lake George NY 048668 *****9214 06/19 16:26,Shareholder Distribution
Best Buy,,,,
,Cash-ATC-PC Operating Account,12/22/2025,POS Purchase Non-PIN BEST BUY 00005413 SARATOGA SPRI NY 064 *****9214 12/21 06:48,Cash-ATC-PC Operating Account
,Cash-ATC-PC Operating Account,12/22/2025,POS Purchase Non-PIN BEST BUY 00005413 SARATOGA SPRI NY 064 *****9214 12/21 06:48,Office expenses:Office supplies
,Cash-ATC-PC Operating Account,12/22/2025,POS Purchase Non-PIN BEST BUY 00005413 SARATOGA SPRI NY 064 *****9214 12/21 06:48,Cash-ATC-PC Operating Account
,Cash-ATC-PC Operating Account,12/22/2025,POS Purchase Non-PIN BEST BUY 00005413 SARATOGA SPRI NY 064 *****9214 12/21 06:48,Office expenses:Office supplies
Mrs. London's,,,,
,Cash-ATC-PC Operating Account,12/22/2025,POS Purchase Non-PIN MRS. LONDON`S SARATOGA SARATOGA SPRI NY IN0800 *****9214 12/20 22:56,Cash-ATC-PC Operating Account
,Cash-ATC-PC Operating Account,12/22/2025,POS Purchase Non-PIN MRS. LONDON`S SARATOGA SARATOGA SPRI NY IN0800 *****9214 12/20 22:56,Meals and Entertainment



" Thursday, January 29, 2026 03:17 PM GMTZ",,,,
